Connecting to jdbc:hive2://hadoop-03.uni.innopolis.ru:10001
2026-05-10 18:38:08,768 INFO jdbc.Utils: Supplied authorities: hadoop-03.uni.innopolis.ru:10001
2026-05-10 18:38:08,769 INFO jdbc.Utils: Resolved authority: hadoop-03.uni.innopolis.ru:10001
Connected to: Apache Hive (version 3.1.3)
Driver: Hive JDBC (version 2.3.9)
Transaction isolation: TRANSACTION_REPEATABLE_READ
INFO  : Compiling command(queryId=hive_20260510183809_01719548-a601-40ca-872d-6203d7f68f50): DROP DATABASE IF EXISTS team11_projectdb CASCADE
INFO  : Semantic Analysis Completed (retrial = false)
INFO  : Returning Hive schema: Schema(fieldSchemas:null, properties:null)
INFO  : EXPLAIN output for queryid hive_20260510183809_01719548-a601-40ca-872d-6203d7f68f50 : STAGE DEPENDENCIES:
  Stage-0 is a root stage [DDL]

STAGE PLANS:
  Stage: Stage-0


INFO  : Completed compiling command(queryId=hive_20260510183809_01719548-a601-40ca-872d-6203d7f68f50); Time taken: 0.189 seconds
INFO  : Executing command(queryId=hive_20260510183809_01719548-a601-40ca-872d-6203d7f68f50): DROP DATABASE IF EXISTS team11_projectdb CASCADE
INFO  : Starting task [Stage-0:DDL] in serial mode
INFO  : Completed executing command(queryId=hive_20260510183809_01719548-a601-40ca-872d-6203d7f68f50); Time taken: 2.372 seconds
INFO  : OK
No rows affected (2.791 seconds)
INFO  : Compiling command(queryId=hive_20260510183811_00867915-1606-44b1-a38b-fbbbfa4c6200): CREATE DATABASE team11_projectdb LOCATION "project/hive/warehouse"
INFO  : Semantic Analysis Completed (retrial = false)
INFO  : Returning Hive schema: Schema(fieldSchemas:null, properties:null)
INFO  : EXPLAIN output for queryid hive_20260510183811_00867915-1606-44b1-a38b-fbbbfa4c6200 : STAGE DEPENDENCIES:
  Stage-0 is a root stage [DDL]

STAGE PLANS:
  Stage: Stage-0


INFO  : Completed compiling command(queryId=hive_20260510183811_00867915-1606-44b1-a38b-fbbbfa4c6200); Time taken: 0.048 seconds
INFO  : Executing command(queryId=hive_20260510183811_00867915-1606-44b1-a38b-fbbbfa4c6200): CREATE DATABASE team11_projectdb LOCATION "project/hive/warehouse"
INFO  : Starting task [Stage-0:DDL] in serial mode
INFO  : Completed executing command(queryId=hive_20260510183811_00867915-1606-44b1-a38b-fbbbfa4c6200); Time taken: 0.017 seconds
INFO  : OK
No rows affected (0.09 seconds)
INFO  : Compiling command(queryId=hive_20260510183811_b4c37da5-881b-4fb0-8ea7-95a2d51702ba): USE team11_projectdb
INFO  : Semantic Analysis Completed (retrial = false)
INFO  : Returning Hive schema: Schema(fieldSchemas:null, properties:null)
INFO  : EXPLAIN output for queryid hive_20260510183811_b4c37da5-881b-4fb0-8ea7-95a2d51702ba : STAGE DEPENDENCIES:
  Stage-0 is a root stage [DDL]

STAGE PLANS:
  Stage: Stage-0


INFO  : Completed compiling command(queryId=hive_20260510183811_b4c37da5-881b-4fb0-8ea7-95a2d51702ba); Time taken: 0.026 seconds
INFO  : Executing command(queryId=hive_20260510183811_b4c37da5-881b-4fb0-8ea7-95a2d51702ba): USE team11_projectdb
INFO  : Starting task [Stage-0:DDL] in serial mode
INFO  : Completed executing command(queryId=hive_20260510183811_b4c37da5-881b-4fb0-8ea7-95a2d51702ba); Time taken: 0.007 seconds
INFO  : OK
No rows affected (0.038 seconds)
INFO  : Compiling command(queryId=hive_20260510183811_ef2be02d-e560-445b-be57-6329b39ccc9d): DROP TABLE IF EXISTS tracks
INFO  : Semantic Analysis Completed (retrial = false)
INFO  : Returning Hive schema: Schema(fieldSchemas:null, properties:null)
INFO  : EXPLAIN output for queryid hive_20260510183811_ef2be02d-e560-445b-be57-6329b39ccc9d : STAGE DEPENDENCIES:
  Stage-0 is a root stage [DDL]

STAGE PLANS:
  Stage: Stage-0
      Drop Table Operator:
        Drop Table
          table: tracks


INFO  : Completed compiling command(queryId=hive_20260510183811_ef2be02d-e560-445b-be57-6329b39ccc9d); Time taken: 0.03 seconds
INFO  : Executing command(queryId=hive_20260510183811_ef2be02d-e560-445b-be57-6329b39ccc9d): DROP TABLE IF EXISTS tracks
INFO  : Starting task [Stage-0:DDL] in serial mode
INFO  : Completed executing command(queryId=hive_20260510183811_ef2be02d-e560-445b-be57-6329b39ccc9d); Time taken: 0.004 seconds
INFO  : OK
No rows affected (0.057 seconds)
INFO  : Compiling command(queryId=hive_20260510183812_5a7ef6a5-63e4-40ee-95bf-b2dbae569d80): CREATE EXTERNAL TABLE tracks
STORED AS AVRO
LOCATION 'project/warehouse/tracks'
TBLPROPERTIES ('avro.schema.url'='project/warehouse/avsc/tracks.avsc')
INFO  : Semantic Analysis Completed (retrial = false)
INFO  : Returning Hive schema: Schema(fieldSchemas:null, properties:null)
INFO  : EXPLAIN output for queryid hive_20260510183812_5a7ef6a5-63e4-40ee-95bf-b2dbae569d80 : STAGE DEPENDENCIES:
  Stage-0 is a root stage [DDL]

STAGE PLANS:
  Stage: Stage-0
      Create Table Operator:
        Create Table
          input format: org.apache.hadoop.hive.ql.io.avro.AvroContainerInputFormat
          location: project/warehouse/tracks
          output format: org.apache.hadoop.hive.ql.io.avro.AvroContainerOutputFormat
          serde name: org.apache.hadoop.hive.serde2.avro.AvroSerDe
          name: team11_projectdb.tracks
          table properties:
            avro.schema.url project/warehouse/avsc/tracks.avsc
          isExternal: true


INFO  : Completed compiling command(queryId=hive_20260510183812_5a7ef6a5-63e4-40ee-95bf-b2dbae569d80); Time taken: 0.041 seconds
INFO  : Executing command(queryId=hive_20260510183812_5a7ef6a5-63e4-40ee-95bf-b2dbae569d80): CREATE EXTERNAL TABLE tracks
STORED AS AVRO
LOCATION 'project/warehouse/tracks'
TBLPROPERTIES ('avro.schema.url'='project/warehouse/avsc/tracks.avsc')
INFO  : Starting task [Stage-0:DDL] in serial mode
INFO  : Completed executing command(queryId=hive_20260510183812_5a7ef6a5-63e4-40ee-95bf-b2dbae569d80); Time taken: 0.041 seconds
INFO  : OK
No rows affected (0.123 seconds)
INFO  : Compiling command(queryId=hive_20260510183812_128269a8-ab0c-46a7-948d-4e595a76180b): DROP TABLE IF EXISTS interactions
INFO  : Semantic Analysis Completed (retrial = false)
INFO  : Returning Hive schema: Schema(fieldSchemas:null, properties:null)
INFO  : EXPLAIN output for queryid hive_20260510183812_128269a8-ab0c-46a7-948d-4e595a76180b : STAGE DEPENDENCIES:
  Stage-0 is a root stage [DDL]

STAGE PLANS:
  Stage: Stage-0
      Drop Table Operator:
        Drop Table
          table: interactions


INFO  : Completed compiling command(queryId=hive_20260510183812_128269a8-ab0c-46a7-948d-4e595a76180b); Time taken: 0.038 seconds
INFO  : Executing command(queryId=hive_20260510183812_128269a8-ab0c-46a7-948d-4e595a76180b): DROP TABLE IF EXISTS interactions
INFO  : Starting task [Stage-0:DDL] in serial mode
INFO  : Completed executing command(queryId=hive_20260510183812_128269a8-ab0c-46a7-948d-4e595a76180b); Time taken: 0.005 seconds
INFO  : OK
No rows affected (0.07 seconds)
INFO  : Compiling command(queryId=hive_20260510183812_e21f2488-9e56-4c8c-a482-0d4c6e0c19a9): CREATE EXTERNAL TABLE interactions
STORED AS AVRO
LOCATION 'project/warehouse/interactions'
TBLPROPERTIES ('avro.schema.url'='project/warehouse/avsc/interactions.avsc')
INFO  : Semantic Analysis Completed (retrial = false)
INFO  : Returning Hive schema: Schema(fieldSchemas:null, properties:null)
INFO  : EXPLAIN output for queryid hive_20260510183812_e21f2488-9e56-4c8c-a482-0d4c6e0c19a9 : STAGE DEPENDENCIES:
  Stage-0 is a root stage [DDL]

STAGE PLANS:
  Stage: Stage-0
      Create Table Operator:
        Create Table
          input format: org.apache.hadoop.hive.ql.io.avro.AvroContainerInputFormat
          location: project/warehouse/interactions
          output format: org.apache.hadoop.hive.ql.io.avro.AvroContainerOutputFormat
          serde name: org.apache.hadoop.hive.serde2.avro.AvroSerDe
          name: team11_projectdb.interactions
          table properties:
            avro.schema.url project/warehouse/avsc/interactions.avsc
          isExternal: true


INFO  : Completed compiling command(queryId=hive_20260510183812_e21f2488-9e56-4c8c-a482-0d4c6e0c19a9); Time taken: 0.056 seconds
INFO  : Executing command(queryId=hive_20260510183812_e21f2488-9e56-4c8c-a482-0d4c6e0c19a9): CREATE EXTERNAL TABLE interactions
STORED AS AVRO
LOCATION 'project/warehouse/interactions'
TBLPROPERTIES ('avro.schema.url'='project/warehouse/avsc/interactions.avsc')
INFO  : Starting task [Stage-0:DDL] in serial mode
INFO  : Completed executing command(queryId=hive_20260510183812_e21f2488-9e56-4c8c-a482-0d4c6e0c19a9); Time taken: 0.045 seconds
INFO  : OK
No rows affected (0.139 seconds)
INFO  : Compiling command(queryId=hive_20260510183812_3d288552-8121-4b81-a248-6e908565fbf5): SHOW TABLES
INFO  : Semantic Analysis Completed (retrial = false)
INFO  : Returning Hive schema: Schema(fieldSchemas:[FieldSchema(name:tab_name, type:string, comment:from deserializer)], properties:null)
INFO  : EXPLAIN output for queryid hive_20260510183812_3d288552-8121-4b81-a248-6e908565fbf5 : STAGE DEPENDENCIES:
  Stage-0 is a root stage [DDL]
  Stage-1 depends on stages: Stage-0 [FETCH]

STAGE PLANS:
  Stage: Stage-0
      Show Table Operator:
        Show Tables
          database name: team11_projectdb
          result file: file:/tmp/hive/60618785-290c-4039-96d8-5fbead9f38ea/hive_2026-05-10_18-38-12_498_1068665018662174828-2224/-local-10000

  Stage: Stage-1
    Fetch Operator
      limit: -1
      Processor Tree:
        ListSink


INFO  : Completed compiling command(queryId=hive_20260510183812_3d288552-8121-4b81-a248-6e908565fbf5); Time taken: 0.017 seconds
INFO  : Executing command(queryId=hive_20260510183812_3d288552-8121-4b81-a248-6e908565fbf5): SHOW TABLES
INFO  : Starting task [Stage-0:DDL] in serial mode
INFO  : Completed executing command(queryId=hive_20260510183812_3d288552-8121-4b81-a248-6e908565fbf5); Time taken: 0.005 seconds
INFO  : OK
2 rows selected (0.088 seconds)
INFO  : Compiling command(queryId=hive_20260510183812_4dc11dfc-929f-4b70-84c6-d785cec51716): SELECT 'tracks_count'       AS metric, COUNT(*) AS value FROM tracks
INFO  : Semantic Analysis Completed (retrial = false)
INFO  : Returning Hive schema: Schema(fieldSchemas:[FieldSchema(name:metric, type:string, comment:null), FieldSchema(name:value, type:bigint, comment:null)], properties:null)
INFO  : EXPLAIN output for queryid hive_20260510183812_4dc11dfc-929f-4b70-84c6-d785cec51716 : STAGE DEPENDENCIES:
  Stage-1 is a root stage [MAPRED]
  Stage-0 depends on stages: Stage-1 [FETCH]

STAGE PLANS:
  Stage: Stage-1
    Tez
      DagId: hive_20260510183812_4dc11dfc-929f-4b70-84c6-d785cec51716:4546
      Edges:
        Reducer 2 <- Map 1 (CUSTOM_SIMPLE_EDGE)
      DagName: hive_20260510183812_4dc11dfc-929f-4b70-84c6-d785cec51716:4546
      Vertices:
        Map 1 
            Map Operator Tree:
                TableScan
                  alias: tracks
                  Statistics: Num rows: 1654359 Data size: 1641124480 Basic stats: COMPLETE Column stats: COMPLETE
                  GatherStats: false
                  Select Operator
                    Statistics: Num rows: 1654359 Data size: 1641124480 Basic stats: COMPLETE Column stats: COMPLETE
                    Group By Operator
                      aggregations: count()
                      mode: hash
                      outputColumnNames: _col0
                      Statistics: Num rows: 1 Data size: 8 Basic stats: COMPLETE Column stats: COMPLETE
                      Reduce Output Operator
                        null sort order: 
                        sort order: 
                        Statistics: Num rows: 1 Data size: 8 Basic stats: COMPLETE Column stats: COMPLETE
                        tag: -1
                        value expressions: _col0 (type: bigint)
                        auto parallelism: false
            Execution mode: vectorized
            Path -> Alias:
              hdfs://hadoop-02.uni.innopolis.ru:8020/user/team11/project/warehouse/tracks [tracks]
            Path -> Partition:
              hdfs://hadoop-02.uni.innopolis.ru:8020/user/team11/project/warehouse/tracks 
                Partition
                  base file name: tracks
                  input format: org.apache.hadoop.hive.ql.io.avro.AvroContainerInputFormat
                  output format: org.apache.hadoop.hive.ql.io.avro.AvroContainerOutputFormat
                  properties:
                    EXTERNAL TRUE
                    avro.schema.url project/warehouse/avsc/tracks.avsc
                    bucket_count -1
                    bucketing_version 2
                    column.name.delimiter ,
                    columns id,name,album,album_id,artists,artist_ids,track_number,disc_number,explicit,danceability,energy,key,loudness,mode,speechiness,acousticness,instrumentalness,liveness,valence,tempo,duration_ms,time_signature,year,release_date
                    columns.comments 
                    columns.types string:string:string:string:string:string:int:int:boolean:double:double:int:double:int:double:double:double:double:double:double:int:double:int:string
                    file.inputformat org.apache.hadoop.hive.ql.io.avro.AvroContainerInputFormat
                    file.outputformat org.apache.hadoop.hive.ql.io.avro.AvroContainerOutputFormat
                    location hdfs://hadoop-02.uni.innopolis.ru:8020/user/team11/project/warehouse/tracks
                    name team11_projectdb.tracks
                    numFiles 1
                    serialization.ddl struct tracks { string id, string name, string album, string album_id, string artists, string artist_ids, i32 track_number, i32 disc_number, bool explicit, double danceability, double energy, i32 key, double loudness, i32 mode, double speechiness, double acousticness, double instrumentalness, double liveness, double valence, double tempo, i32 duration_ms, double time_signature, i32 year, string release_date}
                    serialization.format 1
                    serialization.lib org.apache.hadoop.hive.serde2.avro.AvroSerDe
                    totalSize 164112455
                    transient_lastDdlTime 1778427492
                  serde: org.apache.hadoop.hive.serde2.avro.AvroSerDe
                
                    input format: org.apache.hadoop.hive.ql.io.avro.AvroContainerInputFormat
                    output format: org.apache.hadoop.hive.ql.io.avro.AvroContainerOutputFormat
                    properties:
                      EXTERNAL TRUE
                      avro.schema.literal {"type":"record","name":"tracks","doc":"Sqoop import of tracks","fields":[{"name":"id","type":["null","string"],"default":null,"columnName":"id","sqlType":"12"},{"name":"name","type":["null","string"],"default":null,"columnName":"name","sqlType":"12"},{"name":"album","type":["null","string"],"default":null,"columnName":"album","sqlType":"12"},{"name":"album_id","type":["null","string"],"default":null,"columnName":"album_id","sqlType":"12"},{"name":"artists","type":["null","string"],"default":null,"columnName":"artists","sqlType":"12"},{"name":"artist_ids","type":["null","string"],"default":null,"columnName":"artist_ids","sqlType":"12"},{"name":"track_number","type":["null","int"],"default":null,"columnName":"track_number","sqlType":"4"},{"name":"disc_number","type":["null","int"],"default":null,"columnName":"disc_number","sqlType":"4"},{"name":"explicit","type":["null","boolean"],"default":null,"columnName":"explicit","sqlType":"-7"},{"name":"danceability","type":["null","double"],"default":null,"columnName":"danceability","sqlType":"8"},{"name":"energy","type":["null","double"],"default":null,"columnName":"energy","sqlType":"8"},{"name":"key","type":["null","int"],"default":null,"columnName":"key","sqlType":"4"},{"name":"loudness","type":["null","double"],"default":null,"columnName":"loudness","sqlType":"8"},{"name":"mode","type":["null","int"],"default":null,"columnName":"mode","sqlType":"4"},{"name":"speechiness","type":["null","double"],"default":null,"columnName":"speechiness","sqlType":"8"},{"name":"acousticness","type":["null","double"],"default":null,"columnName":"acousticness","sqlType":"8"},{"name":"instrumentalness","type":["null","double"],"default":null,"columnName":"instrumentalness","sqlType":"8"},{"name":"liveness","type":["null","double"],"default":null,"columnName":"liveness","sqlType":"8"},{"name":"valence","type":["null","double"],"default":null,"columnName":"valence","sqlType":"8"},{"name":"tempo","type":["null","double"],"default":null,"columnName":"tempo","sqlType":"8"},{"name":"duration_ms","type":["null","int"],"default":null,"columnName":"duration_ms","sqlType":"4"},{"name":"time_signature","type":["null","double"],"default":null,"columnName":"time_signature","sqlType":"8"},{"name":"year","type":["null","int"],"default":null,"columnName":"year","sqlType":"4"},{"name":"release_date","type":["null","string"],"default":null,"columnName":"release_date","sqlType":"12"}],"tableName":"tracks"}
                      avro.schema.url project/warehouse/avsc/tracks.avsc
                      bucket_count -1
                      bucketing_version 2
                      column.name.delimiter ,
                      columns id,name,album,album_id,artists,artist_ids,track_number,disc_number,explicit,danceability,energy,key,loudness,mode,speechiness,acousticness,instrumentalness,liveness,valence,tempo,duration_ms,time_signature,year,release_date
                      columns.comments 
                      columns.types string:string:string:string:string:string:int:int:boolean:double:double:int:double:int:double:double:double:double:double:double:int:double:int:string
                      file.inputformat org.apache.hadoop.hive.ql.io.avro.AvroContainerInputFormat
                      file.outputformat org.apache.hadoop.hive.ql.io.avro.AvroContainerOutputFormat
                      location hdfs://hadoop-02.uni.innopolis.ru:8020/user/team11/project/warehouse/tracks
                      name team11_projectdb.tracks
                      numFiles 1
                      serialization.ddl struct tracks { string id, string name, string album, string album_id, string artists, string artist_ids, i32 track_number, i32 disc_number, bool explicit, double danceability, double energy, i32 key, double loudness, i32 mode, double speechiness, double acousticness, double instrumentalness, double liveness, double valence, double tempo, i32 duration_ms, double time_signature, i32 year, string release_date}
                      serialization.format 1
                      serialization.lib org.apache.hadoop.hive.serde2.avro.AvroSerDe
                      totalSize 164112455
                      transient_lastDdlTime 1778427492
                    serde: org.apache.hadoop.hive.serde2.avro.AvroSerDe
                    name: team11_projectdb.tracks
                  name: team11_projectdb.tracks
            Truncated Path -> Alias:
              hdfs://hadoop-02.uni.innopolis.ru:8020/user/team11/project/warehouse/tracks [tracks]
        Reducer 2 
            Execution mode: vectorized
            Needs Tagging: false
            Reduce Operator Tree:
              Group By Operator
                aggregations: count(VALUE._col0)
                mode: mergepartial
                outputColumnNames: _col0
                Statistics: Num rows: 1 Data size: 8 Basic stats: COMPLETE Column stats: COMPLETE
                Select Operator
                  expressions: 'tracks_count' (type: string), _col0 (type: bigint)
                  outputColumnNames: _col0, _col1
                  Statistics: Num rows: 1 Data size: 104 Basic stats: COMPLETE Column stats: COMPLETE
                  File Output Operator
                    compressed: false
                    GlobalTableId: 0
                    directory: hdfs://hadoop-02.uni.innopolis.ru:8020/tmp/hive/team11/60618785-290c-4039-96d8-5fbead9f38ea/hive_2026-05-10_18-38-12_565_9130821335868163380-2224/-mr-10001/.hive-staging_hive_2026-05-10_18-38-12_565_9130821335868163380-2224/-ext-10002
                    NumFilesPerFileSink: 1
                    Statistics: Num rows: 1 Data size: 104 Basic stats: COMPLETE Column stats: COMPLETE
                    Stats Publishing Key Prefix: hdfs://hadoop-02.uni.innopolis.ru:8020/tmp/hive/team11/60618785-290c-4039-96d8-5fbead9f38ea/hive_2026-05-10_18-38-12_565_9130821335868163380-2224/-mr-10001/.hive-staging_hive_2026-05-10_18-38-12_565_9130821335868163380-2224/-ext-10002/
                    table:
                        input format: org.apache.hadoop.mapred.SequenceFileInputFormat
                        output format: org.apache.hadoop.hive.ql.io.HiveSequenceFileOutputFormat
                        properties:
                          columns _col0,_col1
                          columns.types string:bigint
                          escape.delim \
                          hive.serialization.extend.additional.nesting.levels true
                          serialization.escape.crlf true
                          serialization.format 1
                          serialization.lib org.apache.hadoop.hive.serde2.lazy.LazySimpleSerDe
                        serde: org.apache.hadoop.hive.serde2.lazy.LazySimpleSerDe
                    TotalFiles: 1
                    GatherStats: false
                    MultiFileSpray: false

  Stage: Stage-0
    Fetch Operator
      limit: -1
      Processor Tree:
        ListSink


INFO  : Completed compiling command(queryId=hive_20260510183812_4dc11dfc-929f-4b70-84c6-d785cec51716); Time taken: 0.243 seconds
INFO  : Executing command(queryId=hive_20260510183812_4dc11dfc-929f-4b70-84c6-d785cec51716): SELECT 'tracks_count'       AS metric, COUNT(*) AS value FROM tracks
INFO  : Query ID = hive_20260510183812_4dc11dfc-929f-4b70-84c6-d785cec51716
INFO  : Total jobs = 1
INFO  : Launching Job 1 out of 1
INFO  : Starting task [Stage-1:MAPRED] in serial mode
INFO  : Subscribed to counters: [] for queryId: hive_20260510183812_4dc11dfc-929f-4b70-84c6-d785cec51716
INFO  : Tez session hasn't been created yet. Opening session
INFO  : Dag name: SELECT 'tracks_count'       AS metr...tracks (Stage-1)
INFO  : Status: Running (Executing on YARN cluster with App id application_1777989965680_4792)

[2K----------------------------------------------------------------------------------------------
[2K[36;1m        VERTICES      MODE        STATUS  TOTAL  COMPLETED  RUNNING  PENDING  FAILED  KILLED  
[22;0m[2K----------------------------------------------------------------------------------------------
[2KMap 1            container        INITED      4          0        0        4       0       0  
Reducer 2        container        INITED      1          0        0        1       0       0  
[2K----------------------------------------------------------------------------------------------
[2K[31;1mVERTICES: 00/02  [>>--------------------------] 0%    ELAPSED TIME: 1.00 s     
[22;0m[2K----------------------------------------------------------------------------------------------
[8A[2K----------------------------------------------------------------------------------------------
[2K[36;1m        VERTICES      MODE        STATUS  TOTAL  COMPLETED  RUNNING  PENDING  FAILED  KILLED  
[22;0m[2K----------------------------------------------------------------------------------------------
[2KMap 1            container        INITED      4          0        0        4       0       0  
Reducer 2        container        INITED      1          0        0        1       0       0  
[2K----------------------------------------------------------------------------------------------
[2K[31;1mVERTICES: 00/02  [>>--------------------------] 0%    ELAPSED TIME: 1.50 s     
[22;0m[2K----------------------------------------------------------------------------------------------
[8A[2K----------------------------------------------------------------------------------------------
[2K[36;1m        VERTICES      MODE        STATUS  TOTAL  COMPLETED  RUNNING  PENDING  FAILED  KILLED  
[22;0m[2K----------------------------------------------------------------------------------------------
[2KMap 1            container        INITED      4          0        0        4       0       0  
Reducer 2        container        INITED      1          0        0        1       0       0  
[2K----------------------------------------------------------------------------------------------
[2K[31;1mVERTICES: 00/02  [>>--------------------------] 0%    ELAPSED TIME: 2.01 s     
[22;0m[2K----------------------------------------------------------------------------------------------
[8A[2K----------------------------------------------------------------------------------------------
[2K[36;1m        VERTICES      MODE        STATUS  TOTAL  COMPLETED  RUNNING  PENDING  FAILED  KILLED  
[22;0m[2K----------------------------------------------------------------------------------------------
[2KMap 1            container        INITED      4          0        0        4       0       0  
Reducer 2        container        INITED      1          0        0        1       0       0  
[2K----------------------------------------------------------------------------------------------
[2K[31;1mVERTICES: 00/02  [>>--------------------------] 0%    ELAPSED TIME: 2.51 s     
[22;0m[2K----------------------------------------------------------------------------------------------
[8A[2K----------------------------------------------------------------------------------------------
[2K[36;1m        VERTICES      MODE        STATUS  TOTAL  COMPLETED  RUNNING  PENDING  FAILED  KILLED  
[22;0m[2K----------------------------------------------------------------------------------------------
[2KMap 1            container       RUNNING      4          0        4        0       0       0  
Reducer 2        container        INITED      1          0        0        1       0       0  
[2K----------------------------------------------------------------------------------------------
[2K[31;1mVERTICES: 00/02  [>>--------------------------] 0%    ELAPSED TIME: 3.01 s     
[22;0m[2K----------------------------------------------------------------------------------------------
[8A[2K----------------------------------------------------------------------------------------------
[2K[36;1m        VERTICES      MODE        STATUS  TOTAL  COMPLETED  RUNNING  PENDING  FAILED  KILLED  
[22;0m[2K----------------------------------------------------------------------------------------------
[2KMap 1            container       RUNNING      4          0        4        0       0       0  
Reducer 2        container        INITED      1          0        0        1       0       0  
[2K----------------------------------------------------------------------------------------------
[2K[31;1mVERTICES: 00/02  [>>--------------------------] 0%    ELAPSED TIME: 3.52 s     
[22;0m[2K----------------------------------------------------------------------------------------------
[8A[2K----------------------------------------------------------------------------------------------
[2K[36;1m        VERTICES      MODE        STATUS  TOTAL  COMPLETED  RUNNING  PENDING  FAILED  KILLED  
[22;0m[2K----------------------------------------------------------------------------------------------
[2KMap 1            container       RUNNING      4          0        4        0       0       0  
Reducer 2        container        INITED      1          0        0        1       0       0  
[2K----------------------------------------------------------------------------------------------
[2K[31;1mVERTICES: 00/02  [>>--------------------------] 0%    ELAPSED TIME: 4.02 s     
[22;0m[2K----------------------------------------------------------------------------------------------
[8A[2K----------------------------------------------------------------------------------------------
[2K[36;1m        VERTICES      MODE        STATUS  TOTAL  COMPLETED  RUNNING  PENDING  FAILED  KILLED  
[22;0m[2K----------------------------------------------------------------------------------------------
[2KMap 1            container       RUNNING      4          0        4        0       0       0  
Reducer 2        container        INITED      1          0        0        1       0       0  
[2K----------------------------------------------------------------------------------------------
[2K[31;1mVERTICES: 00/02  [>>--------------------------] 0%    ELAPSED TIME: 4.52 s     
[22;0m[2K----------------------------------------------------------------------------------------------
[8A[2K----------------------------------------------------------------------------------------------
[2K[36;1m        VERTICES      MODE        STATUS  TOTAL  COMPLETED  RUNNING  PENDING  FAILED  KILLED  
[22;0m[2K----------------------------------------------------------------------------------------------
[2KMap 1            container       RUNNING      4          0        4        0       0       0  
Reducer 2        container        INITED      1          0        0        1       0       0  
[2K----------------------------------------------------------------------------------------------
[2K[31;1mVERTICES: 00/02  [>>--------------------------] 0%    ELAPSED TIME: 5.03 s     
[22;0m[2K----------------------------------------------------------------------------------------------
[8A[2K----------------------------------------------------------------------------------------------
[2K[36;1m        VERTICES      MODE        STATUS  TOTAL  COMPLETED  RUNNING  PENDING  FAILED  KILLED  
[22;0m[2K----------------------------------------------------------------------------------------------
[2KMap 1 ..         container       RUNNING      4          1        3        0       0       0  
Reducer 2        container       RUNNING      1          0        1        0       0       0  
[2K----------------------------------------------------------------------------------------------
[2K[31;1mVERTICES: 00/02  [=====>>---------------------] 20%   ELAPSED TIME: 5.53 s     
[22;0m[2K----------------------------------------------------------------------------------------------
[8A[2K----------------------------------------------------------------------------------------------
[2K[36;1m        VERTICES      MODE        STATUS  TOTAL  COMPLETED  RUNNING  PENDING  FAILED  KILLED  
[22;0m[2K----------------------------------------------------------------------------------------------
[2KMap 1 ..         container       RUNNING      4          1        3        0       0       0  
Reducer 2        container       RUNNING      1          0        1        0       0       0  
[2K----------------------------------------------------------------------------------------------
[2K[31;1mVERTICES: 00/02  [=====>>---------------------] 20%   ELAPSED TIME: 6.03 s     
[22;0m[2K----------------------------------------------------------------------------------------------
[8A[2K----------------------------------------------------------------------------------------------
[2K[36;1m        VERTICES      MODE        STATUS  TOTAL  COMPLETED  RUNNING  PENDING  FAILED  KILLED  
[22;0m[2K----------------------------------------------------------------------------------------------
[2KMap 1 ..         container       RUNNING      4          1        3        0       0       0  
Reducer 2        container       RUNNING      1          0        1        0       0       0  
[2K----------------------------------------------------------------------------------------------
[2K[31;1mVERTICES: 00/02  [=====>>---------------------] 20%   ELAPSED TIME: 7.03 s     
[22;0m[2K----------------------------------------------------------------------------------------------
[8A[2K----------------------------------------------------------------------------------------------
[2K[36;1m        VERTICES      MODE        STATUS  TOTAL  COMPLETED  RUNNING  PENDING  FAILED  KILLED  
[22;0m[2K----------------------------------------------------------------------------------------------
[2KMap 1 .......... container     SUCCEEDED      4          4        0        0       0       0  
Reducer 2 ...... container     SUCCEEDED      1          1        0        0       0       0  
[2K----------------------------------------------------------------------------------------------
[2K[31;1mVERTICES: 02/02  [==========================>>] 100%  ELAPSED TIME: 7.84 s     
[22;0m[2K----------------------------------------------------------------------------------------------
INFO  : Completed executing command(queryId=hive_20260510183812_4dc11dfc-929f-4b70-84c6-d785cec51716); Time taken: 11.898 seconds
INFO  : OK
1 row selected (12.237 seconds)
INFO  : Compiling command(queryId=hive_20260510183824_4f3ec13d-f8ce-434c-bdaa-05824edd1488): SELECT 'interactions_count' AS metric, COUNT(*) AS value FROM interactions
INFO  : Semantic Analysis Completed (retrial = false)
INFO  : Returning Hive schema: Schema(fieldSchemas:[FieldSchema(name:metric, type:string, comment:null), FieldSchema(name:value, type:bigint, comment:null)], properties:null)
INFO  : EXPLAIN output for queryid hive_20260510183824_4f3ec13d-f8ce-434c-bdaa-05824edd1488 : STAGE DEPENDENCIES:
  Stage-1 is a root stage [MAPRED]
  Stage-0 depends on stages: Stage-1 [FETCH]

STAGE PLANS:
  Stage: Stage-1
    Tez
      DagId: hive_20260510183824_4f3ec13d-f8ce-434c-bdaa-05824edd1488:4548
      Edges:
        Reducer 2 <- Map 1 (CUSTOM_SIMPLE_EDGE)
      DagName: hive_20260510183824_4f3ec13d-f8ce-434c-bdaa-05824edd1488:4548
      Vertices:
        Map 1 
            Map Operator Tree:
                TableScan
                  alias: interactions
                  Statistics: Num rows: 9468915 Data size: 3787566336 Basic stats: COMPLETE Column stats: COMPLETE
                  GatherStats: false
                  Select Operator
                    Statistics: Num rows: 9468915 Data size: 3787566336 Basic stats: COMPLETE Column stats: COMPLETE
                    Group By Operator
                      aggregations: count()
                      mode: hash
                      outputColumnNames: _col0
                      Statistics: Num rows: 1 Data size: 8 Basic stats: COMPLETE Column stats: COMPLETE
                      Reduce Output Operator
                        null sort order: 
                        sort order: 
                        Statistics: Num rows: 1 Data size: 8 Basic stats: COMPLETE Column stats: COMPLETE
                        tag: -1
                        value expressions: _col0 (type: bigint)
                        auto parallelism: false
            Execution mode: vectorized
            Path -> Alias:
              hdfs://hadoop-02.uni.innopolis.ru:8020/user/team11/project/warehouse/interactions [interactions]
            Path -> Partition:
              hdfs://hadoop-02.uni.innopolis.ru:8020/user/team11/project/warehouse/interactions 
                Partition
                  base file name: interactions
                  input format: org.apache.hadoop.hive.ql.io.avro.AvroContainerInputFormat
                  output format: org.apache.hadoop.hive.ql.io.avro.AvroContainerOutputFormat
                  properties:
                    EXTERNAL TRUE
                    avro.schema.url project/warehouse/avsc/interactions.avsc
                    bucket_count -1
                    bucketing_version 2
                    column.name.delimiter ,
                    columns id,user_id,item_id,interaction_flag,ts
                    columns.comments 
                    columns.types int:string:string:int:bigint
                    file.inputformat org.apache.hadoop.hive.ql.io.avro.AvroContainerInputFormat
                    file.outputformat org.apache.hadoop.hive.ql.io.avro.AvroContainerOutputFormat
                    location hdfs://hadoop-02.uni.innopolis.ru:8020/user/team11/project/warehouse/interactions
                    name team11_projectdb.interactions
                    numFiles 1
                    serialization.ddl struct interactions { i32 id, string user_id, string item_id, i32 interaction_flag, i64 ts}
                    serialization.format 1
                    serialization.lib org.apache.hadoop.hive.serde2.avro.AvroSerDe
                    totalSize 378756646
                    transient_lastDdlTime 1778427492
                  serde: org.apache.hadoop.hive.serde2.avro.AvroSerDe
                
                    input format: org.apache.hadoop.hive.ql.io.avro.AvroContainerInputFormat
                    output format: org.apache.hadoop.hive.ql.io.avro.AvroContainerOutputFormat
                    properties:
                      EXTERNAL TRUE
                      avro.schema.literal {"type":"record","name":"interactions","doc":"Sqoop import of interactions","fields":[{"name":"id","type":["null","int"],"default":null,"columnName":"id","sqlType":"4"},{"name":"user_id","type":["null","string"],"default":null,"columnName":"user_id","sqlType":"12"},{"name":"item_id","type":["null","string"],"default":null,"columnName":"item_id","sqlType":"12"},{"name":"interaction_flag","type":["null","int"],"default":null,"columnName":"interaction_flag","sqlType":"4"},{"name":"ts","type":["null","long"],"default":null,"columnName":"ts","sqlType":"-5"}],"tableName":"interactions"}
                      avro.schema.url project/warehouse/avsc/interactions.avsc
                      bucket_count -1
                      bucketing_version 2
                      column.name.delimiter ,
                      columns id,user_id,item_id,interaction_flag,ts
                      columns.comments 
                      columns.types int:string:string:int:bigint
                      file.inputformat org.apache.hadoop.hive.ql.io.avro.AvroContainerInputFormat
                      file.outputformat org.apache.hadoop.hive.ql.io.avro.AvroContainerOutputFormat
                      location hdfs://hadoop-02.uni.innopolis.ru:8020/user/team11/project/warehouse/interactions
                      name team11_projectdb.interactions
                      numFiles 1
                      serialization.ddl struct interactions { i32 id, string user_id, string item_id, i32 interaction_flag, i64 ts}
                      serialization.format 1
                      serialization.lib org.apache.hadoop.hive.serde2.avro.AvroSerDe
                      totalSize 378756646
                      transient_lastDdlTime 1778427492
                    serde: org.apache.hadoop.hive.serde2.avro.AvroSerDe
                    name: team11_projectdb.interactions
                  name: team11_projectdb.interactions
            Truncated Path -> Alias:
              hdfs://hadoop-02.uni.innopolis.ru:8020/user/team11/project/warehouse/interactions [interactions]
        Reducer 2 
            Execution mode: vectorized
            Needs Tagging: false
            Reduce Operator Tree:
              Group By Operator
                aggregations: count(VALUE._col0)
                mode: mergepartial
                outputColumnNames: _col0
                Statistics: Num rows: 1 Data size: 8 Basic stats: COMPLETE Column stats: COMPLETE
                Select Operator
                  expressions: 'interactions_count' (type: string), _col0 (type: bigint)
                  outputColumnNames: _col0, _col1
                  Statistics: Num rows: 1 Data size: 110 Basic stats: COMPLETE Column stats: COMPLETE
                  File Output Operator
                    compressed: false
                    GlobalTableId: 0
                    directory: hdfs://hadoop-02.uni.innopolis.ru:8020/tmp/hive/team11/60618785-290c-4039-96d8-5fbead9f38ea/hive_2026-05-10_18-38-24_852_382207195467034451-2224/-mr-10001/.hive-staging_hive_2026-05-10_18-38-24_852_382207195467034451-2224/-ext-10002
                    NumFilesPerFileSink: 1
                    Statistics: Num rows: 1 Data size: 110 Basic stats: COMPLETE Column stats: COMPLETE
                    Stats Publishing Key Prefix: hdfs://hadoop-02.uni.innopolis.ru:8020/tmp/hive/team11/60618785-290c-4039-96d8-5fbead9f38ea/hive_2026-05-10_18-38-24_852_382207195467034451-2224/-mr-10001/.hive-staging_hive_2026-05-10_18-38-24_852_382207195467034451-2224/-ext-10002/
                    table:
                        input format: org.apache.hadoop.mapred.SequenceFileInputFormat
                        output format: org.apache.hadoop.hive.ql.io.HiveSequenceFileOutputFormat
                        properties:
                          columns _col0,_col1
                          columns.types string:bigint
                          escape.delim \
                          hive.serialization.extend.additional.nesting.levels true
                          serialization.escape.crlf true
                          serialization.format 1
                          serialization.lib org.apache.hadoop.hive.serde2.lazy.LazySimpleSerDe
                        serde: org.apache.hadoop.hive.serde2.lazy.LazySimpleSerDe
                    TotalFiles: 1
                    GatherStats: false
                    MultiFileSpray: false

  Stage: Stage-0
    Fetch Operator
      limit: -1
      Processor Tree:
        ListSink


INFO  : Completed compiling command(queryId=hive_20260510183824_4f3ec13d-f8ce-434c-bdaa-05824edd1488); Time taken: 0.817 seconds
INFO  : Executing command(queryId=hive_20260510183824_4f3ec13d-f8ce-434c-bdaa-05824edd1488): SELECT 'interactions_count' AS metric, COUNT(*) AS value FROM interactions
INFO  : Query ID = hive_20260510183824_4f3ec13d-f8ce-434c-bdaa-05824edd1488
INFO  : Total jobs = 1
INFO  : Launching Job 1 out of 1
INFO  : Starting task [Stage-1:MAPRED] in serial mode
INFO  : Subscribed to counters: [] for queryId: hive_20260510183824_4f3ec13d-f8ce-434c-bdaa-05824edd1488
INFO  : Session is already open
INFO  : Dag name: SELECT 'interactions_count' A...interactions (Stage-1)
INFO  : Status: Running (Executing on YARN cluster with App id application_1777989965680_4792)

[2K----------------------------------------------------------------------------------------------
[2K[36;1m        VERTICES      MODE        STATUS  TOTAL  COMPLETED  RUNNING  PENDING  FAILED  KILLED  
[22;0m[2K----------------------------------------------------------------------------------------------
[2KMap 1            container       RUNNING      8          0        4        4       0       0  
Reducer 2        container        INITED      1          0        0        1       0       0  
[2K----------------------------------------------------------------------------------------------
[2K[31;1mVERTICES: 00/02  [>>--------------------------] 0%    ELAPSED TIME: 0.79 s     
[22;0m[2K----------------------------------------------------------------------------------------------
[8A[2K----------------------------------------------------------------------------------------------
[2K[36;1m        VERTICES      MODE        STATUS  TOTAL  COMPLETED  RUNNING  PENDING  FAILED  KILLED  
[22;0m[2K----------------------------------------------------------------------------------------------
[2KMap 1            container       RUNNING      8          0        4        4       0       0  
Reducer 2        container        INITED      1          0        0        1       0       0  
[2K----------------------------------------------------------------------------------------------
[2K[31;1mVERTICES: 00/02  [>>--------------------------] 0%    ELAPSED TIME: 1.29 s     
[22;0m[2K----------------------------------------------------------------------------------------------
[8A[2K----------------------------------------------------------------------------------------------
[2K[36;1m        VERTICES      MODE        STATUS  TOTAL  COMPLETED  RUNNING  PENDING  FAILED  KILLED  
[22;0m[2K----------------------------------------------------------------------------------------------
[2KMap 1            container       RUNNING      8          0        4        4       0       0  
Reducer 2        container        INITED      1          0        0        1       0       0  
[2K----------------------------------------------------------------------------------------------
[2K[31;1mVERTICES: 00/02  [>>--------------------------] 0%    ELAPSED TIME: 1.79 s     
[22;0m[2K----------------------------------------------------------------------------------------------
[8A[2K----------------------------------------------------------------------------------------------
[2K[36;1m        VERTICES      MODE        STATUS  TOTAL  COMPLETED  RUNNING  PENDING  FAILED  KILLED  
[22;0m[2K----------------------------------------------------------------------------------------------
[2KMap 1            container       RUNNING      8          0        4        4       0       0  
Reducer 2        container        INITED      1          0        0        1       0       0  
[2K----------------------------------------------------------------------------------------------
[2K[31;1mVERTICES: 00/02  [>>--------------------------] 0%    ELAPSED TIME: 2.30 s     
[22;0m[2K----------------------------------------------------------------------------------------------
[8A[2K----------------------------------------------------------------------------------------------
[2K[36;1m        VERTICES      MODE        STATUS  TOTAL  COMPLETED  RUNNING  PENDING  FAILED  KILLED  
[22;0m[2K----------------------------------------------------------------------------------------------
[2KMap 1            container       RUNNING      8          0        4        4       0       0  
Reducer 2        container        INITED      1          0        0        1       0       0  
[2K----------------------------------------------------------------------------------------------
[2K[31;1mVERTICES: 00/02  [>>--------------------------] 0%    ELAPSED TIME: 2.80 s     
[22;0m[2K----------------------------------------------------------------------------------------------
[8A[2K----------------------------------------------------------------------------------------------
[2K[36;1m        VERTICES      MODE        STATUS  TOTAL  COMPLETED  RUNNING  PENDING  FAILED  KILLED  
[22;0m[2K----------------------------------------------------------------------------------------------
[2KMap 1            container       RUNNING      8          0        6        2       0       0  
Reducer 2        container        INITED      1          0        0        1       0       0  
[2K----------------------------------------------------------------------------------------------
[2K[31;1mVERTICES: 00/02  [>>--------------------------] 0%    ELAPSED TIME: 3.30 s     
[22;0m[2K----------------------------------------------------------------------------------------------
[8A[2K----------------------------------------------------------------------------------------------
[2K[36;1m        VERTICES      MODE        STATUS  TOTAL  COMPLETED  RUNNING  PENDING  FAILED  KILLED  
[22;0m[2K----------------------------------------------------------------------------------------------
[2KMap 1 ...        container       RUNNING      8          3        4        1       0       0  
Reducer 2        container       RUNNING      1          0        1        0       0       0  
[2K----------------------------------------------------------------------------------------------
[2K[31;1mVERTICES: 00/02  [========>>------------------] 33%   ELAPSED TIME: 3.80 s     
[22;0m[2K----------------------------------------------------------------------------------------------
[8A[2K----------------------------------------------------------------------------------------------
[2K[36;1m        VERTICES      MODE        STATUS  TOTAL  COMPLETED  RUNNING  PENDING  FAILED  KILLED  
[22;0m[2K----------------------------------------------------------------------------------------------
[2KMap 1 ...        container       RUNNING      8          3        5        0       0       0  
Reducer 2        container       RUNNING      1          0        1        0       0       0  
[2K----------------------------------------------------------------------------------------------
[2K[31;1mVERTICES: 00/02  [========>>------------------] 33%   ELAPSED TIME: 4.31 s     
[22;0m[2K----------------------------------------------------------------------------------------------
[8A[2K----------------------------------------------------------------------------------------------
[2K[36;1m        VERTICES      MODE        STATUS  TOTAL  COMPLETED  RUNNING  PENDING  FAILED  KILLED  
[22;0m[2K----------------------------------------------------------------------------------------------
[2KMap 1 ...        container       RUNNING      8          3        5        0       0       0  
Reducer 2        container       RUNNING      1          0        1        0       0       0  
[2K----------------------------------------------------------------------------------------------
[2K[31;1mVERTICES: 00/02  [========>>------------------] 33%   ELAPSED TIME: 4.81 s     
[22;0m[2K----------------------------------------------------------------------------------------------
[8A[2K----------------------------------------------------------------------------------------------
[2K[36;1m        VERTICES      MODE        STATUS  TOTAL  COMPLETED  RUNNING  PENDING  FAILED  KILLED  
[22;0m[2K----------------------------------------------------------------------------------------------
[2KMap 1 ...        container       RUNNING      8          3        5        0       0       0  
Reducer 2        container       RUNNING      1          0        1        0       0       0  
[2K----------------------------------------------------------------------------------------------
[2K[31;1mVERTICES: 00/02  [========>>------------------] 33%   ELAPSED TIME: 5.31 s     
[22;0m[2K----------------------------------------------------------------------------------------------
[8A[2K----------------------------------------------------------------------------------------------
[2K[36;1m        VERTICES      MODE        STATUS  TOTAL  COMPLETED  RUNNING  PENDING  FAILED  KILLED  
[22;0m[2K----------------------------------------------------------------------------------------------
[2KMap 1 .....      container       RUNNING      8          4        4        0       0       0  
Reducer 2        container       RUNNING      1          0        1        0       0       0  
[2K----------------------------------------------------------------------------------------------
[2K[31;1mVERTICES: 00/02  [===========>>---------------] 44%   ELAPSED TIME: 5.81 s     
[22;0m[2K----------------------------------------------------------------------------------------------
[8A[2K----------------------------------------------------------------------------------------------
[2K[36;1m        VERTICES      MODE        STATUS  TOTAL  COMPLETED  RUNNING  PENDING  FAILED  KILLED  
[22;0m[2K----------------------------------------------------------------------------------------------
[2KMap 1 .....      container       RUNNING      8          4        4        0       0       0  
Reducer 2        container       RUNNING      1          0        1        0       0       0  
[2K----------------------------------------------------------------------------------------------
[2K[31;1mVERTICES: 00/02  [===========>>---------------] 44%   ELAPSED TIME: 6.32 s     
[22;0m[2K----------------------------------------------------------------------------------------------
[8A[2K----------------------------------------------------------------------------------------------
[2K[36;1m        VERTICES      MODE        STATUS  TOTAL  COMPLETED  RUNNING  PENDING  FAILED  KILLED  
[22;0m[2K----------------------------------------------------------------------------------------------
[2KMap 1 .....      container       RUNNING      8          4        4        0       0       0  
Reducer 2        container       RUNNING      1          0        1        0       0       0  
[2K----------------------------------------------------------------------------------------------
[2K[31;1mVERTICES: 00/02  [===========>>---------------] 44%   ELAPSED TIME: 6.82 s     
[22;0m[2K----------------------------------------------------------------------------------------------
[8A[2K----------------------------------------------------------------------------------------------
[2K[36;1m        VERTICES      MODE        STATUS  TOTAL  COMPLETED  RUNNING  PENDING  FAILED  KILLED  
[22;0m[2K----------------------------------------------------------------------------------------------
[2KMap 1 ......     container       RUNNING      8          5        3        0       0       0  
Reducer 2        container       RUNNING      1          0        1        0       0       0  
[2K----------------------------------------------------------------------------------------------
[2K[31;1mVERTICES: 00/02  [==============>>------------] 55%   ELAPSED TIME: 7.32 s     
[22;0m[2K----------------------------------------------------------------------------------------------
[8A[2K----------------------------------------------------------------------------------------------
[2K[36;1m        VERTICES      MODE        STATUS  TOTAL  COMPLETED  RUNNING  PENDING  FAILED  KILLED  
[22;0m[2K----------------------------------------------------------------------------------------------
[2KMap 1 ........   container       RUNNING      8          7        1        0       0       0  
Reducer 2        container       RUNNING      1          0        1        0       0       0  
[2K----------------------------------------------------------------------------------------------
[2K[31;1mVERTICES: 00/02  [====================>>------] 77%   ELAPSED TIME: 7.82 s     
[22;0m[2K----------------------------------------------------------------------------------------------
[8A[2K----------------------------------------------------------------------------------------------
[2K[36;1m        VERTICES      MODE        STATUS  TOTAL  COMPLETED  RUNNING  PENDING  FAILED  KILLED  
[22;0m[2K----------------------------------------------------------------------------------------------
[2KMap 1 ........   container       RUNNING      8          7        1        0       0       0  
Reducer 2        container       RUNNING      1          0        1        0       0       0  
[2K----------------------------------------------------------------------------------------------
[2K[31;1mVERTICES: 00/02  [====================>>------] 77%   ELAPSED TIME: 8.32 s     
[22;0m[2K----------------------------------------------------------------------------------------------
[8A[2K----------------------------------------------------------------------------------------------
[2K[36;1m        VERTICES      MODE        STATUS  TOTAL  COMPLETED  RUNNING  PENDING  FAILED  KILLED  
[22;0m[2K----------------------------------------------------------------------------------------------
[2KMap 1 ........   container       RUNNING      8          7        1        0       0       0  
Reducer 2        container       RUNNING      1          0        1        0       0       0  
[2K----------------------------------------------------------------------------------------------
[2K[31;1mVERTICES: 00/02  [====================>>------] 77%   ELAPSED TIME: 8.82 s     
[22;0m[2K----------------------------------------------------------------------------------------------
[8A[2K----------------------------------------------------------------------------------------------
[2K[36;1m        VERTICES      MODE        STATUS  TOTAL  COMPLETED  RUNNING  PENDING  FAILED  KILLED  
[22;0m[2K----------------------------------------------------------------------------------------------
[2KMap 1 ........   container       RUNNING      8          7        1        0       0       0  
Reducer 2        container       RUNNING      1          0        1        0       0       0  
[2K----------------------------------------------------------------------------------------------
[2K[31;1mVERTICES: 00/02  [====================>>------] 77%   ELAPSED TIME: 9.33 s     
[22;0m[2K----------------------------------------------------------------------------------------------
[8A[2K----------------------------------------------------------------------------------------------
[2K[36;1m        VERTICES      MODE        STATUS  TOTAL  COMPLETED  RUNNING  PENDING  FAILED  KILLED  
[22;0m[2K----------------------------------------------------------------------------------------------
[2KMap 1 .......... container     SUCCEEDED      8          8        0        0       0       0  
Reducer 2 ...... container     SUCCEEDED      1          1        0        0       0       0  
[2K----------------------------------------------------------------------------------------------
[2K[31;1mVERTICES: 02/02  [==========================>>] 100%  ELAPSED TIME: 10.15 s    
[22;0m[2K----------------------------------------------------------------------------------------------
INFO  : Completed executing command(queryId=hive_20260510183824_4f3ec13d-f8ce-434c-bdaa-05824edd1488); Time taken: 10.317 seconds
INFO  : OK
1 row selected (11.2 seconds)
No rows affected (0.004 seconds)
No rows affected (0.016 seconds)
No rows affected (0.003 seconds)
No rows affected (0.004 seconds)
No rows affected (0.003 seconds)
No rows affected (0.005 seconds)
No rows affected (0.003 seconds)
No rows affected (0.004 seconds)
No rows affected (0.003 seconds)
No rows affected (0.003 seconds)
INFO  : Compiling command(queryId=hive_20260510183836_fee959fa-24b1-4dfb-8db0-303f54f2dec1): DROP TABLE IF EXISTS tracks_part
INFO  : Semantic Analysis Completed (retrial = false)
INFO  : Returning Hive schema: Schema(fieldSchemas:null, properties:null)
INFO  : EXPLAIN output for queryid hive_20260510183836_fee959fa-24b1-4dfb-8db0-303f54f2dec1 : STAGE DEPENDENCIES:
  Stage-0 is a root stage [DDL]

STAGE PLANS:
  Stage: Stage-0
      Drop Table Operator:
        Drop Table
          table: tracks_part


INFO  : Completed compiling command(queryId=hive_20260510183836_fee959fa-24b1-4dfb-8db0-303f54f2dec1); Time taken: 0.043 seconds
INFO  : Executing command(queryId=hive_20260510183836_fee959fa-24b1-4dfb-8db0-303f54f2dec1): DROP TABLE IF EXISTS tracks_part
INFO  : Starting task [Stage-0:DDL] in serial mode
INFO  : Completed executing command(queryId=hive_20260510183836_fee959fa-24b1-4dfb-8db0-303f54f2dec1); Time taken: 0.01 seconds
INFO  : OK
No rows affected (0.083 seconds)
INFO  : Compiling command(queryId=hive_20260510183836_fcfcb0fe-730e-40b3-9aae-7cfbb3291a79): CREATE EXTERNAL TABLE tracks_part(
id               STRING,
name             STRING,
album            STRING,
album_id         STRING,
artists          STRING,
artist_ids       STRING,
track_number     INT,
disc_number      INT,
explicit         BOOLEAN,
danceability     DOUBLE,
energy           DOUBLE,
`key`            INT,
loudness         DOUBLE,
`mode`           INT,
speechiness      DOUBLE,
acousticness     DOUBLE,
instrumentalness DOUBLE,
liveness         DOUBLE,
valence          DOUBLE,
tempo            DOUBLE,
duration_ms      INT,
time_signature   DOUBLE,
release_date     STRING
)
PARTITIONED BY (year INT)
CLUSTERED BY  (id) INTO 11 BUCKETS
STORED AS ORC
LOCATION 'project/hive/warehouse/tracks_part'
TBLPROPERTIES ('orc.compress'='SNAPPY')
INFO  : Semantic Analysis Completed (retrial = false)
INFO  : Returning Hive schema: Schema(fieldSchemas:null, properties:null)
INFO  : EXPLAIN output for queryid hive_20260510183836_fcfcb0fe-730e-40b3-9aae-7cfbb3291a79 : STAGE DEPENDENCIES:
  Stage-0 is a root stage [DDL]

STAGE PLANS:
  Stage: Stage-0
      Create Table Operator:
        Create Table
          bucket columns: id
          columns: id string, name string, album string, album_id string, artists string, artist_ids string, track_number int, disc_number int, explicit boolean, danceability double, energy double, key int, loudness double, mode int, speechiness double, acousticness double, instrumentalness double, liveness double, valence double, tempo double, duration_ms int, time_signature double, release_date string
          input format: org.apache.hadoop.hive.ql.io.orc.OrcInputFormat
          location: project/hive/warehouse/tracks_part
          # buckets: 11
          output format: org.apache.hadoop.hive.ql.io.orc.OrcOutputFormat
          partition columns: year int
          serde name: org.apache.hadoop.hive.ql.io.orc.OrcSerde
          name: team11_projectdb.tracks_part
          table properties:
            orc.compress SNAPPY
          isExternal: true


INFO  : Completed compiling command(queryId=hive_20260510183836_fcfcb0fe-730e-40b3-9aae-7cfbb3291a79); Time taken: 0.06 seconds
INFO  : Executing command(queryId=hive_20260510183836_fcfcb0fe-730e-40b3-9aae-7cfbb3291a79): CREATE EXTERNAL TABLE tracks_part(
id               STRING,
name             STRING,
album            STRING,
album_id         STRING,
artists          STRING,
artist_ids       STRING,
track_number     INT,
disc_number      INT,
explicit         BOOLEAN,
danceability     DOUBLE,
energy           DOUBLE,
`key`            INT,
loudness         DOUBLE,
`mode`           INT,
speechiness      DOUBLE,
acousticness     DOUBLE,
instrumentalness DOUBLE,
liveness         DOUBLE,
valence          DOUBLE,
tempo            DOUBLE,
duration_ms      INT,
time_signature   DOUBLE,
release_date     STRING
)
PARTITIONED BY (year INT)
CLUSTERED BY  (id) INTO 11 BUCKETS
STORED AS ORC
LOCATION 'project/hive/warehouse/tracks_part'
TBLPROPERTIES ('orc.compress'='SNAPPY')
INFO  : Starting task [Stage-0:DDL] in serial mode
INFO  : Completed executing command(queryId=hive_20260510183836_fcfcb0fe-730e-40b3-9aae-7cfbb3291a79); Time taken: 0.039 seconds
INFO  : OK
No rows affected (0.171 seconds)
INFO  : Compiling command(queryId=hive_20260510183836_cd8b513b-7211-41af-af58-c54bf687a3ec): INSERT OVERWRITE TABLE tracks_part PARTITION (year)
SELECT
id, name, album, album_id, artists, artist_ids,
track_number, disc_number, explicit,
danceability, energy, `key`, loudness, `mode`,
speechiness, acousticness, instrumentalness,
liveness, valence, tempo,
duration_ms, time_signature, release_date,
year
FROM tracks
INFO  : Semantic Analysis Completed (retrial = false)
INFO  : Returning Hive schema: Schema(fieldSchemas:[FieldSchema(name:id, type:string, comment:null), FieldSchema(name:name, type:string, comment:null), FieldSchema(name:album, type:string, comment:null), FieldSchema(name:album_id, type:string, comment:null), FieldSchema(name:artists, type:string, comment:null), FieldSchema(name:artist_ids, type:string, comment:null), FieldSchema(name:track_number, type:int, comment:null), FieldSchema(name:disc_number, type:int, comment:null), FieldSchema(name:explicit, type:boolean, comment:null), FieldSchema(name:danceability, type:double, comment:null), FieldSchema(name:energy, type:double, comment:null), FieldSchema(name:key, type:int, comment:null), FieldSchema(name:loudness, type:double, comment:null), FieldSchema(name:mode, type:int, comment:null), FieldSchema(name:speechiness, type:double, comment:null), FieldSchema(name:acousticness, type:double, comment:null), FieldSchema(name:instrumentalness, type:double, comment:null), FieldSchema(name:liveness, type:double, comment:null), FieldSchema(name:valence, type:double, comment:null), FieldSchema(name:tempo, type:double, comment:null), FieldSchema(name:duration_ms, type:int, comment:null), FieldSchema(name:time_signature, type:double, comment:null), FieldSchema(name:release_date, type:string, comment:null), FieldSchema(name:year, type:int, comment:null)], properties:null)
INFO  : EXPLAIN output for queryid hive_20260510183836_cd8b513b-7211-41af-af58-c54bf687a3ec : STAGE DEPENDENCIES:
  Stage-1 is a root stage [MAPRED]
  Stage-2 depends on stages: Stage-1 [DEPENDENCY_COLLECTION]
  Stage-0 depends on stages: Stage-2 [MOVE]
  Stage-3 depends on stages: Stage-0 [STATS]

STAGE PLANS:
  Stage: Stage-1
    Tez
      DagId: hive_20260510183836_cd8b513b-7211-41af-af58-c54bf687a3ec:4549
      Edges:
        Reducer 2 <- Map 1 (CUSTOM_SIMPLE_EDGE)
        Reducer 3 <- Reducer 2 (SIMPLE_EDGE)
      DagName: hive_20260510183836_cd8b513b-7211-41af-af58-c54bf687a3ec:4549
      Vertices:
        Map 1 
            Map Operator Tree:
                TableScan
                  alias: tracks
                  Statistics: Num rows: 1654359 Data size: 1641124480 Basic stats: COMPLETE Column stats: NONE
                  GatherStats: false
                  Select Operator
                    expressions: id (type: string), name (type: string), album (type: string), album_id (type: string), artists (type: string), artist_ids (type: string), track_number (type: int), disc_number (type: int), explicit (type: boolean), danceability (type: double), energy (type: double), key (type: int), loudness (type: double), mode (type: int), speechiness (type: double), acousticness (type: double), instrumentalness (type: double), liveness (type: double), valence (type: double), tempo (type: double), duration_ms (type: int), time_signature (type: double), release_date (type: string), year (type: int)
                    outputColumnNames: _col0, _col1, _col2, _col3, _col4, _col5, _col6, _col7, _col8, _col9, _col10, _col11, _col12, _col13, _col14, _col15, _col16, _col17, _col18, _col19, _col20, _col21, _col22, _col23
                    Statistics: Num rows: 1654359 Data size: 1641124480 Basic stats: COMPLETE Column stats: NONE
                    Reduce Output Operator
                      null sort order: 
                      sort order: 
                      Map-reduce partition columns: _col0 (type: string)
                      Statistics: Num rows: 1654359 Data size: 1641124480 Basic stats: COMPLETE Column stats: NONE
                      tag: -1
                      value expressions: _col0 (type: string), _col1 (type: string), _col2 (type: string), _col3 (type: string), _col4 (type: string), _col5 (type: string), _col6 (type: int), _col7 (type: int), _col8 (type: boolean), _col9 (type: double), _col10 (type: double), _col11 (type: int), _col12 (type: double), _col13 (type: int), _col14 (type: double), _col15 (type: double), _col16 (type: double), _col17 (type: double), _col18 (type: double), _col19 (type: double), _col20 (type: int), _col21 (type: double), _col22 (type: string), _col23 (type: int)
                      auto parallelism: false
            Execution mode: vectorized
            Path -> Alias:
              hdfs://hadoop-02.uni.innopolis.ru:8020/user/team11/project/warehouse/tracks [tracks]
            Path -> Partition:
              hdfs://hadoop-02.uni.innopolis.ru:8020/user/team11/project/warehouse/tracks 
                Partition
                  base file name: tracks
                  input format: org.apache.hadoop.hive.ql.io.avro.AvroContainerInputFormat
                  output format: org.apache.hadoop.hive.ql.io.avro.AvroContainerOutputFormat
                  properties:
                    EXTERNAL TRUE
                    avro.schema.url project/warehouse/avsc/tracks.avsc
                    bucket_count -1
                    bucketing_version 2
                    column.name.delimiter ,
                    columns id,name,album,album_id,artists,artist_ids,track_number,disc_number,explicit,danceability,energy,key,loudness,mode,speechiness,acousticness,instrumentalness,liveness,valence,tempo,duration_ms,time_signature,year,release_date
                    columns.comments 
                    columns.types string:string:string:string:string:string:int:int:boolean:double:double:int:double:int:double:double:double:double:double:double:int:double:int:string
                    file.inputformat org.apache.hadoop.hive.ql.io.avro.AvroContainerInputFormat
                    file.outputformat org.apache.hadoop.hive.ql.io.avro.AvroContainerOutputFormat
                    location hdfs://hadoop-02.uni.innopolis.ru:8020/user/team11/project/warehouse/tracks
                    name team11_projectdb.tracks
                    numFiles 1
                    serialization.ddl struct tracks { string id, string name, string album, string album_id, string artists, string artist_ids, i32 track_number, i32 disc_number, bool explicit, double danceability, double energy, i32 key, double loudness, i32 mode, double speechiness, double acousticness, double instrumentalness, double liveness, double valence, double tempo, i32 duration_ms, double time_signature, i32 year, string release_date}
                    serialization.format 1
                    serialization.lib org.apache.hadoop.hive.serde2.avro.AvroSerDe
                    totalSize 164112455
                    transient_lastDdlTime 1778427492
                  serde: org.apache.hadoop.hive.serde2.avro.AvroSerDe
                
                    input format: org.apache.hadoop.hive.ql.io.avro.AvroContainerInputFormat
                    output format: org.apache.hadoop.hive.ql.io.avro.AvroContainerOutputFormat
                    properties:
                      EXTERNAL TRUE
                      avro.schema.literal {"type":"record","name":"tracks","doc":"Sqoop import of tracks","fields":[{"name":"id","type":["null","string"],"default":null,"columnName":"id","sqlType":"12"},{"name":"name","type":["null","string"],"default":null,"columnName":"name","sqlType":"12"},{"name":"album","type":["null","string"],"default":null,"columnName":"album","sqlType":"12"},{"name":"album_id","type":["null","string"],"default":null,"columnName":"album_id","sqlType":"12"},{"name":"artists","type":["null","string"],"default":null,"columnName":"artists","sqlType":"12"},{"name":"artist_ids","type":["null","string"],"default":null,"columnName":"artist_ids","sqlType":"12"},{"name":"track_number","type":["null","int"],"default":null,"columnName":"track_number","sqlType":"4"},{"name":"disc_number","type":["null","int"],"default":null,"columnName":"disc_number","sqlType":"4"},{"name":"explicit","type":["null","boolean"],"default":null,"columnName":"explicit","sqlType":"-7"},{"name":"danceability","type":["null","double"],"default":null,"columnName":"danceability","sqlType":"8"},{"name":"energy","type":["null","double"],"default":null,"columnName":"energy","sqlType":"8"},{"name":"key","type":["null","int"],"default":null,"columnName":"key","sqlType":"4"},{"name":"loudness","type":["null","double"],"default":null,"columnName":"loudness","sqlType":"8"},{"name":"mode","type":["null","int"],"default":null,"columnName":"mode","sqlType":"4"},{"name":"speechiness","type":["null","double"],"default":null,"columnName":"speechiness","sqlType":"8"},{"name":"acousticness","type":["null","double"],"default":null,"columnName":"acousticness","sqlType":"8"},{"name":"instrumentalness","type":["null","double"],"default":null,"columnName":"instrumentalness","sqlType":"8"},{"name":"liveness","type":["null","double"],"default":null,"columnName":"liveness","sqlType":"8"},{"name":"valence","type":["null","double"],"default":null,"columnName":"valence","sqlType":"8"},{"name":"tempo","type":["null","double"],"default":null,"columnName":"tempo","sqlType":"8"},{"name":"duration_ms","type":["null","int"],"default":null,"columnName":"duration_ms","sqlType":"4"},{"name":"time_signature","type":["null","double"],"default":null,"columnName":"time_signature","sqlType":"8"},{"name":"year","type":["null","int"],"default":null,"columnName":"year","sqlType":"4"},{"name":"release_date","type":["null","string"],"default":null,"columnName":"release_date","sqlType":"12"}],"tableName":"tracks"}
                      avro.schema.url project/warehouse/avsc/tracks.avsc
                      bucket_count -1
                      bucketing_version 2
                      column.name.delimiter ,
                      columns id,name,album,album_id,artists,artist_ids,track_number,disc_number,explicit,danceability,energy,key,loudness,mode,speechiness,acousticness,instrumentalness,liveness,valence,tempo,duration_ms,time_signature,year,release_date
                      columns.comments 
                      columns.types string:string:string:string:string:string:int:int:boolean:double:double:int:double:int:double:double:double:double:double:double:int:double:int:string
                      file.inputformat org.apache.hadoop.hive.ql.io.avro.AvroContainerInputFormat
                      file.outputformat org.apache.hadoop.hive.ql.io.avro.AvroContainerOutputFormat
                      location hdfs://hadoop-02.uni.innopolis.ru:8020/user/team11/project/warehouse/tracks
                      name team11_projectdb.tracks
                      numFiles 1
                      serialization.ddl struct tracks { string id, string name, string album, string album_id, string artists, string artist_ids, i32 track_number, i32 disc_number, bool explicit, double danceability, double energy, i32 key, double loudness, i32 mode, double speechiness, double acousticness, double instrumentalness, double liveness, double valence, double tempo, i32 duration_ms, double time_signature, i32 year, string release_date}
                      serialization.format 1
                      serialization.lib org.apache.hadoop.hive.serde2.avro.AvroSerDe
                      totalSize 164112455
                      transient_lastDdlTime 1778427492
                    serde: org.apache.hadoop.hive.serde2.avro.AvroSerDe
                    name: team11_projectdb.tracks
                  name: team11_projectdb.tracks
            Truncated Path -> Alias:
              hdfs://hadoop-02.uni.innopolis.ru:8020/user/team11/project/warehouse/tracks [tracks]
        Reducer 2 
            Needs Tagging: false
            Reduce Operator Tree:
              Select Operator
                expressions: VALUE._col0 (type: string), VALUE._col1 (type: string), VALUE._col2 (type: string), VALUE._col3 (type: string), VALUE._col4 (type: string), VALUE._col5 (type: string), VALUE._col6 (type: int), VALUE._col7 (type: int), VALUE._col8 (type: boolean), VALUE._col9 (type: double), VALUE._col10 (type: double), VALUE._col11 (type: int), VALUE._col12 (type: double), VALUE._col13 (type: int), VALUE._col14 (type: double), VALUE._col15 (type: double), VALUE._col16 (type: double), VALUE._col17 (type: double), VALUE._col18 (type: double), VALUE._col19 (type: double), VALUE._col20 (type: int), VALUE._col21 (type: double), VALUE._col22 (type: string), VALUE._col23 (type: int)
                outputColumnNames: _col0, _col1, _col2, _col3, _col4, _col5, _col6, _col7, _col8, _col9, _col10, _col11, _col12, _col13, _col14, _col15, _col16, _col17, _col18, _col19, _col20, _col21, _col22, _col23
                Statistics: Num rows: 1654359 Data size: 1641124480 Basic stats: COMPLETE Column stats: NONE
                File Output Operator
                  compressed: true
                  GlobalTableId: 1
                  directory: hdfs://hadoop-02.uni.innopolis.ru:8020/user/team11/project/hive/warehouse/tracks_part/.hive-staging_hive_2026-05-10_18-38-36_746_5019529893725926759-2224/-ext-10000
                  NumFilesPerFileSink: 1
                  Statistics: Num rows: 1654359 Data size: 1641124480 Basic stats: COMPLETE Column stats: NONE
                  Stats Publishing Key Prefix: hdfs://hadoop-02.uni.innopolis.ru:8020/user/team11/project/hive/warehouse/tracks_part/.hive-staging_hive_2026-05-10_18-38-36_746_5019529893725926759-2224/-ext-10000/
                  table:
                      input format: org.apache.hadoop.hive.ql.io.orc.OrcInputFormat
                      output format: org.apache.hadoop.hive.ql.io.orc.OrcOutputFormat
                      properties:
                        EXTERNAL TRUE
                        bucket_count 11
                        bucket_field_name id
                        bucketing_version 2
                        column.name.delimiter ,
                        columns id,name,album,album_id,artists,artist_ids,track_number,disc_number,explicit,danceability,energy,key,loudness,mode,speechiness,acousticness,instrumentalness,liveness,valence,tempo,duration_ms,time_signature,release_date
                        columns.comments 
                        columns.types string:string:string:string:string:string:int:int:boolean:double:double:int:double:int:double:double:double:double:double:double:int:double:string
                        file.inputformat org.apache.hadoop.hive.ql.io.orc.OrcInputFormat
                        file.outputformat org.apache.hadoop.hive.ql.io.orc.OrcOutputFormat
                        location hdfs://hadoop-02.uni.innopolis.ru:8020/user/team11/project/hive/warehouse/tracks_part
                        name team11_projectdb.tracks_part
                        orc.compress SNAPPY
                        partition_columns year
                        partition_columns.types int
                        serialization.ddl struct tracks_part { string id, string name, string album, string album_id, string artists, string artist_ids, i32 track_number, i32 disc_number, bool explicit, double danceability, double energy, i32 key, double loudness, i32 mode, double speechiness, double acousticness, double instrumentalness, double liveness, double valence, double tempo, i32 duration_ms, double time_signature, string release_date}
                        serialization.format 1
                        serialization.lib org.apache.hadoop.hive.ql.io.orc.OrcSerde
                        transient_lastDdlTime 1778427516
                      serde: org.apache.hadoop.hive.ql.io.orc.OrcSerde
                      name: team11_projectdb.tracks_part
                  TotalFiles: 1
                  GatherStats: true
                  MultiFileSpray: false
                Select Operator
                  expressions: _col0 (type: string), _col1 (type: string), _col2 (type: string), _col3 (type: string), _col4 (type: string), _col5 (type: string), _col6 (type: int), _col7 (type: int), _col8 (type: boolean), _col9 (type: double), _col10 (type: double), _col11 (type: int), _col12 (type: double), _col13 (type: int), _col14 (type: double), _col15 (type: double), _col16 (type: double), _col17 (type: double), _col18 (type: double), _col19 (type: double), _col20 (type: int), _col21 (type: double), _col22 (type: string), _col23 (type: int)
                  outputColumnNames: id, name, album, album_id, artists, artist_ids, track_number, disc_number, explicit, danceability, energy, key, loudness, mode, speechiness, acousticness, instrumentalness, liveness, valence, tempo, duration_ms, time_signature, release_date, year
                  Statistics: Num rows: 1654359 Data size: 1641124480 Basic stats: COMPLETE Column stats: NONE
                  Group By Operator
                    aggregations: compute_stats(id, 'hll'), compute_stats(name, 'hll'), compute_stats(album, 'hll'), compute_stats(album_id, 'hll'), compute_stats(artists, 'hll'), compute_stats(artist_ids, 'hll'), compute_stats(track_number, 'hll'), compute_stats(disc_number, 'hll'), compute_stats(explicit, 'hll'), compute_stats(danceability, 'hll'), compute_stats(energy, 'hll'), compute_stats(key, 'hll'), compute_stats(loudness, 'hll'), compute_stats(mode, 'hll'), compute_stats(speechiness, 'hll'), compute_stats(acousticness, 'hll'), compute_stats(instrumentalness, 'hll'), compute_stats(liveness, 'hll'), compute_stats(valence, 'hll'), compute_stats(tempo, 'hll'), compute_stats(duration_ms, 'hll'), compute_stats(time_signature, 'hll'), compute_stats(release_date, 'hll')
                    keys: year (type: int)
                    mode: hash
                    outputColumnNames: _col0, _col1, _col2, _col3, _col4, _col5, _col6, _col7, _col8, _col9, _col10, _col11, _col12, _col13, _col14, _col15, _col16, _col17, _col18, _col19, _col20, _col21, _col22, _col23
                    Statistics: Num rows: 1654359 Data size: 1641124480 Basic stats: COMPLETE Column stats: NONE
                    Reduce Output Operator
                      key expressions: _col0 (type: int)
                      null sort order: a
                      sort order: +
                      Map-reduce partition columns: _col0 (type: int)
                      Statistics: Num rows: 1654359 Data size: 1641124480 Basic stats: COMPLETE Column stats: NONE
                      tag: -1
                      value expressions: _col1 (type: struct<columntype:string,maxlength:bigint,sumlength:bigint,count:bigint,countnulls:bigint,bitvector:binary>), _col2 (type: struct<columntype:string,maxlength:bigint,sumlength:bigint,count:bigint,countnulls:bigint,bitvector:binary>), _col3 (type: struct<columntype:string,maxlength:bigint,sumlength:bigint,count:bigint,countnulls:bigint,bitvector:binary>), _col4 (type: struct<columntype:string,maxlength:bigint,sumlength:bigint,count:bigint,countnulls:bigint,bitvector:binary>), _col5 (type: struct<columntype:string,maxlength:bigint,sumlength:bigint,count:bigint,countnulls:bigint,bitvector:binary>), _col6 (type: struct<columntype:string,maxlength:bigint,sumlength:bigint,count:bigint,countnulls:bigint,bitvector:binary>), _col7 (type: struct<columntype:string,min:bigint,max:bigint,countnulls:bigint,bitvector:binary>), _col8 (type: struct<columntype:string,min:bigint,max:bigint,countnulls:bigint,bitvector:binary>), _col9 (type: struct<columntype:string,counttrues:bigint,countfalses:bigint,countnulls:bigint>), _col10 (type: struct<columntype:string,min:double,max:double,countnulls:bigint,bitvector:binary>), _col11 (type: struct<columntype:string,min:double,max:double,countnulls:bigint,bitvector:binary>), _col12 (type: struct<columntype:string,min:bigint,max:bigint,countnulls:bigint,bitvector:binary>), _col13 (type: struct<columntype:string,min:double,max:double,countnulls:bigint,bitvector:binary>), _col14 (type: struct<columntype:string,min:bigint,max:bigint,countnulls:bigint,bitvector:binary>), _col15 (type: struct<columntype:string,min:double,max:double,countnulls:bigint,bitvector:binary>), _col16 (type: struct<columntype:string,min:double,max:double,countnulls:bigint,bitvector:binary>), _col17 (type: struct<columntype:string,min:double,max:double,countnulls:bigint,bitvector:binary>), _col18 (type: struct<columntype:string,min:double,max:double,countnulls:bigint,bitvector:binary>), _col19 (type: struct<columntype:string,min:double,max:double,countnulls:bigint,bitvector:binary>), _col20 (type: struct<columntype:string,min:double,max:double,countnulls:bigint,bitvector:binary>), _col21 (type: struct<columntype:string,min:bigint,max:bigint,countnulls:bigint,bitvector:binary>), _col22 (type: struct<columntype:string,min:double,max:double,countnulls:bigint,bitvector:binary>), _col23 (type: struct<columntype:string,maxlength:bigint,sumlength:bigint,count:bigint,countnulls:bigint,bitvector:binary>)
                      auto parallelism: true
        Reducer 3 
            Needs Tagging: false
            Reduce Operator Tree:
              Group By Operator
                aggregations: compute_stats(VALUE._col0), compute_stats(VALUE._col1), compute_stats(VALUE._col2), compute_stats(VALUE._col3), compute_stats(VALUE._col4), compute_stats(VALUE._col5), compute_stats(VALUE._col6), compute_stats(VALUE._col7), compute_stats(VALUE._col8), compute_stats(VALUE._col9), compute_stats(VALUE._col10), compute_stats(VALUE._col11), compute_stats(VALUE._col12), compute_stats(VALUE._col13), compute_stats(VALUE._col14), compute_stats(VALUE._col15), compute_stats(VALUE._col16), compute_stats(VALUE._col17), compute_stats(VALUE._col18), compute_stats(VALUE._col19), compute_stats(VALUE._col20), compute_stats(VALUE._col21), compute_stats(VALUE._col22)
                keys: KEY._col0 (type: int)
                mode: mergepartial
                outputColumnNames: _col0, _col1, _col2, _col3, _col4, _col5, _col6, _col7, _col8, _col9, _col10, _col11, _col12, _col13, _col14, _col15, _col16, _col17, _col18, _col19, _col20, _col21, _col22, _col23
                Statistics: Num rows: 827179 Data size: 820561743 Basic stats: COMPLETE Column stats: NONE
                Select Operator
                  expressions: _col1 (type: struct<columntype:string,maxlength:bigint,avglength:double,countnulls:bigint,numdistinctvalues:bigint,ndvbitvector:binary>), _col2 (type: struct<columntype:string,maxlength:bigint,avglength:double,countnulls:bigint,numdistinctvalues:bigint,ndvbitvector:binary>), _col3 (type: struct<columntype:string,maxlength:bigint,avglength:double,countnulls:bigint,numdistinctvalues:bigint,ndvbitvector:binary>), _col4 (type: struct<columntype:string,maxlength:bigint,avglength:double,countnulls:bigint,numdistinctvalues:bigint,ndvbitvector:binary>), _col5 (type: struct<columntype:string,maxlength:bigint,avglength:double,countnulls:bigint,numdistinctvalues:bigint,ndvbitvector:binary>), _col6 (type: struct<columntype:string,maxlength:bigint,avglength:double,countnulls:bigint,numdistinctvalues:bigint,ndvbitvector:binary>), _col7 (type: struct<columntype:string,min:bigint,max:bigint,countnulls:bigint,numdistinctvalues:bigint,ndvbitvector:binary>), _col8 (type: struct<columntype:string,min:bigint,max:bigint,countnulls:bigint,numdistinctvalues:bigint,ndvbitvector:binary>), _col9 (type: struct<columntype:string,counttrues:bigint,countfalses:bigint,countnulls:bigint>), _col10 (type: struct<columntype:string,min:double,max:double,countnulls:bigint,numdistinctvalues:bigint,ndvbitvector:binary>), _col11 (type: struct<columntype:string,min:double,max:double,countnulls:bigint,numdistinctvalues:bigint,ndvbitvector:binary>), _col12 (type: struct<columntype:string,min:bigint,max:bigint,countnulls:bigint,numdistinctvalues:bigint,ndvbitvector:binary>), _col13 (type: struct<columntype:string,min:double,max:double,countnulls:bigint,numdistinctvalues:bigint,ndvbitvector:binary>), _col14 (type: struct<columntype:string,min:bigint,max:bigint,countnulls:bigint,numdistinctvalues:bigint,ndvbitvector:binary>), _col15 (type: struct<columntype:string,min:double,max:double,countnulls:bigint,numdistinctvalues:bigint,ndvbitvector:binary>), _col16 (type: struct<columntype:string,min:double,max:double,countnulls:bigint,numdistinctvalues:bigint,ndvbitvector:binary>), _col17 (type: struct<columntype:string,min:double,max:double,countnulls:bigint,numdistinctvalues:bigint,ndvbitvector:binary>), _col18 (type: struct<columntype:string,min:double,max:double,countnulls:bigint,numdistinctvalues:bigint,ndvbitvector:binary>), _col19 (type: struct<columntype:string,min:double,max:double,countnulls:bigint,numdistinctvalues:bigint,ndvbitvector:binary>), _col20 (type: struct<columntype:string,min:double,max:double,countnulls:bigint,numdistinctvalues:bigint,ndvbitvector:binary>), _col21 (type: struct<columntype:string,min:bigint,max:bigint,countnulls:bigint,numdistinctvalues:bigint,ndvbitvector:binary>), _col22 (type: struct<columntype:string,min:double,max:double,countnulls:bigint,numdistinctvalues:bigint,ndvbitvector:binary>), _col23 (type: struct<columntype:string,maxlength:bigint,avglength:double,countnulls:bigint,numdistinctvalues:bigint,ndvbitvector:binary>), _col0 (type: int)
                  outputColumnNames: _col0, _col1, _col2, _col3, _col4, _col5, _col6, _col7, _col8, _col9, _col10, _col11, _col12, _col13, _col14, _col15, _col16, _col17, _col18, _col19, _col20, _col21, _col22, _col23
                  Statistics: Num rows: 827179 Data size: 820561743 Basic stats: COMPLETE Column stats: NONE
                  File Output Operator
                    compressed: true
                    GlobalTableId: 0
                    directory: hdfs://hadoop-02.uni.innopolis.ru:8020/tmp/hive/team11/60618785-290c-4039-96d8-5fbead9f38ea/hive_2026-05-10_18-38-37_187_6520852407302700495-2224/-mr-10000/.hive-staging_hive_2026-05-10_18-38-37_187_6520852407302700495-2224/-ext-10001
                    NumFilesPerFileSink: 1
                    Statistics: Num rows: 827179 Data size: 820561743 Basic stats: COMPLETE Column stats: NONE
                    Stats Publishing Key Prefix: hdfs://hadoop-02.uni.innopolis.ru:8020/tmp/hive/team11/60618785-290c-4039-96d8-5fbead9f38ea/hive_2026-05-10_18-38-37_187_6520852407302700495-2224/-mr-10000/.hive-staging_hive_2026-05-10_18-38-37_187_6520852407302700495-2224/-ext-10001/
                    table:
                        input format: org.apache.hadoop.mapred.SequenceFileInputFormat
                        output format: org.apache.hadoop.hive.ql.io.HiveSequenceFileOutputFormat
                        properties:
                          columns _col0,_col1,_col2,_col3,_col4,_col5,_col6,_col7,_col8,_col9,_col10,_col11,_col12,_col13,_col14,_col15,_col16,_col17,_col18,_col19,_col20,_col21,_col22,_col23
                          columns.types struct<columntype:string,maxlength:bigint,avglength:double,countnulls:bigint,numdistinctvalues:bigint,ndvbitvector:binary>:struct<columntype:string,maxlength:bigint,avglength:double,countnulls:bigint,numdistinctvalues:bigint,ndvbitvector:binary>:struct<columntype:string,maxlength:bigint,avglength:double,countnulls:bigint,numdistinctvalues:bigint,ndvbitvector:binary>:struct<columntype:string,maxlength:bigint,avglength:double,countnulls:bigint,numdistinctvalues:bigint,ndvbitvector:binary>:struct<columntype:string,maxlength:bigint,avglength:double,countnulls:bigint,numdistinctvalues:bigint,ndvbitvector:binary>:struct<columntype:string,maxlength:bigint,avglength:double,countnulls:bigint,numdistinctvalues:bigint,ndvbitvector:binary>:struct<columntype:string,min:bigint,max:bigint,countnulls:bigint,numdistinctvalues:bigint,ndvbitvector:binary>:struct<columntype:string,min:bigint,max:bigint,countnulls:bigint,numdistinctvalues:bigint,ndvbitvector:binary>:struct<columntype:string,counttrues:bigint,countfalses:bigint,countnulls:bigint>:struct<columntype:string,min:double,max:double,countnulls:bigint,numdistinctvalues:bigint,ndvbitvector:binary>:struct<columntype:string,min:double,max:double,countnulls:bigint,numdistinctvalues:bigint,ndvbitvector:binary>:struct<columntype:string,min:bigint,max:bigint,countnulls:bigint,numdistinctvalues:bigint,ndvbitvector:binary>:struct<columntype:string,min:double,max:double,countnulls:bigint,numdistinctvalues:bigint,ndvbitvector:binary>:struct<columntype:string,min:bigint,max:bigint,countnulls:bigint,numdistinctvalues:bigint,ndvbitvector:binary>:struct<columntype:string,min:double,max:double,countnulls:bigint,numdistinctvalues:bigint,ndvbitvector:binary>:struct<columntype:string,min:double,max:double,countnulls:bigint,numdistinctvalues:bigint,ndvbitvector:binary>:struct<columntype:string,min:double,max:double,countnulls:bigint,numdistinctvalues:bigint,ndvbitvector:binary>:struct<columntype:string,min:double,max:double,countnulls:bigint,numdistinctvalues:bigint,ndvbitvector:binary>:struct<columntype:string,min:double,max:double,countnulls:bigint,numdistinctvalues:bigint,ndvbitvector:binary>:struct<columntype:string,min:double,max:double,countnulls:bigint,numdistinctvalues:bigint,ndvbitvector:binary>:struct<columntype:string,min:bigint,max:bigint,countnulls:bigint,numdistinctvalues:bigint,ndvbitvector:binary>:struct<columntype:string,min:double,max:double,countnulls:bigint,numdistinctvalues:bigint,ndvbitvector:binary>:struct<columntype:string,maxlength:bigint,avglength:double,countnulls:bigint,numdistinctvalues:bigint,ndvbitvector:binary>:int
                          escape.delim \
                          hive.serialization.extend.additional.nesting.levels true
                          serialization.escape.crlf true
                          serialization.format 1
                          serialization.lib org.apache.hadoop.hive.serde2.lazy.LazySimpleSerDe
                        serde: org.apache.hadoop.hive.serde2.lazy.LazySimpleSerDe
                    TotalFiles: 1
                    GatherStats: false
                    MultiFileSpray: false

  Stage: Stage-2
    Dependency Collection

  Stage: Stage-0
    Move Operator
      tables:
          partition:
            year 
          replace: true
          source: hdfs://hadoop-02.uni.innopolis.ru:8020/user/team11/project/hive/warehouse/tracks_part/.hive-staging_hive_2026-05-10_18-38-36_746_5019529893725926759-2224/-ext-10000
          table:
              input format: org.apache.hadoop.hive.ql.io.orc.OrcInputFormat
              output format: org.apache.hadoop.hive.ql.io.orc.OrcOutputFormat
              properties:
                EXTERNAL TRUE
                bucket_count 11
                bucket_field_name id
                bucketing_version 2
                column.name.delimiter ,
                columns id,name,album,album_id,artists,artist_ids,track_number,disc_number,explicit,danceability,energy,key,loudness,mode,speechiness,acousticness,instrumentalness,liveness,valence,tempo,duration_ms,time_signature,release_date
                columns.comments 
                columns.types string:string:string:string:string:string:int:int:boolean:double:double:int:double:int:double:double:double:double:double:double:int:double:string
                file.inputformat org.apache.hadoop.hive.ql.io.orc.OrcInputFormat
                file.outputformat org.apache.hadoop.hive.ql.io.orc.OrcOutputFormat
                location hdfs://hadoop-02.uni.innopolis.ru:8020/user/team11/project/hive/warehouse/tracks_part
                name team11_projectdb.tracks_part
                orc.compress SNAPPY
                partition_columns year
                partition_columns.types int
                serialization.ddl struct tracks_part { string id, string name, string album, string album_id, string artists, string artist_ids, i32 track_number, i32 disc_number, bool explicit, double danceability, double energy, i32 key, double loudness, i32 mode, double speechiness, double acousticness, double instrumentalness, double liveness, double valence, double tempo, i32 duration_ms, double time_signature, string release_date}
                serialization.format 1
                serialization.lib org.apache.hadoop.hive.ql.io.orc.OrcSerde
                transient_lastDdlTime 1778427516
              serde: org.apache.hadoop.hive.ql.io.orc.OrcSerde
              name: team11_projectdb.tracks_part

  Stage: Stage-3
    Stats Work
      Basic Stats Work:
          Stats Aggregation Key Prefix: hdfs://hadoop-02.uni.innopolis.ru:8020/user/team11/project/hive/warehouse/tracks_part/.hive-staging_hive_2026-05-10_18-38-36_746_5019529893725926759-2224/-ext-10000/
      Column Stats Desc:
          Columns: id, name, album, album_id, artists, artist_ids, track_number, disc_number, explicit, danceability, energy, key, loudness, mode, speechiness, acousticness, instrumentalness, liveness, valence, tempo, duration_ms, time_signature, release_date
          Column Types: string, string, string, string, string, string, int, int, boolean, double, double, int, double, int, double, double, double, double, double, double, int, double, string
          Table: team11_projectdb.tracks_part
          Is Table Level Stats: false


INFO  : Completed compiling command(queryId=hive_20260510183836_cd8b513b-7211-41af-af58-c54bf687a3ec); Time taken: 0.54 seconds
INFO  : Executing command(queryId=hive_20260510183836_cd8b513b-7211-41af-af58-c54bf687a3ec): INSERT OVERWRITE TABLE tracks_part PARTITION (year)
SELECT
id, name, album, album_id, artists, artist_ids,
track_number, disc_number, explicit,
danceability, energy, `key`, loudness, `mode`,
speechiness, acousticness, instrumentalness,
liveness, valence, tempo,
duration_ms, time_signature, release_date,
year
FROM tracks
INFO  : Query ID = hive_20260510183836_cd8b513b-7211-41af-af58-c54bf687a3ec
INFO  : Total jobs = 1
INFO  : Launching Job 1 out of 1
INFO  : Starting task [Stage-1:MAPRED] in serial mode
INFO  : Subscribed to counters: [] for queryId: hive_20260510183836_cd8b513b-7211-41af-af58-c54bf687a3ec
INFO  : Session is already open
INFO  : Dag name: INSERT OVERWRITE TABLE tracks_part ...tracks (Stage-1)
INFO  : Status: Running (Executing on YARN cluster with App id application_1777989965680_4792)

[2K----------------------------------------------------------------------------------------------
[2K[36;1m        VERTICES      MODE        STATUS  TOTAL  COMPLETED  RUNNING  PENDING  FAILED  KILLED  
[22;0m[2K----------------------------------------------------------------------------------------------
[2KMap 1            container       RUNNING      4          0        3        1       0       0  
Reducer 2        container        INITED     11          0        0       11       0       0  
Reducer 3        container        INITED      7          0        0        7       0       0  
[2K----------------------------------------------------------------------------------------------
[2K[31;1mVERTICES: 00/03  [>>--------------------------] 0%    ELAPSED TIME: 0.66 s     
[22;0m[2K----------------------------------------------------------------------------------------------
[9A[2K----------------------------------------------------------------------------------------------
[2K[36;1m        VERTICES      MODE        STATUS  TOTAL  COMPLETED  RUNNING  PENDING  FAILED  KILLED  
[22;0m[2K----------------------------------------------------------------------------------------------
[2KMap 1            container       RUNNING      4          0        4        0       0       0  
Reducer 2        container        INITED     11          0        0       11       0       0  
Reducer 3        container        INITED      7          0        0        7       0       0  
[2K----------------------------------------------------------------------------------------------
[2K[31;1mVERTICES: 00/03  [>>--------------------------] 0%    ELAPSED TIME: 1.16 s     
[22;0m[2K----------------------------------------------------------------------------------------------
[9A[2K----------------------------------------------------------------------------------------------
[2K[36;1m        VERTICES      MODE        STATUS  TOTAL  COMPLETED  RUNNING  PENDING  FAILED  KILLED  
[22;0m[2K----------------------------------------------------------------------------------------------
[2KMap 1            container       RUNNING      4          0        4        0       0       0  
Reducer 2        container        INITED     11          0        0       11       0       0  
Reducer 3        container        INITED      7          0        0        7       0       0  
[2K----------------------------------------------------------------------------------------------
[2K[31;1mVERTICES: 00/03  [>>--------------------------] 0%    ELAPSED TIME: 1.66 s     
[22;0m[2K----------------------------------------------------------------------------------------------
[9A[2K----------------------------------------------------------------------------------------------
[2K[36;1m        VERTICES      MODE        STATUS  TOTAL  COMPLETED  RUNNING  PENDING  FAILED  KILLED  
[22;0m[2K----------------------------------------------------------------------------------------------
[2KMap 1 ..         container       RUNNING      4          1        3        0       0       0  
Reducer 2        container       RUNNING     11          0        2        9       0       0  
Reducer 3        container        INITED      7          0        0        7       0       0  
[2K----------------------------------------------------------------------------------------------
[2K[31;1mVERTICES: 00/03  [=>>-------------------------] 4%    ELAPSED TIME: 2.16 s     
[22;0m[2K----------------------------------------------------------------------------------------------
[9A[2K----------------------------------------------------------------------------------------------
[2K[36;1m        VERTICES      MODE        STATUS  TOTAL  COMPLETED  RUNNING  PENDING  FAILED  KILLED  
[22;0m[2K----------------------------------------------------------------------------------------------
[2KMap 1 ..         container       RUNNING      4          1        3        0       0       0  
Reducer 2        container       RUNNING     11          0        2        9       0       0  
Reducer 3        container        INITED      7          0        0        7       0       0  
[2K----------------------------------------------------------------------------------------------
[2K[31;1mVERTICES: 00/03  [=>>-------------------------] 4%    ELAPSED TIME: 2.67 s     
[22;0m[2K----------------------------------------------------------------------------------------------
[9A[2K----------------------------------------------------------------------------------------------
[2K[36;1m        VERTICES      MODE        STATUS  TOTAL  COMPLETED  RUNNING  PENDING  FAILED  KILLED  
[22;0m[2K----------------------------------------------------------------------------------------------
[2KMap 1 ..         container       RUNNING      4          1        3        0       0       0  
Reducer 2        container       RUNNING     11          0        2        9       0       0  
Reducer 3        container        INITED      7          0        0        7       0       0  
[2K----------------------------------------------------------------------------------------------
[2K[31;1mVERTICES: 00/03  [=>>-------------------------] 4%    ELAPSED TIME: 3.17 s     
[22;0m[2K----------------------------------------------------------------------------------------------
[9A[2K----------------------------------------------------------------------------------------------
[2K[36;1m        VERTICES      MODE        STATUS  TOTAL  COMPLETED  RUNNING  PENDING  FAILED  KILLED  
[22;0m[2K----------------------------------------------------------------------------------------------
[2KMap 1 ..         container       RUNNING      4          1        3        0       0       0  
Reducer 2        container       RUNNING     11          0        2        9       0       0  
Reducer 3        container        INITED      7          0        0        7       0       0  
[2K----------------------------------------------------------------------------------------------
[2K[31;1mVERTICES: 00/03  [=>>-------------------------] 4%    ELAPSED TIME: 3.67 s     
[22;0m[2K----------------------------------------------------------------------------------------------
[9A[2K----------------------------------------------------------------------------------------------
[2K[36;1m        VERTICES      MODE        STATUS  TOTAL  COMPLETED  RUNNING  PENDING  FAILED  KILLED  
[22;0m[2K----------------------------------------------------------------------------------------------
[2KMap 1 ..         container       RUNNING      4          1        3        0       0       0  
Reducer 2        container       RUNNING     11          0        2        9       0       0  
Reducer 3        container        INITED      7          0        0        7       0       0  
[2K----------------------------------------------------------------------------------------------
[2K[31;1mVERTICES: 00/03  [=>>-------------------------] 4%    ELAPSED TIME: 4.17 s     
[22;0m[2K----------------------------------------------------------------------------------------------
[9A[2K----------------------------------------------------------------------------------------------
[2K[36;1m        VERTICES      MODE        STATUS  TOTAL  COMPLETED  RUNNING  PENDING  FAILED  KILLED  
[22;0m[2K----------------------------------------------------------------------------------------------
[2KMap 1 .....      container       RUNNING      4          2        2        0       0       0  
Reducer 2        container       RUNNING     11          0        3        8       0       0  
Reducer 3        container        INITED      7          0        0        7       0       0  
[2K----------------------------------------------------------------------------------------------
[2K[31;1mVERTICES: 00/03  [==>>------------------------] 9%    ELAPSED TIME: 4.68 s     
[22;0m[2K----------------------------------------------------------------------------------------------
[9A[2K----------------------------------------------------------------------------------------------
[2K[36;1m        VERTICES      MODE        STATUS  TOTAL  COMPLETED  RUNNING  PENDING  FAILED  KILLED  
[22;0m[2K----------------------------------------------------------------------------------------------
[2KMap 1 .....      container       RUNNING      4          2        2        0       0       0  
Reducer 2        container       RUNNING     11          0        5        6       0       0  
Reducer 3        container        INITED      7          0        0        7       0       0  
[2K----------------------------------------------------------------------------------------------
[2K[31;1mVERTICES: 00/03  [==>>------------------------] 9%    ELAPSED TIME: 5.18 s     
[22;0m[2K----------------------------------------------------------------------------------------------
[9A[2K----------------------------------------------------------------------------------------------
[2K[36;1m        VERTICES      MODE        STATUS  TOTAL  COMPLETED  RUNNING  PENDING  FAILED  KILLED  
[22;0m[2K----------------------------------------------------------------------------------------------
[2KMap 1 .....      container       RUNNING      4          2        2        0       0       0  
Reducer 2        container       RUNNING     11          0        5        6       0       0  
Reducer 3        container        INITED      7          0        0        7       0       0  
[2K----------------------------------------------------------------------------------------------
[2K[31;1mVERTICES: 00/03  [==>>------------------------] 9%    ELAPSED TIME: 5.68 s     
[22;0m[2K----------------------------------------------------------------------------------------------
[9A[2K----------------------------------------------------------------------------------------------
[2K[36;1m        VERTICES      MODE        STATUS  TOTAL  COMPLETED  RUNNING  PENDING  FAILED  KILLED  
[22;0m[2K----------------------------------------------------------------------------------------------
[2KMap 1 .......    container       RUNNING      4          3        1        0       0       0  
Reducer 2        container       RUNNING     11          0        6        5       0       0  
Reducer 3        container        INITED      7          0        0        7       0       0  
[2K----------------------------------------------------------------------------------------------
[2K[31;1mVERTICES: 00/03  [===>>-----------------------] 13%   ELAPSED TIME: 6.19 s     
[22;0m[2K----------------------------------------------------------------------------------------------
[9A[2K----------------------------------------------------------------------------------------------
[2K[36;1m        VERTICES      MODE        STATUS  TOTAL  COMPLETED  RUNNING  PENDING  FAILED  KILLED  
[22;0m[2K----------------------------------------------------------------------------------------------
[2KMap 1 .......    container       RUNNING      4          3        1        0       0       0  
Reducer 2        container       RUNNING     11          0        6        5       0       0  
Reducer 3        container        INITED      7          0        0        7       0       0  
[2K----------------------------------------------------------------------------------------------
[2K[31;1mVERTICES: 00/03  [===>>-----------------------] 13%   ELAPSED TIME: 6.69 s     
[22;0m[2K----------------------------------------------------------------------------------------------
[9A[2K----------------------------------------------------------------------------------------------
[2K[36;1m        VERTICES      MODE        STATUS  TOTAL  COMPLETED  RUNNING  PENDING  FAILED  KILLED  
[22;0m[2K----------------------------------------------------------------------------------------------
[2KMap 1 .......    container       RUNNING      4          3        1        0       0       0  
Reducer 2        container       RUNNING     11          0        6        5       0       0  
Reducer 3        container        INITED      7          0        0        7       0       0  
[2K----------------------------------------------------------------------------------------------
[2K[31;1mVERTICES: 00/03  [===>>-----------------------] 13%   ELAPSED TIME: 7.19 s     
[22;0m[2K----------------------------------------------------------------------------------------------
[9A[2K----------------------------------------------------------------------------------------------
[2K[36;1m        VERTICES      MODE        STATUS  TOTAL  COMPLETED  RUNNING  PENDING  FAILED  KILLED  
[22;0m[2K----------------------------------------------------------------------------------------------
[2KMap 1 .......    container       RUNNING      4          3        1        0       0       0  
Reducer 2        container       RUNNING     11          0        7        4       0       0  
Reducer 3        container        INITED      7          0        0        7       0       0  
[2K----------------------------------------------------------------------------------------------
[2K[31;1mVERTICES: 00/03  [===>>-----------------------] 13%   ELAPSED TIME: 7.69 s     
[22;0m[2K----------------------------------------------------------------------------------------------
[9A[2K----------------------------------------------------------------------------------------------
[2K[36;1m        VERTICES      MODE        STATUS  TOTAL  COMPLETED  RUNNING  PENDING  FAILED  KILLED  
[22;0m[2K----------------------------------------------------------------------------------------------
[2KMap 1 .......... container     SUCCEEDED      4          4        0        0       0       0  
Reducer 2        container       RUNNING     11          0        8        3       0       0  
Reducer 3        container        INITED      7          0        0        7       0       0  
[2K----------------------------------------------------------------------------------------------
[2K[31;1mVERTICES: 01/03  [====>>----------------------] 18%   ELAPSED TIME: 8.20 s     
[22;0m[2K----------------------------------------------------------------------------------------------
[9A[2K----------------------------------------------------------------------------------------------
[2K[36;1m        VERTICES      MODE        STATUS  TOTAL  COMPLETED  RUNNING  PENDING  FAILED  KILLED  
[22;0m[2K----------------------------------------------------------------------------------------------
[2KMap 1 .......... container     SUCCEEDED      4          4        0        0       0       0  
Reducer 2        container       RUNNING     11          0        9        2       0       0  
Reducer 3        container        INITED      7          0        0        7       0       0  
[2K----------------------------------------------------------------------------------------------
[2K[31;1mVERTICES: 01/03  [====>>----------------------] 18%   ELAPSED TIME: 8.70 s     
[22;0m[2K----------------------------------------------------------------------------------------------
[9A[2K----------------------------------------------------------------------------------------------
[2K[36;1m        VERTICES      MODE        STATUS  TOTAL  COMPLETED  RUNNING  PENDING  FAILED  KILLED  
[22;0m[2K----------------------------------------------------------------------------------------------
[2KMap 1 .......... container     SUCCEEDED      4          4        0        0       0       0  
Reducer 2        container       RUNNING     11          0       10        1       0       0  
Reducer 3        container        INITED      7          0        0        7       0       0  
[2K----------------------------------------------------------------------------------------------
[2K[31;1mVERTICES: 01/03  [====>>----------------------] 18%   ELAPSED TIME: 9.20 s     
[22;0m[2K----------------------------------------------------------------------------------------------
[9A[2K----------------------------------------------------------------------------------------------
[2K[36;1m        VERTICES      MODE        STATUS  TOTAL  COMPLETED  RUNNING  PENDING  FAILED  KILLED  
[22;0m[2K----------------------------------------------------------------------------------------------
[2KMap 1 .......... container     SUCCEEDED      4          4        0        0       0       0  
Reducer 2        container       RUNNING     11          0       11        0       0       0  
Reducer 3        container        INITED      7          0        0        7       0       0  
[2K----------------------------------------------------------------------------------------------
[2K[31;1mVERTICES: 01/03  [====>>----------------------] 18%   ELAPSED TIME: 10.21 s    
[22;0m[2K----------------------------------------------------------------------------------------------
[9A[2K----------------------------------------------------------------------------------------------
[2K[36;1m        VERTICES      MODE        STATUS  TOTAL  COMPLETED  RUNNING  PENDING  FAILED  KILLED  
[22;0m[2K----------------------------------------------------------------------------------------------
[2KMap 1 .......... container     SUCCEEDED      4          4        0        0       0       0  
Reducer 2        container       RUNNING     11          0       11        0       0       0  
Reducer 3        container        INITED      7          0        0        7       0       0  
[2K----------------------------------------------------------------------------------------------
[2K[31;1mVERTICES: 01/03  [====>>----------------------] 18%   ELAPSED TIME: 11.21 s    
[22;0m[2K----------------------------------------------------------------------------------------------
[9A[2K----------------------------------------------------------------------------------------------
[2K[36;1m        VERTICES      MODE        STATUS  TOTAL  COMPLETED  RUNNING  PENDING  FAILED  KILLED  
[22;0m[2K----------------------------------------------------------------------------------------------
[2KMap 1 .......... container     SUCCEEDED      4          4        0        0       0       0  
Reducer 2        container       RUNNING     11          0       11        0       0       0  
Reducer 3        container        INITED      7          0        0        7       0       0  
[2K----------------------------------------------------------------------------------------------
[2K[31;1mVERTICES: 01/03  [====>>----------------------] 18%   ELAPSED TIME: 12.21 s    
[22;0m[2K----------------------------------------------------------------------------------------------
[9A[2K----------------------------------------------------------------------------------------------
[2K[36;1m        VERTICES      MODE        STATUS  TOTAL  COMPLETED  RUNNING  PENDING  FAILED  KILLED  
[22;0m[2K----------------------------------------------------------------------------------------------
[2KMap 1 .......... container     SUCCEEDED      4          4        0        0       0       0  
Reducer 2        container       RUNNING     11          0       11        0       0       0  
Reducer 3        container        INITED      7          0        0        7       0       0  
[2K----------------------------------------------------------------------------------------------
[2K[31;1mVERTICES: 01/03  [====>>----------------------] 18%   ELAPSED TIME: 13.22 s    
[22;0m[2K----------------------------------------------------------------------------------------------
[9A[2K----------------------------------------------------------------------------------------------
[2K[36;1m        VERTICES      MODE        STATUS  TOTAL  COMPLETED  RUNNING  PENDING  FAILED  KILLED  
[22;0m[2K----------------------------------------------------------------------------------------------
[2KMap 1 .......... container     SUCCEEDED      4          4        0        0       0       0  
Reducer 2        container       RUNNING     11          0       11        0       0       0  
Reducer 3        container        INITED      7          0        0        7       0       0  
[2K----------------------------------------------------------------------------------------------
[2K[31;1mVERTICES: 01/03  [====>>----------------------] 18%   ELAPSED TIME: 14.22 s    
[22;0m[2K----------------------------------------------------------------------------------------------
[9A[2K----------------------------------------------------------------------------------------------
[2K[36;1m        VERTICES      MODE        STATUS  TOTAL  COMPLETED  RUNNING  PENDING  FAILED  KILLED  
[22;0m[2K----------------------------------------------------------------------------------------------
[2KMap 1 .......... container     SUCCEEDED      4          4        0        0       0       0  
Reducer 2        container       RUNNING     11          0       11        0       0       0  
Reducer 3        container        INITED      7          0        0        7       0       0  
[2K----------------------------------------------------------------------------------------------
[2K[31;1mVERTICES: 01/03  [====>>----------------------] 18%   ELAPSED TIME: 15.22 s    
[22;0m[2K----------------------------------------------------------------------------------------------
[9A[2K----------------------------------------------------------------------------------------------
[2K[36;1m        VERTICES      MODE        STATUS  TOTAL  COMPLETED  RUNNING  PENDING  FAILED  KILLED  
[22;0m[2K----------------------------------------------------------------------------------------------
[2KMap 1 .......... container     SUCCEEDED      4          4        0        0       0       0  
Reducer 2        container       RUNNING     11          0       11        0       0       0  
Reducer 3        container        INITED      7          0        0        7       0       0  
[2K----------------------------------------------------------------------------------------------
[2K[31;1mVERTICES: 01/03  [====>>----------------------] 18%   ELAPSED TIME: 16.23 s    
[22;0m[2K----------------------------------------------------------------------------------------------
[9A[2K----------------------------------------------------------------------------------------------
[2K[36;1m        VERTICES      MODE        STATUS  TOTAL  COMPLETED  RUNNING  PENDING  FAILED  KILLED  
[22;0m[2K----------------------------------------------------------------------------------------------
[2KMap 1 .......... container     SUCCEEDED      4          4        0        0       0       0  
Reducer 2        container       RUNNING     11          0       11        0       0       0  
Reducer 3        container        INITED      7          0        0        7       0       0  
[2K----------------------------------------------------------------------------------------------
[2K[31;1mVERTICES: 01/03  [====>>----------------------] 18%   ELAPSED TIME: 17.23 s    
[22;0m[2K----------------------------------------------------------------------------------------------
[9A[2K----------------------------------------------------------------------------------------------
[2K[36;1m        VERTICES      MODE        STATUS  TOTAL  COMPLETED  RUNNING  PENDING  FAILED  KILLED  
[22;0m[2K----------------------------------------------------------------------------------------------
[2KMap 1 .......... container     SUCCEEDED      4          4        0        0       0       0  
Reducer 2        container       RUNNING     11          1       10        0       0       0  
Reducer 3        container       RUNNING      7          0        1        6       0       0  
[2K----------------------------------------------------------------------------------------------
[2K[31;1mVERTICES: 01/03  [=====>>---------------------] 22%   ELAPSED TIME: 18.23 s    
[22;0m[2K----------------------------------------------------------------------------------------------
[9A[2K----------------------------------------------------------------------------------------------
[2K[36;1m        VERTICES      MODE        STATUS  TOTAL  COMPLETED  RUNNING  PENDING  FAILED  KILLED  
[22;0m[2K----------------------------------------------------------------------------------------------
[2KMap 1 .......... container     SUCCEEDED      4          4        0        0       0       0  
Reducer 2        container       RUNNING     11          1       10        0       0       0  
Reducer 3        container       RUNNING      7          0        1        6       0       0  
[2K----------------------------------------------------------------------------------------------
[2K[31;1mVERTICES: 01/03  [=====>>---------------------] 22%   ELAPSED TIME: 19.23 s    
[22;0m[2K----------------------------------------------------------------------------------------------
[9A[2K----------------------------------------------------------------------------------------------
[2K[36;1m        VERTICES      MODE        STATUS  TOTAL  COMPLETED  RUNNING  PENDING  FAILED  KILLED  
[22;0m[2K----------------------------------------------------------------------------------------------
[2KMap 1 .......... container     SUCCEEDED      4          4        0        0       0       0  
Reducer 2 .      container       RUNNING     11          3        8        0       0       0  
Reducer 3        container       RUNNING      7          0        3        4       0       0  
[2K----------------------------------------------------------------------------------------------
[2K[31;1mVERTICES: 01/03  [========>>------------------] 31%   ELAPSED TIME: 20.74 s    
[22;0m[2K----------------------------------------------------------------------------------------------
[9A[2K----------------------------------------------------------------------------------------------
[2K[36;1m        VERTICES      MODE        STATUS  TOTAL  COMPLETED  RUNNING  PENDING  FAILED  KILLED  
[22;0m[2K----------------------------------------------------------------------------------------------
[2KMap 1 .......... container     SUCCEEDED      4          4        0        0       0       0  
Reducer 2 ..     container       RUNNING     11          5        6        0       0       0  
Reducer 3        container       RUNNING      7          0        5        2       0       0  
[2K----------------------------------------------------------------------------------------------
[2K[31;1mVERTICES: 01/03  [==========>>----------------] 40%   ELAPSED TIME: 22.24 s    
[22;0m[2K----------------------------------------------------------------------------------------------
[9A[2K----------------------------------------------------------------------------------------------
[2K[36;1m        VERTICES      MODE        STATUS  TOTAL  COMPLETED  RUNNING  PENDING  FAILED  KILLED  
[22;0m[2K----------------------------------------------------------------------------------------------
[2KMap 1 .......... container     SUCCEEDED      4          4        0        0       0       0  
Reducer 2 ...    container       RUNNING     11          7        4        0       0       0  
Reducer 3        container       RUNNING      7          0        6        1       0       0  
[2K----------------------------------------------------------------------------------------------
[2K[31;1mVERTICES: 01/03  [=============>>-------------] 50%   ELAPSED TIME: 23.74 s    
[22;0m[2K----------------------------------------------------------------------------------------------
[9A[2K----------------------------------------------------------------------------------------------
[2K[36;1m        VERTICES      MODE        STATUS  TOTAL  COMPLETED  RUNNING  PENDING  FAILED  KILLED  
[22;0m[2K----------------------------------------------------------------------------------------------
[2KMap 1 .......... container     SUCCEEDED      4          4        0        0       0       0  
Reducer 2 ....   container       RUNNING     11          9        2        0       0       0  
Reducer 3        container       RUNNING      7          0        7        0       0       0  
[2K----------------------------------------------------------------------------------------------
[2K[31;1mVERTICES: 01/03  [===============>>-----------] 59%   ELAPSED TIME: 25.24 s    
[22;0m[2K----------------------------------------------------------------------------------------------
[9A[2K----------------------------------------------------------------------------------------------
[2K[36;1m        VERTICES      MODE        STATUS  TOTAL  COMPLETED  RUNNING  PENDING  FAILED  KILLED  
[22;0m[2K----------------------------------------------------------------------------------------------
[2KMap 1 .......... container     SUCCEEDED      4          4        0        0       0       0  
Reducer 2 ...... container     SUCCEEDED     11         11        0        0       0       0  
Reducer 3 ...... container     SUCCEEDED      7          7        0        0       0       0  
[2K----------------------------------------------------------------------------------------------
[2K[31;1mVERTICES: 03/03  [==========================>>] 100%  ELAPSED TIME: 26.74 s    
[22;0m[2K----------------------------------------------------------------------------------------------
[9A[2K----------------------------------------------------------------------------------------------
[2K[36;1m        VERTICES      MODE        STATUS  TOTAL  COMPLETED  RUNNING  PENDING  FAILED  KILLED  
[22;0m[2K----------------------------------------------------------------------------------------------
[2KMap 1 .......... container     SUCCEEDED      4          4        0        0       0       0  
Reducer 2 ...... container     SUCCEEDED     11         11        0        0       0       0  
Reducer 3 ...... container     SUCCEEDED      7          7        0        0       0       0  
[2K----------------------------------------------------------------------------------------------
[2K[31;1mVERTICES: 03/03  [==========================>>] 100%  ELAPSED TIME: 28.24 s    
[22;0m[2K----------------------------------------------------------------------------------------------
[9A[2K----------------------------------------------------------------------------------------------
[2K[36;1m        VERTICES      MODE        STATUS  TOTAL  COMPLETED  RUNNING  PENDING  FAILED  KILLED  
[22;0m[2K----------------------------------------------------------------------------------------------
[2KMap 1 .......... container     SUCCEEDED      4          4        0        0       0       0  
Reducer 2 ...... container     SUCCEEDED     11         11        0        0       0       0  
Reducer 3 ...... container     SUCCEEDED      7          7        0        0       0       0  
[2K----------------------------------------------------------------------------------------------
[2K[31;1mVERTICES: 03/03  [==========================>>] 100%  ELAPSED TIME: 29.75 s    
[22;0m[2K----------------------------------------------------------------------------------------------
[9A[2K----------------------------------------------------------------------------------------------
[2K[36;1m        VERTICES      MODE        STATUS  TOTAL  COMPLETED  RUNNING  PENDING  FAILED  KILLED  
[22;0m[2K----------------------------------------------------------------------------------------------
[2KMap 1 .......... container     SUCCEEDED      4          4        0        0       0       0  
Reducer 2 ...... container     SUCCEEDED     11         11        0        0       0       0  
Reducer 3 ...... container     SUCCEEDED      7          7        0        0       0       0  
[2K----------------------------------------------------------------------------------------------
[2K[31;1mVERTICES: 03/03  [==========================>>] 100%  ELAPSED TIME: 31.75 s    
[22;0m[2K----------------------------------------------------------------------------------------------
[9A[2K----------------------------------------------------------------------------------------------
[2K[36;1m        VERTICES      MODE        STATUS  TOTAL  COMPLETED  RUNNING  PENDING  FAILED  KILLED  
[22;0m[2K----------------------------------------------------------------------------------------------
[2KMap 1 .......... container     SUCCEEDED      4          4        0        0       0       0  
Reducer 2 ...... container     SUCCEEDED     11         11        0        0       0       0  
Reducer 3 ...... container     SUCCEEDED      7          7        0        0       0       0  
[2K----------------------------------------------------------------------------------------------
[2K[31;1mVERTICES: 03/03  [==========================>>] 100%  ELAPSED TIME: 33.75 s    
[22;0m[2K----------------------------------------------------------------------------------------------
[9A[2K----------------------------------------------------------------------------------------------
[2K[36;1m        VERTICES      MODE        STATUS  TOTAL  COMPLETED  RUNNING  PENDING  FAILED  KILLED  
[22;0m[2K----------------------------------------------------------------------------------------------
[2KMap 1 .......... container     SUCCEEDED      4          4        0        0       0       0  
Reducer 2 ...... container     SUCCEEDED     11         11        0        0       0       0  
Reducer 3 ...... container     SUCCEEDED      7          7        0        0       0       0  
[2K----------------------------------------------------------------------------------------------
[2K[31;1mVERTICES: 03/03  [==========================>>] 100%  ELAPSED TIME: 35.77 s    
[22;0m[2K----------------------------------------------------------------------------------------------
[9A[2K----------------------------------------------------------------------------------------------
[2K[36;1m        VERTICES      MODE        STATUS  TOTAL  COMPLETED  RUNNING  PENDING  FAILED  KILLED  
[22;0m[2K----------------------------------------------------------------------------------------------
[2KMap 1 .......... container     SUCCEEDED      4          4        0        0       0       0  
Reducer 2 ...... container     SUCCEEDED     11         11        0        0       0       0  
Reducer 3 ...... container     SUCCEEDED      7          7        0        0       0       0  
[2K----------------------------------------------------------------------------------------------
[2K[31;1mVERTICES: 03/03  [==========================>>] 100%  ELAPSED TIME: 37.77 s    
[22;0m[2K----------------------------------------------------------------------------------------------
[9A[2K----------------------------------------------------------------------------------------------
[2K[36;1m        VERTICES      MODE        STATUS  TOTAL  COMPLETED  RUNNING  PENDING  FAILED  KILLED  
[22;0m[2K----------------------------------------------------------------------------------------------
[2KMap 1 .......... container     SUCCEEDED      4          4        0        0       0       0  
Reducer 2 ...... container     SUCCEEDED     11         11        0        0       0       0  
Reducer 3 ...... container     SUCCEEDED      7          7        0        0       0       0  
[2K----------------------------------------------------------------------------------------------
[2K[31;1mVERTICES: 03/03  [==========================>>] 100%  ELAPSED TIME: 38.96 s    
[22;0m[2K----------------------------------------------------------------------------------------------
INFO  : Starting task [Stage-2:DEPENDENCY_COLLECTION] in serial mode
INFO  : Starting task [Stage-0:MOVE] in serial mode
INFO  : Loading data to table team11_projectdb.tracks_part partition (year=null) from hdfs://hadoop-02.uni.innopolis.ru:8020/user/team11/project/hive/warehouse/tracks_part/.hive-staging_hive_2026-05-10_18-38-36_746_5019529893725926759-2224/-ext-10000
INFO  : 

INFO  : 	 Time taken to load dynamic partitions: 4.02 seconds
INFO  : 	 Time taken for adding to write entity : 0.002 seconds
INFO  : Starting task [Stage-3:STATS] in serial mode
INFO  : Completed executing command(queryId=hive_20260510183836_cd8b513b-7211-41af-af58-c54bf687a3ec); Time taken: 39.292 seconds
INFO  : OK
No rows affected (39.857 seconds)
INFO  : Compiling command(queryId=hive_20260510183916_a745e79c-eff2-400d-a782-ebba26300439): DROP TABLE IF EXISTS interactions_part
INFO  : Semantic Analysis Completed (retrial = false)
INFO  : Returning Hive schema: Schema(fieldSchemas:null, properties:null)
INFO  : EXPLAIN output for queryid hive_20260510183916_a745e79c-eff2-400d-a782-ebba26300439 : STAGE DEPENDENCIES:
  Stage-0 is a root stage [DDL]

STAGE PLANS:
  Stage: Stage-0
      Drop Table Operator:
        Drop Table
          table: interactions_part


INFO  : Completed compiling command(queryId=hive_20260510183916_a745e79c-eff2-400d-a782-ebba26300439); Time taken: 0.056 seconds
INFO  : Executing command(queryId=hive_20260510183916_a745e79c-eff2-400d-a782-ebba26300439): DROP TABLE IF EXISTS interactions_part
INFO  : Starting task [Stage-0:DDL] in serial mode
INFO  : Completed executing command(queryId=hive_20260510183916_a745e79c-eff2-400d-a782-ebba26300439); Time taken: 0.007 seconds
INFO  : OK
No rows affected (0.096 seconds)
INFO  : Compiling command(queryId=hive_20260510183916_b1288791-2713-4084-8820-cbd69625cc7a): CREATE EXTERNAL TABLE interactions_part(
id      INT,
user_id STRING,
item_id STRING,
ts      BIGINT
)
PARTITIONED BY (interaction_flag INT)
CLUSTERED BY  (user_id) INTO 11 BUCKETS
STORED AS ORC
LOCATION 'project/hive/warehouse/interactions_part'
TBLPROPERTIES ('orc.compress'='SNAPPY')
INFO  : Semantic Analysis Completed (retrial = false)
INFO  : Returning Hive schema: Schema(fieldSchemas:null, properties:null)
INFO  : EXPLAIN output for queryid hive_20260510183916_b1288791-2713-4084-8820-cbd69625cc7a : STAGE DEPENDENCIES:
  Stage-0 is a root stage [DDL]

STAGE PLANS:
  Stage: Stage-0
      Create Table Operator:
        Create Table
          bucket columns: user_id
          columns: id int, user_id string, item_id string, ts bigint
          input format: org.apache.hadoop.hive.ql.io.orc.OrcInputFormat
          location: project/hive/warehouse/interactions_part
          # buckets: 11
          output format: org.apache.hadoop.hive.ql.io.orc.OrcOutputFormat
          partition columns: interaction_flag int
          serde name: org.apache.hadoop.hive.ql.io.orc.OrcSerde
          name: team11_projectdb.interactions_part
          table properties:
            orc.compress SNAPPY
          isExternal: true


INFO  : Completed compiling command(queryId=hive_20260510183916_b1288791-2713-4084-8820-cbd69625cc7a); Time taken: 0.042 seconds
INFO  : Executing command(queryId=hive_20260510183916_b1288791-2713-4084-8820-cbd69625cc7a): CREATE EXTERNAL TABLE interactions_part(
id      INT,
user_id STRING,
item_id STRING,
ts      BIGINT
)
PARTITIONED BY (interaction_flag INT)
CLUSTERED BY  (user_id) INTO 11 BUCKETS
STORED AS ORC
LOCATION 'project/hive/warehouse/interactions_part'
TBLPROPERTIES ('orc.compress'='SNAPPY')
INFO  : Starting task [Stage-0:DDL] in serial mode
INFO  : Completed executing command(queryId=hive_20260510183916_b1288791-2713-4084-8820-cbd69625cc7a); Time taken: 0.036 seconds
INFO  : OK
No rows affected (0.117 seconds)
INFO  : Compiling command(queryId=hive_20260510183916_5a929115-0533-492c-bca3-237c22eb301c): INSERT OVERWRITE TABLE interactions_part PARTITION (interaction_flag)
SELECT id, user_id, item_id, ts, interaction_flag
FROM interactions
INFO  : Semantic Analysis Completed (retrial = false)
INFO  : Returning Hive schema: Schema(fieldSchemas:[FieldSchema(name:id, type:int, comment:null), FieldSchema(name:user_id, type:string, comment:null), FieldSchema(name:item_id, type:string, comment:null), FieldSchema(name:ts, type:bigint, comment:null), FieldSchema(name:interaction_flag, type:int, comment:null)], properties:null)
INFO  : EXPLAIN output for queryid hive_20260510183916_5a929115-0533-492c-bca3-237c22eb301c : STAGE DEPENDENCIES:
  Stage-1 is a root stage [MAPRED]
  Stage-2 depends on stages: Stage-1 [DEPENDENCY_COLLECTION]
  Stage-0 depends on stages: Stage-2 [MOVE]
  Stage-3 depends on stages: Stage-0 [STATS]

STAGE PLANS:
  Stage: Stage-1
    Tez
      DagId: hive_20260510183916_5a929115-0533-492c-bca3-237c22eb301c:4553
      Edges:
        Reducer 2 <- Map 1 (CUSTOM_SIMPLE_EDGE)
        Reducer 3 <- Reducer 2 (SIMPLE_EDGE)
      DagName: hive_20260510183916_5a929115-0533-492c-bca3-237c22eb301c:4553
      Vertices:
        Map 1 
            Map Operator Tree:
                TableScan
                  alias: interactions
                  Statistics: Num rows: 9468915 Data size: 3787566336 Basic stats: COMPLETE Column stats: NONE
                  GatherStats: false
                  Select Operator
                    expressions: id (type: int), user_id (type: string), item_id (type: string), ts (type: bigint), interaction_flag (type: int)
                    outputColumnNames: _col0, _col1, _col2, _col3, _col4
                    Statistics: Num rows: 9468915 Data size: 3787566336 Basic stats: COMPLETE Column stats: NONE
                    Reduce Output Operator
                      null sort order: 
                      sort order: 
                      Map-reduce partition columns: _col1 (type: string)
                      Statistics: Num rows: 9468915 Data size: 3787566336 Basic stats: COMPLETE Column stats: NONE
                      tag: -1
                      value expressions: _col0 (type: int), _col1 (type: string), _col2 (type: string), _col3 (type: bigint), _col4 (type: int)
                      auto parallelism: false
            Execution mode: vectorized
            Path -> Alias:
              hdfs://hadoop-02.uni.innopolis.ru:8020/user/team11/project/warehouse/interactions [interactions]
            Path -> Partition:
              hdfs://hadoop-02.uni.innopolis.ru:8020/user/team11/project/warehouse/interactions 
                Partition
                  base file name: interactions
                  input format: org.apache.hadoop.hive.ql.io.avro.AvroContainerInputFormat
                  output format: org.apache.hadoop.hive.ql.io.avro.AvroContainerOutputFormat
                  properties:
                    EXTERNAL TRUE
                    avro.schema.url project/warehouse/avsc/interactions.avsc
                    bucket_count -1
                    bucketing_version 2
                    column.name.delimiter ,
                    columns id,user_id,item_id,interaction_flag,ts
                    columns.comments 
                    columns.types int:string:string:int:bigint
                    file.inputformat org.apache.hadoop.hive.ql.io.avro.AvroContainerInputFormat
                    file.outputformat org.apache.hadoop.hive.ql.io.avro.AvroContainerOutputFormat
                    location hdfs://hadoop-02.uni.innopolis.ru:8020/user/team11/project/warehouse/interactions
                    name team11_projectdb.interactions
                    numFiles 1
                    serialization.ddl struct interactions { i32 id, string user_id, string item_id, i32 interaction_flag, i64 ts}
                    serialization.format 1
                    serialization.lib org.apache.hadoop.hive.serde2.avro.AvroSerDe
                    totalSize 378756646
                    transient_lastDdlTime 1778427492
                  serde: org.apache.hadoop.hive.serde2.avro.AvroSerDe
                
                    input format: org.apache.hadoop.hive.ql.io.avro.AvroContainerInputFormat
                    output format: org.apache.hadoop.hive.ql.io.avro.AvroContainerOutputFormat
                    properties:
                      EXTERNAL TRUE
                      avro.schema.literal {"type":"record","name":"interactions","doc":"Sqoop import of interactions","fields":[{"name":"id","type":["null","int"],"default":null,"columnName":"id","sqlType":"4"},{"name":"user_id","type":["null","string"],"default":null,"columnName":"user_id","sqlType":"12"},{"name":"item_id","type":["null","string"],"default":null,"columnName":"item_id","sqlType":"12"},{"name":"interaction_flag","type":["null","int"],"default":null,"columnName":"interaction_flag","sqlType":"4"},{"name":"ts","type":["null","long"],"default":null,"columnName":"ts","sqlType":"-5"}],"tableName":"interactions"}
                      avro.schema.url project/warehouse/avsc/interactions.avsc
                      bucket_count -1
                      bucketing_version 2
                      column.name.delimiter ,
                      columns id,user_id,item_id,interaction_flag,ts
                      columns.comments 
                      columns.types int:string:string:int:bigint
                      file.inputformat org.apache.hadoop.hive.ql.io.avro.AvroContainerInputFormat
                      file.outputformat org.apache.hadoop.hive.ql.io.avro.AvroContainerOutputFormat
                      location hdfs://hadoop-02.uni.innopolis.ru:8020/user/team11/project/warehouse/interactions
                      name team11_projectdb.interactions
                      numFiles 1
                      serialization.ddl struct interactions { i32 id, string user_id, string item_id, i32 interaction_flag, i64 ts}
                      serialization.format 1
                      serialization.lib org.apache.hadoop.hive.serde2.avro.AvroSerDe
                      totalSize 378756646
                      transient_lastDdlTime 1778427492
                    serde: org.apache.hadoop.hive.serde2.avro.AvroSerDe
                    name: team11_projectdb.interactions
                  name: team11_projectdb.interactions
            Truncated Path -> Alias:
              hdfs://hadoop-02.uni.innopolis.ru:8020/user/team11/project/warehouse/interactions [interactions]
        Reducer 2 
            Needs Tagging: false
            Reduce Operator Tree:
              Select Operator
                expressions: VALUE._col0 (type: int), VALUE._col1 (type: string), VALUE._col2 (type: string), VALUE._col3 (type: bigint), VALUE._col4 (type: int)
                outputColumnNames: _col0, _col1, _col2, _col3, _col4
                Statistics: Num rows: 9468915 Data size: 3787566336 Basic stats: COMPLETE Column stats: NONE
                File Output Operator
                  compressed: true
                  GlobalTableId: 1
                  directory: hdfs://hadoop-02.uni.innopolis.ru:8020/user/team11/project/hive/warehouse/interactions_part/.hive-staging_hive_2026-05-10_18-39-16_919_8161544236128889871-2224/-ext-10000
                  NumFilesPerFileSink: 1
                  Statistics: Num rows: 9468915 Data size: 3787566336 Basic stats: COMPLETE Column stats: NONE
                  Stats Publishing Key Prefix: hdfs://hadoop-02.uni.innopolis.ru:8020/user/team11/project/hive/warehouse/interactions_part/.hive-staging_hive_2026-05-10_18-39-16_919_8161544236128889871-2224/-ext-10000/
                  table:
                      input format: org.apache.hadoop.hive.ql.io.orc.OrcInputFormat
                      output format: org.apache.hadoop.hive.ql.io.orc.OrcOutputFormat
                      properties:
                        EXTERNAL TRUE
                        bucket_count 11
                        bucket_field_name user_id
                        bucketing_version 2
                        column.name.delimiter ,
                        columns id,user_id,item_id,ts
                        columns.comments 
                        columns.types int:string:string:bigint
                        file.inputformat org.apache.hadoop.hive.ql.io.orc.OrcInputFormat
                        file.outputformat org.apache.hadoop.hive.ql.io.orc.OrcOutputFormat
                        location hdfs://hadoop-02.uni.innopolis.ru:8020/user/team11/project/hive/warehouse/interactions_part
                        name team11_projectdb.interactions_part
                        orc.compress SNAPPY
                        partition_columns interaction_flag
                        partition_columns.types int
                        serialization.ddl struct interactions_part { i32 id, string user_id, string item_id, i64 ts}
                        serialization.format 1
                        serialization.lib org.apache.hadoop.hive.ql.io.orc.OrcSerde
                        transient_lastDdlTime 1778427556
                      serde: org.apache.hadoop.hive.ql.io.orc.OrcSerde
                      name: team11_projectdb.interactions_part
                  TotalFiles: 1
                  GatherStats: true
                  MultiFileSpray: false
                Select Operator
                  expressions: _col0 (type: int), _col1 (type: string), _col2 (type: string), _col3 (type: bigint), _col4 (type: int)
                  outputColumnNames: id, user_id, item_id, ts, interaction_flag
                  Statistics: Num rows: 9468915 Data size: 3787566336 Basic stats: COMPLETE Column stats: NONE
                  Group By Operator
                    aggregations: compute_stats(id, 'hll'), compute_stats(user_id, 'hll'), compute_stats(item_id, 'hll'), compute_stats(ts, 'hll')
                    keys: interaction_flag (type: int)
                    mode: hash
                    outputColumnNames: _col0, _col1, _col2, _col3, _col4
                    Statistics: Num rows: 9468915 Data size: 3787566336 Basic stats: COMPLETE Column stats: NONE
                    Reduce Output Operator
                      key expressions: _col0 (type: int)
                      null sort order: a
                      sort order: +
                      Map-reduce partition columns: _col0 (type: int)
                      Statistics: Num rows: 9468915 Data size: 3787566336 Basic stats: COMPLETE Column stats: NONE
                      tag: -1
                      value expressions: _col1 (type: struct<columntype:string,min:bigint,max:bigint,countnulls:bigint,bitvector:binary>), _col2 (type: struct<columntype:string,maxlength:bigint,sumlength:bigint,count:bigint,countnulls:bigint,bitvector:binary>), _col3 (type: struct<columntype:string,maxlength:bigint,sumlength:bigint,count:bigint,countnulls:bigint,bitvector:binary>), _col4 (type: struct<columntype:string,min:bigint,max:bigint,countnulls:bigint,bitvector:binary>)
                      auto parallelism: true
        Reducer 3 
            Needs Tagging: false
            Reduce Operator Tree:
              Group By Operator
                aggregations: compute_stats(VALUE._col0), compute_stats(VALUE._col1), compute_stats(VALUE._col2), compute_stats(VALUE._col3)
                keys: KEY._col0 (type: int)
                mode: mergepartial
                outputColumnNames: _col0, _col1, _col2, _col3, _col4
                Statistics: Num rows: 4734457 Data size: 1893782967 Basic stats: COMPLETE Column stats: NONE
                Select Operator
                  expressions: _col1 (type: struct<columntype:string,min:bigint,max:bigint,countnulls:bigint,numdistinctvalues:bigint,ndvbitvector:binary>), _col2 (type: struct<columntype:string,maxlength:bigint,avglength:double,countnulls:bigint,numdistinctvalues:bigint,ndvbitvector:binary>), _col3 (type: struct<columntype:string,maxlength:bigint,avglength:double,countnulls:bigint,numdistinctvalues:bigint,ndvbitvector:binary>), _col4 (type: struct<columntype:string,min:bigint,max:bigint,countnulls:bigint,numdistinctvalues:bigint,ndvbitvector:binary>), _col0 (type: int)
                  outputColumnNames: _col0, _col1, _col2, _col3, _col4
                  Statistics: Num rows: 4734457 Data size: 1893782967 Basic stats: COMPLETE Column stats: NONE
                  File Output Operator
                    compressed: true
                    GlobalTableId: 0
                    directory: hdfs://hadoop-02.uni.innopolis.ru:8020/tmp/hive/team11/60618785-290c-4039-96d8-5fbead9f38ea/hive_2026-05-10_18-39-17_268_2945486911454767894-2224/-mr-10000/.hive-staging_hive_2026-05-10_18-39-17_268_2945486911454767894-2224/-ext-10001
                    NumFilesPerFileSink: 1
                    Statistics: Num rows: 4734457 Data size: 1893782967 Basic stats: COMPLETE Column stats: NONE
                    Stats Publishing Key Prefix: hdfs://hadoop-02.uni.innopolis.ru:8020/tmp/hive/team11/60618785-290c-4039-96d8-5fbead9f38ea/hive_2026-05-10_18-39-17_268_2945486911454767894-2224/-mr-10000/.hive-staging_hive_2026-05-10_18-39-17_268_2945486911454767894-2224/-ext-10001/
                    table:
                        input format: org.apache.hadoop.mapred.SequenceFileInputFormat
                        output format: org.apache.hadoop.hive.ql.io.HiveSequenceFileOutputFormat
                        properties:
                          columns _col0,_col1,_col2,_col3,_col4
                          columns.types struct<columntype:string,min:bigint,max:bigint,countnulls:bigint,numdistinctvalues:bigint,ndvbitvector:binary>:struct<columntype:string,maxlength:bigint,avglength:double,countnulls:bigint,numdistinctvalues:bigint,ndvbitvector:binary>:struct<columntype:string,maxlength:bigint,avglength:double,countnulls:bigint,numdistinctvalues:bigint,ndvbitvector:binary>:struct<columntype:string,min:bigint,max:bigint,countnulls:bigint,numdistinctvalues:bigint,ndvbitvector:binary>:int
                          escape.delim \
                          hive.serialization.extend.additional.nesting.levels true
                          serialization.escape.crlf true
                          serialization.format 1
                          serialization.lib org.apache.hadoop.hive.serde2.lazy.LazySimpleSerDe
                        serde: org.apache.hadoop.hive.serde2.lazy.LazySimpleSerDe
                    TotalFiles: 1
                    GatherStats: false
                    MultiFileSpray: false

  Stage: Stage-2
    Dependency Collection

  Stage: Stage-0
    Move Operator
      tables:
          partition:
            interaction_flag 
          replace: true
          source: hdfs://hadoop-02.uni.innopolis.ru:8020/user/team11/project/hive/warehouse/interactions_part/.hive-staging_hive_2026-05-10_18-39-16_919_8161544236128889871-2224/-ext-10000
          table:
              input format: org.apache.hadoop.hive.ql.io.orc.OrcInputFormat
              output format: org.apache.hadoop.hive.ql.io.orc.OrcOutputFormat
              properties:
                EXTERNAL TRUE
                bucket_count 11
                bucket_field_name user_id
                bucketing_version 2
                column.name.delimiter ,
                columns id,user_id,item_id,ts
                columns.comments 
                columns.types int:string:string:bigint
                file.inputformat org.apache.hadoop.hive.ql.io.orc.OrcInputFormat
                file.outputformat org.apache.hadoop.hive.ql.io.orc.OrcOutputFormat
                location hdfs://hadoop-02.uni.innopolis.ru:8020/user/team11/project/hive/warehouse/interactions_part
                name team11_projectdb.interactions_part
                orc.compress SNAPPY
                partition_columns interaction_flag
                partition_columns.types int
                serialization.ddl struct interactions_part { i32 id, string user_id, string item_id, i64 ts}
                serialization.format 1
                serialization.lib org.apache.hadoop.hive.ql.io.orc.OrcSerde
                transient_lastDdlTime 1778427556
              serde: org.apache.hadoop.hive.ql.io.orc.OrcSerde
              name: team11_projectdb.interactions_part

  Stage: Stage-3
    Stats Work
      Basic Stats Work:
          Stats Aggregation Key Prefix: hdfs://hadoop-02.uni.innopolis.ru:8020/user/team11/project/hive/warehouse/interactions_part/.hive-staging_hive_2026-05-10_18-39-16_919_8161544236128889871-2224/-ext-10000/
      Column Stats Desc:
          Columns: id, user_id, item_id, ts
          Column Types: int, string, string, bigint
          Table: team11_projectdb.interactions_part
          Is Table Level Stats: false


INFO  : Completed compiling command(queryId=hive_20260510183916_5a929115-0533-492c-bca3-237c22eb301c); Time taken: 0.422 seconds
INFO  : Executing command(queryId=hive_20260510183916_5a929115-0533-492c-bca3-237c22eb301c): INSERT OVERWRITE TABLE interactions_part PARTITION (interaction_flag)
SELECT id, user_id, item_id, ts, interaction_flag
FROM interactions
INFO  : Query ID = hive_20260510183916_5a929115-0533-492c-bca3-237c22eb301c
INFO  : Total jobs = 1
INFO  : Launching Job 1 out of 1
INFO  : Starting task [Stage-1:MAPRED] in serial mode
INFO  : Subscribed to counters: [] for queryId: hive_20260510183916_5a929115-0533-492c-bca3-237c22eb301c
INFO  : Session is already open
INFO  : Dag name: INSERT OVERWRITE TABLE intera...interactions (Stage-1)
INFO  : Status: Running (Executing on YARN cluster with App id application_1777989965680_4792)

[2K----------------------------------------------------------------------------------------------
[2K[36;1m        VERTICES      MODE        STATUS  TOTAL  COMPLETED  RUNNING  PENDING  FAILED  KILLED  
[22;0m[2K----------------------------------------------------------------------------------------------
[2KMap 1            container        INITED      8          0        0        8       0       0  
Reducer 2        container        INITED     11          0        0       11       0       0  
Reducer 3        container        INITED     15          0        0       15       0       0  
[2K----------------------------------------------------------------------------------------------
[2K[31;1mVERTICES: 00/03  [>>--------------------------] 0%    ELAPSED TIME: 1.27 s     
[22;0m[2K----------------------------------------------------------------------------------------------
[9A[2K----------------------------------------------------------------------------------------------
[2K[36;1m        VERTICES      MODE        STATUS  TOTAL  COMPLETED  RUNNING  PENDING  FAILED  KILLED  
[22;0m[2K----------------------------------------------------------------------------------------------
[2KMap 1            container        INITED      8          0        0        8       0       0  
Reducer 2        container        INITED     11          0        0       11       0       0  
Reducer 3        container        INITED     15          0        0       15       0       0  
[2K----------------------------------------------------------------------------------------------
[2K[31;1mVERTICES: 00/03  [>>--------------------------] 0%    ELAPSED TIME: 1.78 s     
[22;0m[2K----------------------------------------------------------------------------------------------
[9A[2K----------------------------------------------------------------------------------------------
[2K[36;1m        VERTICES      MODE        STATUS  TOTAL  COMPLETED  RUNNING  PENDING  FAILED  KILLED  
[22;0m[2K----------------------------------------------------------------------------------------------
[2KMap 1            container        INITED      8          0        0        8       0       0  
Reducer 2        container        INITED     11          0        0       11       0       0  
Reducer 3        container        INITED     15          0        0       15       0       0  
[2K----------------------------------------------------------------------------------------------
[2K[31;1mVERTICES: 00/03  [>>--------------------------] 0%    ELAPSED TIME: 2.28 s     
[22;0m[2K----------------------------------------------------------------------------------------------
[9A[2K----------------------------------------------------------------------------------------------
[2K[36;1m        VERTICES      MODE        STATUS  TOTAL  COMPLETED  RUNNING  PENDING  FAILED  KILLED  
[22;0m[2K----------------------------------------------------------------------------------------------
[2KMap 1            container        INITED      8          0        0        8       0       0  
Reducer 2        container        INITED     11          0        0       11       0       0  
Reducer 3        container        INITED     15          0        0       15       0       0  
[2K----------------------------------------------------------------------------------------------
[2K[31;1mVERTICES: 00/03  [>>--------------------------] 0%    ELAPSED TIME: 2.78 s     
[22;0m[2K----------------------------------------------------------------------------------------------
[9A[2K----------------------------------------------------------------------------------------------
[2K[36;1m        VERTICES      MODE        STATUS  TOTAL  COMPLETED  RUNNING  PENDING  FAILED  KILLED  
[22;0m[2K----------------------------------------------------------------------------------------------
[2KMap 1            container        INITED      8          0        0        8       0       0  
Reducer 2        container        INITED     11          0        0       11       0       0  
Reducer 3        container        INITED     15          0        0       15       0       0  
[2K----------------------------------------------------------------------------------------------
[2K[31;1mVERTICES: 00/03  [>>--------------------------] 0%    ELAPSED TIME: 3.28 s     
[22;0m[2K----------------------------------------------------------------------------------------------
[9A[2K----------------------------------------------------------------------------------------------
[2K[36;1m        VERTICES      MODE        STATUS  TOTAL  COMPLETED  RUNNING  PENDING  FAILED  KILLED  
[22;0m[2K----------------------------------------------------------------------------------------------
[2KMap 1            container       RUNNING      8          0        2        6       0       0  
Reducer 2        container        INITED     11          0        0       11       0       0  
Reducer 3        container        INITED     15          0        0       15       0       0  
[2K----------------------------------------------------------------------------------------------
[2K[31;1mVERTICES: 00/03  [>>--------------------------] 0%    ELAPSED TIME: 3.78 s     
[22;0m[2K----------------------------------------------------------------------------------------------
[9A[2K----------------------------------------------------------------------------------------------
[2K[36;1m        VERTICES      MODE        STATUS  TOTAL  COMPLETED  RUNNING  PENDING  FAILED  KILLED  
[22;0m[2K----------------------------------------------------------------------------------------------
[2KMap 1            container       RUNNING      8          0        8        0       0       0  
Reducer 2        container        INITED     11          0        0       11       0       0  
Reducer 3        container        INITED     15          0        0       15       0       0  
[2K----------------------------------------------------------------------------------------------
[2K[31;1mVERTICES: 00/03  [>>--------------------------] 0%    ELAPSED TIME: 4.28 s     
[22;0m[2K----------------------------------------------------------------------------------------------
[9A[2K----------------------------------------------------------------------------------------------
[2K[36;1m        VERTICES      MODE        STATUS  TOTAL  COMPLETED  RUNNING  PENDING  FAILED  KILLED  
[22;0m[2K----------------------------------------------------------------------------------------------
[2KMap 1            container       RUNNING      8          0        8        0       0       0  
Reducer 2        container        INITED     11          0        0       11       0       0  
Reducer 3        container        INITED     15          0        0       15       0       0  
[2K----------------------------------------------------------------------------------------------
[2K[31;1mVERTICES: 00/03  [>>--------------------------] 0%    ELAPSED TIME: 4.79 s     
[22;0m[2K----------------------------------------------------------------------------------------------
[9A[2K----------------------------------------------------------------------------------------------
[2K[36;1m        VERTICES      MODE        STATUS  TOTAL  COMPLETED  RUNNING  PENDING  FAILED  KILLED  
[22;0m[2K----------------------------------------------------------------------------------------------
[2KMap 1            container       RUNNING      8          0        8        0       0       0  
Reducer 2        container        INITED     11          0        0       11       0       0  
Reducer 3        container        INITED     15          0        0       15       0       0  
[2K----------------------------------------------------------------------------------------------
[2K[31;1mVERTICES: 00/03  [>>--------------------------] 0%    ELAPSED TIME: 5.29 s     
[22;0m[2K----------------------------------------------------------------------------------------------
[9A[2K----------------------------------------------------------------------------------------------
[2K[36;1m        VERTICES      MODE        STATUS  TOTAL  COMPLETED  RUNNING  PENDING  FAILED  KILLED  
[22;0m[2K----------------------------------------------------------------------------------------------
[2KMap 1            container       RUNNING      8          0        8        0       0       0  
Reducer 2        container        INITED     11          0        0       11       0       0  
Reducer 3        container        INITED     15          0        0       15       0       0  
[2K----------------------------------------------------------------------------------------------
[2K[31;1mVERTICES: 00/03  [>>--------------------------] 0%    ELAPSED TIME: 5.80 s     
[22;0m[2K----------------------------------------------------------------------------------------------
[9A[2K----------------------------------------------------------------------------------------------
[2K[36;1m        VERTICES      MODE        STATUS  TOTAL  COMPLETED  RUNNING  PENDING  FAILED  KILLED  
[22;0m[2K----------------------------------------------------------------------------------------------
[2KMap 1            container       RUNNING      8          0        8        0       0       0  
Reducer 2        container        INITED     11          0        0       11       0       0  
Reducer 3        container        INITED     15          0        0       15       0       0  
[2K----------------------------------------------------------------------------------------------
[2K[31;1mVERTICES: 00/03  [>>--------------------------] 0%    ELAPSED TIME: 6.30 s     
[22;0m[2K----------------------------------------------------------------------------------------------
[9A[2K----------------------------------------------------------------------------------------------
[2K[36;1m        VERTICES      MODE        STATUS  TOTAL  COMPLETED  RUNNING  PENDING  FAILED  KILLED  
[22;0m[2K----------------------------------------------------------------------------------------------
[2KMap 1            container       RUNNING      8          0        8        0       0       0  
Reducer 2        container        INITED     11          0        0       11       0       0  
Reducer 3        container        INITED     15          0        0       15       0       0  
[2K----------------------------------------------------------------------------------------------
[2K[31;1mVERTICES: 00/03  [>>--------------------------] 0%    ELAPSED TIME: 6.80 s     
[22;0m[2K----------------------------------------------------------------------------------------------
[9A[2K----------------------------------------------------------------------------------------------
[2K[36;1m        VERTICES      MODE        STATUS  TOTAL  COMPLETED  RUNNING  PENDING  FAILED  KILLED  
[22;0m[2K----------------------------------------------------------------------------------------------
[2KMap 1            container       RUNNING      8          0        8        0       0       0  
Reducer 2        container        INITED     11          0        0       11       0       0  
Reducer 3        container        INITED     15          0        0       15       0       0  
[2K----------------------------------------------------------------------------------------------
[2K[31;1mVERTICES: 00/03  [>>--------------------------] 0%    ELAPSED TIME: 7.30 s     
[22;0m[2K----------------------------------------------------------------------------------------------
[9A[2K----------------------------------------------------------------------------------------------
[2K[36;1m        VERTICES      MODE        STATUS  TOTAL  COMPLETED  RUNNING  PENDING  FAILED  KILLED  
[22;0m[2K----------------------------------------------------------------------------------------------
[2KMap 1            container       RUNNING      8          0        8        0       0       0  
Reducer 2        container        INITED     11          0        0       11       0       0  
Reducer 3        container        INITED     15          0        0       15       0       0  
[2K----------------------------------------------------------------------------------------------
[2K[31;1mVERTICES: 00/03  [>>--------------------------] 0%    ELAPSED TIME: 7.80 s     
[22;0m[2K----------------------------------------------------------------------------------------------
[9A[2K----------------------------------------------------------------------------------------------
[2K[36;1m        VERTICES      MODE        STATUS  TOTAL  COMPLETED  RUNNING  PENDING  FAILED  KILLED  
[22;0m[2K----------------------------------------------------------------------------------------------
[2KMap 1 ..         container       RUNNING      8          2        6        0       0       0  
Reducer 2        container       RUNNING     11          0        2        9       0       0  
Reducer 3        container        INITED     15          0        0       15       0       0  
[2K----------------------------------------------------------------------------------------------
[2K[31;1mVERTICES: 00/03  [=>>-------------------------] 5%    ELAPSED TIME: 8.31 s     
[22;0m[2K----------------------------------------------------------------------------------------------
[9A[2K----------------------------------------------------------------------------------------------
[2K[36;1m        VERTICES      MODE        STATUS  TOTAL  COMPLETED  RUNNING  PENDING  FAILED  KILLED  
[22;0m[2K----------------------------------------------------------------------------------------------
[2KMap 1 ..         container       RUNNING      8          2        6        0       0       0  
Reducer 2        container       RUNNING     11          0        2        9       0       0  
Reducer 3        container        INITED     15          0        0       15       0       0  
[2K----------------------------------------------------------------------------------------------
[2K[31;1mVERTICES: 00/03  [=>>-------------------------] 5%    ELAPSED TIME: 8.81 s     
[22;0m[2K----------------------------------------------------------------------------------------------
[9A[2K----------------------------------------------------------------------------------------------
[2K[36;1m        VERTICES      MODE        STATUS  TOTAL  COMPLETED  RUNNING  PENDING  FAILED  KILLED  
[22;0m[2K----------------------------------------------------------------------------------------------
[2KMap 1 ..         container       RUNNING      8          2        6        0       0       0  
Reducer 2        container       RUNNING     11          0        2        9       0       0  
Reducer 3        container        INITED     15          0        0       15       0       0  
[2K----------------------------------------------------------------------------------------------
[2K[31;1mVERTICES: 00/03  [=>>-------------------------] 5%    ELAPSED TIME: 9.31 s     
[22;0m[2K----------------------------------------------------------------------------------------------
[9A[2K----------------------------------------------------------------------------------------------
[2K[36;1m        VERTICES      MODE        STATUS  TOTAL  COMPLETED  RUNNING  PENDING  FAILED  KILLED  
[22;0m[2K----------------------------------------------------------------------------------------------
[2KMap 1 ...        container       RUNNING      8          3        5        0       0       0  
Reducer 2        container       RUNNING     11          0        3        8       0       0  
Reducer 3        container        INITED     15          0        0       15       0       0  
[2K----------------------------------------------------------------------------------------------
[2K[31;1mVERTICES: 00/03  [==>>------------------------] 8%    ELAPSED TIME: 9.81 s     
[22;0m[2K----------------------------------------------------------------------------------------------
[9A[2K----------------------------------------------------------------------------------------------
[2K[36;1m        VERTICES      MODE        STATUS  TOTAL  COMPLETED  RUNNING  PENDING  FAILED  KILLED  
[22;0m[2K----------------------------------------------------------------------------------------------
[2KMap 1 ...        container       RUNNING      8          3        5        0       0       0  
Reducer 2        container       RUNNING     11          0        3        8       0       0  
Reducer 3        container        INITED     15          0        0       15       0       0  
[2K----------------------------------------------------------------------------------------------
[2K[31;1mVERTICES: 00/03  [==>>------------------------] 8%    ELAPSED TIME: 10.81 s    
[22;0m[2K----------------------------------------------------------------------------------------------
[9A[2K----------------------------------------------------------------------------------------------
[2K[36;1m        VERTICES      MODE        STATUS  TOTAL  COMPLETED  RUNNING  PENDING  FAILED  KILLED  
[22;0m[2K----------------------------------------------------------------------------------------------
[2KMap 1 .....      container       RUNNING      8          4        4        0       0       0  
Reducer 2        container       RUNNING     11          0        5        6       0       0  
Reducer 3        container        INITED     15          0        0       15       0       0  
[2K----------------------------------------------------------------------------------------------
[2K[31;1mVERTICES: 00/03  [===>>-----------------------] 11%   ELAPSED TIME: 11.81 s    
[22;0m[2K----------------------------------------------------------------------------------------------
[9A[2K----------------------------------------------------------------------------------------------
[2K[36;1m        VERTICES      MODE        STATUS  TOTAL  COMPLETED  RUNNING  PENDING  FAILED  KILLED  
[22;0m[2K----------------------------------------------------------------------------------------------
[2KMap 1 .......    container       RUNNING      8          6        2        0       0       0  
Reducer 2        container       RUNNING     11          0        7        4       0       0  
Reducer 3        container        INITED     15          0        0       15       0       0  
[2K----------------------------------------------------------------------------------------------
[2K[31;1mVERTICES: 00/03  [====>>----------------------] 17%   ELAPSED TIME: 12.82 s    
[22;0m[2K----------------------------------------------------------------------------------------------
[9A[2K----------------------------------------------------------------------------------------------
[2K[36;1m        VERTICES      MODE        STATUS  TOTAL  COMPLETED  RUNNING  PENDING  FAILED  KILLED  
[22;0m[2K----------------------------------------------------------------------------------------------
[2KMap 1 .......... container     SUCCEEDED      8          8        0        0       0       0  
Reducer 2        container       RUNNING     11          0        8        3       0       0  
Reducer 3        container        INITED     15          0        0       15       0       0  
[2K----------------------------------------------------------------------------------------------
[2K[31;1mVERTICES: 01/03  [======>>--------------------] 23%   ELAPSED TIME: 22.41 s    
[22;0m[2K----------------------------------------------------------------------------------------------
[9A[2K----------------------------------------------------------------------------------------------
[2K[36;1m        VERTICES      MODE        STATUS  TOTAL  COMPLETED  RUNNING  PENDING  FAILED  KILLED  
[22;0m[2K----------------------------------------------------------------------------------------------
[2KMap 1 .......... container     SUCCEEDED      8          8        0        0       0       0  
Reducer 2 ..     container       RUNNING     11          4        4        3       0       0  
Reducer 3        container       RUNNING     15          0        4       11       0       0  
[2K----------------------------------------------------------------------------------------------
[2K[31;1mVERTICES: 01/03  [=========>>-----------------] 35%   ELAPSED TIME: 23.91 s    
[22;0m[2K----------------------------------------------------------------------------------------------
[9A[2K----------------------------------------------------------------------------------------------
[2K[36;1m        VERTICES      MODE        STATUS  TOTAL  COMPLETED  RUNNING  PENDING  FAILED  KILLED  
[22;0m[2K----------------------------------------------------------------------------------------------
[2KMap 1 .......... container     SUCCEEDED      8          8        0        0       0       0  
Reducer 2 ....   container       RUNNING     11          8        3        0       0       0  
Reducer 3        container       RUNNING     15          0        8        7       0       0  
[2K----------------------------------------------------------------------------------------------
[2K[31;1mVERTICES: 01/03  [============>>--------------] 47%   ELAPSED TIME: 25.41 s    
[22;0m[2K----------------------------------------------------------------------------------------------
[9A[2K----------------------------------------------------------------------------------------------
[2K[36;1m        VERTICES      MODE        STATUS  TOTAL  COMPLETED  RUNNING  PENDING  FAILED  KILLED  
[22;0m[2K----------------------------------------------------------------------------------------------
[2KMap 1 .......... container     SUCCEEDED      8          8        0        0       0       0  
Reducer 2 ....   container       RUNNING     11          8        3        0       0       0  
Reducer 3        container       RUNNING     15          0       12        3       0       0  
[2K----------------------------------------------------------------------------------------------
[2K[31;1mVERTICES: 01/03  [============>>--------------] 47%   ELAPSED TIME: 26.91 s    
[22;0m[2K----------------------------------------------------------------------------------------------
[9A[2K----------------------------------------------------------------------------------------------
[2K[36;1m        VERTICES      MODE        STATUS  TOTAL  COMPLETED  RUNNING  PENDING  FAILED  KILLED  
[22;0m[2K----------------------------------------------------------------------------------------------
[2KMap 1 .......... container     SUCCEEDED      8          8        0        0       0       0  
Reducer 2 ....   container       RUNNING     11          8        3        0       0       0  
Reducer 3        container       RUNNING     15          0       14        1       0       0  
[2K----------------------------------------------------------------------------------------------
[2K[31;1mVERTICES: 01/03  [============>>--------------] 47%   ELAPSED TIME: 28.41 s    
[22;0m[2K----------------------------------------------------------------------------------------------
[9A[2K----------------------------------------------------------------------------------------------
[2K[36;1m        VERTICES      MODE        STATUS  TOTAL  COMPLETED  RUNNING  PENDING  FAILED  KILLED  
[22;0m[2K----------------------------------------------------------------------------------------------
[2KMap 1 .......... container     SUCCEEDED      8          8        0        0       0       0  
Reducer 2 ....   container       RUNNING     11          8        3        0       0       0  
Reducer 3        container       RUNNING     15          0       15        0       0       0  
[2K----------------------------------------------------------------------------------------------
[2K[31;1mVERTICES: 01/03  [============>>--------------] 47%   ELAPSED TIME: 29.92 s    
[22;0m[2K----------------------------------------------------------------------------------------------
[9A[2K----------------------------------------------------------------------------------------------
[2K[36;1m        VERTICES      MODE        STATUS  TOTAL  COMPLETED  RUNNING  PENDING  FAILED  KILLED  
[22;0m[2K----------------------------------------------------------------------------------------------
[2KMap 1 .......... container     SUCCEEDED      8          8        0        0       0       0  
Reducer 2 ....   container       RUNNING     11          8        3        0       0       0  
Reducer 3        container       RUNNING     15          0       15        0       0       0  
[2K----------------------------------------------------------------------------------------------
[2K[31;1mVERTICES: 01/03  [============>>--------------] 47%   ELAPSED TIME: 31.92 s    
[22;0m[2K----------------------------------------------------------------------------------------------
[9A[2K----------------------------------------------------------------------------------------------
[2K[36;1m        VERTICES      MODE        STATUS  TOTAL  COMPLETED  RUNNING  PENDING  FAILED  KILLED  
[22;0m[2K----------------------------------------------------------------------------------------------
[2KMap 1 .......... container     SUCCEEDED      8          8        0        0       0       0  
Reducer 2 ....   container       RUNNING     11          8        3        0       0       0  
Reducer 3        container       RUNNING     15          0       15        0       0       0  
[2K----------------------------------------------------------------------------------------------
[2K[31;1mVERTICES: 01/03  [============>>--------------] 47%   ELAPSED TIME: 33.92 s    
[22;0m[2K----------------------------------------------------------------------------------------------
[9A[2K----------------------------------------------------------------------------------------------
[2K[36;1m        VERTICES      MODE        STATUS  TOTAL  COMPLETED  RUNNING  PENDING  FAILED  KILLED  
[22;0m[2K----------------------------------------------------------------------------------------------
[2KMap 1 .......... container     SUCCEEDED      8          8        0        0       0       0  
Reducer 2 ...... container     SUCCEEDED     11         11        0        0       0       0  
Reducer 3 ...... container     SUCCEEDED     15         15        0        0       0       0  
[2K----------------------------------------------------------------------------------------------
[2K[31;1mVERTICES: 03/03  [==========================>>] 100%  ELAPSED TIME: 35.02 s    
[22;0m[2K----------------------------------------------------------------------------------------------
INFO  : Starting task [Stage-2:DEPENDENCY_COLLECTION] in serial mode
INFO  : Starting task [Stage-0:MOVE] in serial mode
INFO  : Loading data to table team11_projectdb.interactions_part partition (interaction_flag=null) from hdfs://hadoop-02.uni.innopolis.ru:8020/user/team11/project/hive/warehouse/interactions_part/.hive-staging_hive_2026-05-10_18-39-16_919_8161544236128889871-2224/-ext-10000
INFO  : 

INFO  : 	 Time taken to load dynamic partitions: 0.129 seconds
INFO  : 	 Time taken for adding to write entity : 0.0 seconds
INFO  : Starting task [Stage-3:STATS] in serial mode
INFO  : Completed executing command(queryId=hive_20260510183916_5a929115-0533-492c-bca3-237c22eb301c); Time taken: 35.231 seconds
INFO  : OK
No rows affected (35.675 seconds)
INFO  : Compiling command(queryId=hive_20260510183952_caf37f6f-ac73-4e57-bb1f-463544a7bf99): DROP TABLE IF EXISTS tracks
INFO  : Semantic Analysis Completed (retrial = false)
INFO  : Returning Hive schema: Schema(fieldSchemas:null, properties:null)
INFO  : EXPLAIN output for queryid hive_20260510183952_caf37f6f-ac73-4e57-bb1f-463544a7bf99 : STAGE DEPENDENCIES:
  Stage-0 is a root stage [DDL]

STAGE PLANS:
  Stage: Stage-0
      Drop Table Operator:
        Drop Table
          table: tracks


INFO  : Completed compiling command(queryId=hive_20260510183952_caf37f6f-ac73-4e57-bb1f-463544a7bf99); Time taken: 0.05 seconds
INFO  : Executing command(queryId=hive_20260510183952_caf37f6f-ac73-4e57-bb1f-463544a7bf99): DROP TABLE IF EXISTS tracks
INFO  : Starting task [Stage-0:DDL] in serial mode
INFO  : Completed executing command(queryId=hive_20260510183952_caf37f6f-ac73-4e57-bb1f-463544a7bf99); Time taken: 0.071 seconds
INFO  : OK
No rows affected (0.148 seconds)
INFO  : Compiling command(queryId=hive_20260510183952_c91d48ac-9559-4153-bc46-ad8799eef98a): DROP TABLE IF EXISTS interactions
INFO  : Semantic Analysis Completed (retrial = false)
INFO  : Returning Hive schema: Schema(fieldSchemas:null, properties:null)
INFO  : EXPLAIN output for queryid hive_20260510183952_c91d48ac-9559-4153-bc46-ad8799eef98a : STAGE DEPENDENCIES:
  Stage-0 is a root stage [DDL]

STAGE PLANS:
  Stage: Stage-0
      Drop Table Operator:
        Drop Table
          table: interactions


INFO  : Completed compiling command(queryId=hive_20260510183952_c91d48ac-9559-4153-bc46-ad8799eef98a); Time taken: 0.058 seconds
INFO  : Executing command(queryId=hive_20260510183952_c91d48ac-9559-4153-bc46-ad8799eef98a): DROP TABLE IF EXISTS interactions
INFO  : Starting task [Stage-0:DDL] in serial mode
INFO  : Completed executing command(queryId=hive_20260510183952_c91d48ac-9559-4153-bc46-ad8799eef98a); Time taken: 0.058 seconds
INFO  : OK
No rows affected (0.142 seconds)
INFO  : Compiling command(queryId=hive_20260510183952_e8b6b7d1-7b93-4a20-8d57-e98a09939001): SHOW TABLES
INFO  : Semantic Analysis Completed (retrial = false)
INFO  : Returning Hive schema: Schema(fieldSchemas:[FieldSchema(name:tab_name, type:string, comment:from deserializer)], properties:null)
INFO  : EXPLAIN output for queryid hive_20260510183952_e8b6b7d1-7b93-4a20-8d57-e98a09939001 : STAGE DEPENDENCIES:
  Stage-0 is a root stage [DDL]
  Stage-1 depends on stages: Stage-0 [FETCH]

STAGE PLANS:
  Stage: Stage-0
      Show Table Operator:
        Show Tables
          database name: team11_projectdb
          result file: file:/tmp/hive/60618785-290c-4039-96d8-5fbead9f38ea/hive_2026-05-10_18-39-52_943_2640721721187901681-2224/-local-10000

  Stage: Stage-1
    Fetch Operator
      limit: -1
      Processor Tree:
        ListSink


INFO  : Completed compiling command(queryId=hive_20260510183952_e8b6b7d1-7b93-4a20-8d57-e98a09939001); Time taken: 0.02 seconds
INFO  : Executing command(queryId=hive_20260510183952_e8b6b7d1-7b93-4a20-8d57-e98a09939001): SHOW TABLES
INFO  : Starting task [Stage-0:DDL] in serial mode
INFO  : Completed executing command(queryId=hive_20260510183952_e8b6b7d1-7b93-4a20-8d57-e98a09939001); Time taken: 0.008 seconds
INFO  : OK
2 rows selected (0.036 seconds)
INFO  : Compiling command(queryId=hive_20260510183952_88f64ac1-a15e-4709-82c7-a20b0079b2a5): SHOW PARTITIONS tracks_part
INFO  : Semantic Analysis Completed (retrial = false)
INFO  : Returning Hive schema: Schema(fieldSchemas:[FieldSchema(name:partition, type:string, comment:from deserializer)], properties:null)
INFO  : EXPLAIN output for queryid hive_20260510183952_88f64ac1-a15e-4709-82c7-a20b0079b2a5 : STAGE DEPENDENCIES:
  Stage-0 is a root stage [DDL]
  Stage-1 depends on stages: Stage-0 [FETCH]

STAGE PLANS:
  Stage: Stage-0
      Show Partitions Operator:
        Show Partitions
          result file: file:/tmp/hive/60618785-290c-4039-96d8-5fbead9f38ea/hive_2026-05-10_18-39-52_990_4212773006088463003-2224/-local-10000
          table: tracks_part

  Stage: Stage-1
    Fetch Operator
      limit: -1
      Processor Tree:
        ListSink


INFO  : Completed compiling command(queryId=hive_20260510183952_88f64ac1-a15e-4709-82c7-a20b0079b2a5); Time taken: 0.058 seconds
INFO  : Executing command(queryId=hive_20260510183952_88f64ac1-a15e-4709-82c7-a20b0079b2a5): SHOW PARTITIONS tracks_part
INFO  : Starting task [Stage-0:DDL] in serial mode
INFO  : Completed executing command(queryId=hive_20260510183952_88f64ac1-a15e-4709-82c7-a20b0079b2a5); Time taken: 0.029 seconds
INFO  : OK
101 rows selected (0.1 seconds)
INFO  : Compiling command(queryId=hive_20260510183953_c73903a2-8aa1-4feb-9ede-bb817ba6041d): SHOW PARTITIONS interactions_part
INFO  : Semantic Analysis Completed (retrial = false)
INFO  : Returning Hive schema: Schema(fieldSchemas:[FieldSchema(name:partition, type:string, comment:from deserializer)], properties:null)
INFO  : EXPLAIN output for queryid hive_20260510183953_c73903a2-8aa1-4feb-9ede-bb817ba6041d : STAGE DEPENDENCIES:
  Stage-0 is a root stage [DDL]
  Stage-1 depends on stages: Stage-0 [FETCH]

STAGE PLANS:
  Stage: Stage-0
      Show Partitions Operator:
        Show Partitions
          result file: file:/tmp/hive/60618785-290c-4039-96d8-5fbead9f38ea/hive_2026-05-10_18-39-53_098_18829528730582546-2224/-local-10000
          table: interactions_part

  Stage: Stage-1
    Fetch Operator
      limit: -1
      Processor Tree:
        ListSink


INFO  : Completed compiling command(queryId=hive_20260510183953_c73903a2-8aa1-4feb-9ede-bb817ba6041d); Time taken: 0.068 seconds
INFO  : Executing command(queryId=hive_20260510183953_c73903a2-8aa1-4feb-9ede-bb817ba6041d): SHOW PARTITIONS interactions_part
INFO  : Starting task [Stage-0:DDL] in serial mode
INFO  : Completed executing command(queryId=hive_20260510183953_c73903a2-8aa1-4feb-9ede-bb817ba6041d); Time taken: 0.039 seconds
INFO  : OK
2 rows selected (0.117 seconds)
INFO  : Compiling command(queryId=hive_20260510183953_4c9db8c7-7a9a-4ebd-985a-75cfb34f67cc): DESCRIBE FORMATTED tracks_part
INFO  : Semantic Analysis Completed (retrial = false)
INFO  : Returning Hive schema: Schema(fieldSchemas:[FieldSchema(name:col_name, type:string, comment:from deserializer), FieldSchema(name:data_type, type:string, comment:from deserializer), FieldSchema(name:comment, type:string, comment:from deserializer)], properties:null)
INFO  : EXPLAIN output for queryid hive_20260510183953_4c9db8c7-7a9a-4ebd-985a-75cfb34f67cc : STAGE DEPENDENCIES:
  Stage-0 is a root stage [DDL]
  Stage-1 depends on stages: Stage-0 [FETCH]

STAGE PLANS:
  Stage: Stage-0
      Describe Table Operator:
        Describe Table
          result file: file:/tmp/hive/60618785-290c-4039-96d8-5fbead9f38ea/hive_2026-05-10_18-39-53_218_1416479643871641466-2224/-local-10000
          table: tracks_part

  Stage: Stage-1
    Fetch Operator
      limit: -1
      Processor Tree:
        ListSink


INFO  : Completed compiling command(queryId=hive_20260510183953_4c9db8c7-7a9a-4ebd-985a-75cfb34f67cc); Time taken: 0.051 seconds
INFO  : Executing command(queryId=hive_20260510183953_4c9db8c7-7a9a-4ebd-985a-75cfb34f67cc): DESCRIBE FORMATTED tracks_part
INFO  : Starting task [Stage-0:DDL] in serial mode
INFO  : Completed executing command(queryId=hive_20260510183953_4c9db8c7-7a9a-4ebd-985a-75cfb34f67cc); Time taken: 0.099 seconds
INFO  : OK
60 rows selected (0.197 seconds)
INFO  : Compiling command(queryId=hive_20260510183953_0cf99b3c-b642-433b-ac83-95aaee5a9028): DESCRIBE FORMATTED interactions_part
INFO  : Semantic Analysis Completed (retrial = false)
INFO  : Returning Hive schema: Schema(fieldSchemas:[FieldSchema(name:col_name, type:string, comment:from deserializer), FieldSchema(name:data_type, type:string, comment:from deserializer), FieldSchema(name:comment, type:string, comment:from deserializer)], properties:null)
INFO  : EXPLAIN output for queryid hive_20260510183953_0cf99b3c-b642-433b-ac83-95aaee5a9028 : STAGE DEPENDENCIES:
  Stage-0 is a root stage [DDL]
  Stage-1 depends on stages: Stage-0 [FETCH]

STAGE PLANS:
  Stage: Stage-0
      Describe Table Operator:
        Describe Table
          result file: file:/tmp/hive/60618785-290c-4039-96d8-5fbead9f38ea/hive_2026-05-10_18-39-53_425_2434965103748366436-2224/-local-10000
          table: interactions_part

  Stage: Stage-1
    Fetch Operator
      limit: -1
      Processor Tree:
        ListSink


INFO  : Completed compiling command(queryId=hive_20260510183953_0cf99b3c-b642-433b-ac83-95aaee5a9028); Time taken: 0.048 seconds
INFO  : Executing command(queryId=hive_20260510183953_0cf99b3c-b642-433b-ac83-95aaee5a9028): DESCRIBE FORMATTED interactions_part
INFO  : Starting task [Stage-0:DDL] in serial mode
INFO  : Completed executing command(queryId=hive_20260510183953_0cf99b3c-b642-433b-ac83-95aaee5a9028); Time taken: 0.077 seconds
INFO  : OK
41 rows selected (0.155 seconds)
INFO  : Compiling command(queryId=hive_20260510183953_2b488829-0683-4260-af38-e7841b6ca2f6): SELECT 'tracks_part'       AS metric, COUNT(*) AS value FROM tracks_part
INFO  : Semantic Analysis Completed (retrial = false)
INFO  : Returning Hive schema: Schema(fieldSchemas:[FieldSchema(name:metric, type:string, comment:null), FieldSchema(name:value, type:bigint, comment:null)], properties:null)
INFO  : EXPLAIN output for queryid hive_20260510183953_2b488829-0683-4260-af38-e7841b6ca2f6 : STAGE DEPENDENCIES:
  Stage-1 is a root stage [MAPRED]
  Stage-0 depends on stages: Stage-1 [FETCH]

STAGE PLANS:
  Stage: Stage-1
    Tez
      DagId: hive_20260510183953_2b488829-0683-4260-af38-e7841b6ca2f6:4558
      Edges:
        Reducer 2 <- Map 1 (CUSTOM_SIMPLE_EDGE)
      DagName: hive_20260510183953_2b488829-0683-4260-af38-e7841b6ca2f6:4558
      Vertices:
        Map 1 
            Map Operator Tree:
                TableScan
                  alias: tracks_part
                  Statistics: Num rows: 1204025 Data size: 1028709384 Basic stats: COMPLETE Column stats: NONE
                  GatherStats: false
                  Select Operator
                    Statistics: Num rows: 1204025 Data size: 1028709384 Basic stats: COMPLETE Column stats: NONE
                    Group By Operator
                      aggregations: count()
                      mode: hash
                      outputColumnNames: _col0
                      Statistics: Num rows: 1 Data size: 8 Basic stats: COMPLETE Column stats: NONE
                      Reduce Output Operator
                        null sort order: 
                        sort order: 
                        Statistics: Num rows: 1 Data size: 8 Basic stats: COMPLETE Column stats: NONE
                        tag: -1
                        value expressions: _col0 (type: bigint)
                        auto parallelism: false
            Execution mode: vectorized
            Path -> Alias:
              hdfs://hadoop-02.uni.innopolis.ru:8020/user/team11/project/hive/warehouse/tracks_part/year=0 [tracks_part]
              hdfs://hadoop-02.uni.innopolis.ru:8020/user/team11/project/hive/warehouse/tracks_part/year=1900 [tracks_part]
              hdfs://hadoop-02.uni.innopolis.ru:8020/user/team11/project/hive/warehouse/tracks_part/year=1908 [tracks_part]
              hdfs://hadoop-02.uni.innopolis.ru:8020/user/team11/project/hive/warehouse/tracks_part/year=1909 [tracks_part]
              hdfs://hadoop-02.uni.innopolis.ru:8020/user/team11/project/hive/warehouse/tracks_part/year=1917 [tracks_part]
              hdfs://hadoop-02.uni.innopolis.ru:8020/user/team11/project/hive/warehouse/tracks_part/year=1920 [tracks_part]
              hdfs://hadoop-02.uni.innopolis.ru:8020/user/team11/project/hive/warehouse/tracks_part/year=1923 [tracks_part]
              hdfs://hadoop-02.uni.innopolis.ru:8020/user/team11/project/hive/warehouse/tracks_part/year=1924 [tracks_part]
              hdfs://hadoop-02.uni.innopolis.ru:8020/user/team11/project/hive/warehouse/tracks_part/year=1925 [tracks_part]
              hdfs://hadoop-02.uni.innopolis.ru:8020/user/team11/project/hive/warehouse/tracks_part/year=1926 [tracks_part]
              hdfs://hadoop-02.uni.innopolis.ru:8020/user/team11/project/hive/warehouse/tracks_part/year=1927 [tracks_part]
              hdfs://hadoop-02.uni.innopolis.ru:8020/user/team11/project/hive/warehouse/tracks_part/year=1928 [tracks_part]
              hdfs://hadoop-02.uni.innopolis.ru:8020/user/team11/project/hive/warehouse/tracks_part/year=1929 [tracks_part]
              hdfs://hadoop-02.uni.innopolis.ru:8020/user/team11/project/hive/warehouse/tracks_part/year=1930 [tracks_part]
              hdfs://hadoop-02.uni.innopolis.ru:8020/user/team11/project/hive/warehouse/tracks_part/year=1931 [tracks_part]
              hdfs://hadoop-02.uni.innopolis.ru:8020/user/team11/project/hive/warehouse/tracks_part/year=1932 [tracks_part]
              hdfs://hadoop-02.uni.innopolis.ru:8020/user/team11/project/hive/warehouse/tracks_part/year=1933 [tracks_part]
              hdfs://hadoop-02.uni.innopolis.ru:8020/user/team11/project/hive/warehouse/tracks_part/year=1935 [tracks_part]
              hdfs://hadoop-02.uni.innopolis.ru:8020/user/team11/project/hive/warehouse/tracks_part/year=1936 [tracks_part]
              hdfs://hadoop-02.uni.innopolis.ru:8020/user/team11/project/hive/warehouse/tracks_part/year=1937 [tracks_part]
              hdfs://hadoop-02.uni.innopolis.ru:8020/user/team11/project/hive/warehouse/tracks_part/year=1938 [tracks_part]
              hdfs://hadoop-02.uni.innopolis.ru:8020/user/team11/project/hive/warehouse/tracks_part/year=1939 [tracks_part]
              hdfs://hadoop-02.uni.innopolis.ru:8020/user/team11/project/hive/warehouse/tracks_part/year=1942 [tracks_part]
              hdfs://hadoop-02.uni.innopolis.ru:8020/user/team11/project/hive/warehouse/tracks_part/year=1943 [tracks_part]
              hdfs://hadoop-02.uni.innopolis.ru:8020/user/team11/project/hive/warehouse/tracks_part/year=1944 [tracks_part]
              hdfs://hadoop-02.uni.innopolis.ru:8020/user/team11/project/hive/warehouse/tracks_part/year=1945 [tracks_part]
              hdfs://hadoop-02.uni.innopolis.ru:8020/user/team11/project/hive/warehouse/tracks_part/year=1946 [tracks_part]
              hdfs://hadoop-02.uni.innopolis.ru:8020/user/team11/project/hive/warehouse/tracks_part/year=1947 [tracks_part]
              hdfs://hadoop-02.uni.innopolis.ru:8020/user/team11/project/hive/warehouse/tracks_part/year=1948 [tracks_part]
              hdfs://hadoop-02.uni.innopolis.ru:8020/user/team11/project/hive/warehouse/tracks_part/year=1949 [tracks_part]
              hdfs://hadoop-02.uni.innopolis.ru:8020/user/team11/project/hive/warehouse/tracks_part/year=1950 [tracks_part]
              hdfs://hadoop-02.uni.innopolis.ru:8020/user/team11/project/hive/warehouse/tracks_part/year=1951 [tracks_part]
              hdfs://hadoop-02.uni.innopolis.ru:8020/user/team11/project/hive/warehouse/tracks_part/year=1952 [tracks_part]
              hdfs://hadoop-02.uni.innopolis.ru:8020/user/team11/project/hive/warehouse/tracks_part/year=1953 [tracks_part]
              hdfs://hadoop-02.uni.innopolis.ru:8020/user/team11/project/hive/warehouse/tracks_part/year=1954 [tracks_part]
              hdfs://hadoop-02.uni.innopolis.ru:8020/user/team11/project/hive/warehouse/tracks_part/year=1955 [tracks_part]
              hdfs://hadoop-02.uni.innopolis.ru:8020/user/team11/project/hive/warehouse/tracks_part/year=1956 [tracks_part]
              hdfs://hadoop-02.uni.innopolis.ru:8020/user/team11/project/hive/warehouse/tracks_part/year=1957 [tracks_part]
              hdfs://hadoop-02.uni.innopolis.ru:8020/user/team11/project/hive/warehouse/tracks_part/year=1958 [tracks_part]
              hdfs://hadoop-02.uni.innopolis.ru:8020/user/team11/project/hive/warehouse/tracks_part/year=1959 [tracks_part]
              hdfs://hadoop-02.uni.innopolis.ru:8020/user/team11/project/hive/warehouse/tracks_part/year=1960 [tracks_part]
              hdfs://hadoop-02.uni.innopolis.ru:8020/user/team11/project/hive/warehouse/tracks_part/year=1961 [tracks_part]
              hdfs://hadoop-02.uni.innopolis.ru:8020/user/team11/project/hive/warehouse/tracks_part/year=1962 [tracks_part]
              hdfs://hadoop-02.uni.innopolis.ru:8020/user/team11/project/hive/warehouse/tracks_part/year=1963 [tracks_part]
              hdfs://hadoop-02.uni.innopolis.ru:8020/user/team11/project/hive/warehouse/tracks_part/year=1964 [tracks_part]
              hdfs://hadoop-02.uni.innopolis.ru:8020/user/team11/project/hive/warehouse/tracks_part/year=1965 [tracks_part]
              hdfs://hadoop-02.uni.innopolis.ru:8020/user/team11/project/hive/warehouse/tracks_part/year=1966 [tracks_part]
              hdfs://hadoop-02.uni.innopolis.ru:8020/user/team11/project/hive/warehouse/tracks_part/year=1967 [tracks_part]
              hdfs://hadoop-02.uni.innopolis.ru:8020/user/team11/project/hive/warehouse/tracks_part/year=1968 [tracks_part]
              hdfs://hadoop-02.uni.innopolis.ru:8020/user/team11/project/hive/warehouse/tracks_part/year=1969 [tracks_part]
              hdfs://hadoop-02.uni.innopolis.ru:8020/user/team11/project/hive/warehouse/tracks_part/year=1970 [tracks_part]
              hdfs://hadoop-02.uni.innopolis.ru:8020/user/team11/project/hive/warehouse/tracks_part/year=1971 [tracks_part]
              hdfs://hadoop-02.uni.innopolis.ru:8020/user/team11/project/hive/warehouse/tracks_part/year=1972 [tracks_part]
              hdfs://hadoop-02.uni.innopolis.ru:8020/user/team11/project/hive/warehouse/tracks_part/year=1973 [tracks_part]
              hdfs://hadoop-02.uni.innopolis.ru:8020/user/team11/project/hive/warehouse/tracks_part/year=1974 [tracks_part]
              hdfs://hadoop-02.uni.innopolis.ru:8020/user/team11/project/hive/warehouse/tracks_part/year=1975 [tracks_part]
              hdfs://hadoop-02.uni.innopolis.ru:8020/user/team11/project/hive/warehouse/tracks_part/year=1976 [tracks_part]
              hdfs://hadoop-02.uni.innopolis.ru:8020/user/team11/project/hive/warehouse/tracks_part/year=1977 [tracks_part]
              hdfs://hadoop-02.uni.innopolis.ru:8020/user/team11/project/hive/warehouse/tracks_part/year=1978 [tracks_part]
              hdfs://hadoop-02.uni.innopolis.ru:8020/user/team11/project/hive/warehouse/tracks_part/year=1979 [tracks_part]
              hdfs://hadoop-02.uni.innopolis.ru:8020/user/team11/project/hive/warehouse/tracks_part/year=1980 [tracks_part]
              hdfs://hadoop-02.uni.innopolis.ru:8020/user/team11/project/hive/warehouse/tracks_part/year=1981 [tracks_part]
              hdfs://hadoop-02.uni.innopolis.ru:8020/user/team11/project/hive/warehouse/tracks_part/year=1982 [tracks_part]
              hdfs://hadoop-02.uni.innopolis.ru:8020/user/team11/project/hive/warehouse/tracks_part/year=1983 [tracks_part]
              hdfs://hadoop-02.uni.innopolis.ru:8020/user/team11/project/hive/warehouse/tracks_part/year=1984 [tracks_part]
              hdfs://hadoop-02.uni.innopolis.ru:8020/user/team11/project/hive/warehouse/tracks_part/year=1985 [tracks_part]
              hdfs://hadoop-02.uni.innopolis.ru:8020/user/team11/project/hive/warehouse/tracks_part/year=1986 [tracks_part]
              hdfs://hadoop-02.uni.innopolis.ru:8020/user/team11/project/hive/warehouse/tracks_part/year=1987 [tracks_part]
              hdfs://hadoop-02.uni.innopolis.ru:8020/user/team11/project/hive/warehouse/tracks_part/year=1988 [tracks_part]
              hdfs://hadoop-02.uni.innopolis.ru:8020/user/team11/project/hive/warehouse/tracks_part/year=1989 [tracks_part]
              hdfs://hadoop-02.uni.innopolis.ru:8020/user/team11/project/hive/warehouse/tracks_part/year=1990 [tracks_part]
              hdfs://hadoop-02.uni.innopolis.ru:8020/user/team11/project/hive/warehouse/tracks_part/year=1991 [tracks_part]
              hdfs://hadoop-02.uni.innopolis.ru:8020/user/team11/project/hive/warehouse/tracks_part/year=1992 [tracks_part]
              hdfs://hadoop-02.uni.innopolis.ru:8020/user/team11/project/hive/warehouse/tracks_part/year=1993 [tracks_part]
              hdfs://hadoop-02.uni.innopolis.ru:8020/user/team11/project/hive/warehouse/tracks_part/year=1994 [tracks_part]
              hdfs://hadoop-02.uni.innopolis.ru:8020/user/team11/project/hive/warehouse/tracks_part/year=1995 [tracks_part]
              hdfs://hadoop-02.uni.innopolis.ru:8020/user/team11/project/hive/warehouse/tracks_part/year=1996 [tracks_part]
              hdfs://hadoop-02.uni.innopolis.ru:8020/user/team11/project/hive/warehouse/tracks_part/year=1997 [tracks_part]
              hdfs://hadoop-02.uni.innopolis.ru:8020/user/team11/project/hive/warehouse/tracks_part/year=1998 [tracks_part]
              hdfs://hadoop-02.uni.innopolis.ru:8020/user/team11/project/hive/warehouse/tracks_part/year=1999 [tracks_part]
              hdfs://hadoop-02.uni.innopolis.ru:8020/user/team11/project/hive/warehouse/tracks_part/year=2000 [tracks_part]
              hdfs://hadoop-02.uni.innopolis.ru:8020/user/team11/project/hive/warehouse/tracks_part/year=2001 [tracks_part]
              hdfs://hadoop-02.uni.innopolis.ru:8020/user/team11/project/hive/warehouse/tracks_part/year=2002 [tracks_part]
              hdfs://hadoop-02.uni.innopolis.ru:8020/user/team11/project/hive/warehouse/tracks_part/year=2003 [tracks_part]
              hdfs://hadoop-02.uni.innopolis.ru:8020/user/team11/project/hive/warehouse/tracks_part/year=2004 [tracks_part]
              hdfs://hadoop-02.uni.innopolis.ru:8020/user/team11/project/hive/warehouse/tracks_part/year=2005 [tracks_part]
              hdfs://hadoop-02.uni.innopolis.ru:8020/user/team11/project/hive/warehouse/tracks_part/year=2006 [tracks_part]
              hdfs://hadoop-02.uni.innopolis.ru:8020/user/team11/project/hive/warehouse/tracks_part/year=2007 [tracks_part]
              hdfs://hadoop-02.uni.innopolis.ru:8020/user/team11/project/hive/warehouse/tracks_part/year=2008 [tracks_part]
              hdfs://hadoop-02.uni.innopolis.ru:8020/user/team11/project/hive/warehouse/tracks_part/year=2009 [tracks_part]
              hdfs://hadoop-02.uni.innopolis.ru:8020/user/team11/project/hive/warehouse/tracks_part/year=2010 [tracks_part]
              hdfs://hadoop-02.uni.innopolis.ru:8020/user/team11/project/hive/warehouse/tracks_part/year=2011 [tracks_part]
              hdfs://hadoop-02.uni.innopolis.ru:8020/user/team11/project/hive/warehouse/tracks_part/year=2012 [tracks_part]
              hdfs://hadoop-02.uni.innopolis.ru:8020/user/team11/project/hive/warehouse/tracks_part/year=2013 [tracks_part]
              hdfs://hadoop-02.uni.innopolis.ru:8020/user/team11/project/hive/warehouse/tracks_part/year=2014 [tracks_part]
              hdfs://hadoop-02.uni.innopolis.ru:8020/user/team11/project/hive/warehouse/tracks_part/year=2015 [tracks_part]
              hdfs://hadoop-02.uni.innopolis.ru:8020/user/team11/project/hive/warehouse/tracks_part/year=2016 [tracks_part]
              hdfs://hadoop-02.uni.innopolis.ru:8020/user/team11/project/hive/warehouse/tracks_part/year=2017 [tracks_part]
              hdfs://hadoop-02.uni.innopolis.ru:8020/user/team11/project/hive/warehouse/tracks_part/year=2018 [tracks_part]
              hdfs://hadoop-02.uni.innopolis.ru:8020/user/team11/project/hive/warehouse/tracks_part/year=2019 [tracks_part]
              hdfs://hadoop-02.uni.innopolis.ru:8020/user/team11/project/hive/warehouse/tracks_part/year=2020 [tracks_part]
            Path -> Partition:
              hdfs://hadoop-02.uni.innopolis.ru:8020/user/team11/project/hive/warehouse/tracks_part/year=0 
                Partition
                  base file name: year=0
                  input format: org.apache.hadoop.hive.ql.io.orc.OrcInputFormat
                  output format: org.apache.hadoop.hive.ql.io.orc.OrcOutputFormat
                  partition values:
                    year 0
                  properties:
                    COLUMN_STATS_ACCURATE {"BASIC_STATS":"true","COLUMN_STATS":{"acousticness":"true","album":"true","album_id":"true","artist_ids":"true","artists":"true","danceability":"true","disc_number":"true","duration_ms":"true","energy":"true","explicit":"true","id":"true","instrumentalness":"true","key":"true","liveness":"true","loudness":"true","mode":"true","name":"true","release_date":"true","speechiness":"true","tempo":"true","time_signature":"true","track_number":"true","valence":"true"}}
                    bucket_count 11
                    bucket_field_name id
                    file.inputformat org.apache.hadoop.hive.ql.io.orc.OrcInputFormat
                    file.outputformat org.apache.hadoop.hive.ql.io.orc.OrcOutputFormat
                    location hdfs://hadoop-02.uni.innopolis.ru:8020/user/team11/project/hive/warehouse/tracks_part/year=0
                    name team11_projectdb.tracks_part
                    numFiles 5
                    numRows 10
                    partition_columns year
                    partition_columns.types int
                    rawDataSize 7983
                    serialization.ddl struct tracks_part { string id, string name, string album, string album_id, string artists, string artist_ids, i32 track_number, i32 disc_number, bool explicit, double danceability, double energy, i32 key, double loudness, i32 mode, double speechiness, double acousticness, double instrumentalness, double liveness, double valence, double tempo, i32 duration_ms, double time_signature, string release_date}
                    serialization.format 1
                    serialization.lib org.apache.hadoop.hive.ql.io.orc.OrcSerde
                    totalSize 16570
                    transient_lastDdlTime 1778427549
                  serde: org.apache.hadoop.hive.ql.io.orc.OrcSerde
                
                    input format: org.apache.hadoop.hive.ql.io.orc.OrcInputFormat
                    output format: org.apache.hadoop.hive.ql.io.orc.OrcOutputFormat
                    properties:
                      EXTERNAL TRUE
                      bucket_count 11
                      bucket_field_name id
                      bucketing_version 2
                      column.name.delimiter ,
                      columns id,name,album,album_id,artists,artist_ids,track_number,disc_number,explicit,danceability,energy,key,loudness,mode,speechiness,acousticness,instrumentalness,liveness,valence,tempo,duration_ms,time_signature,release_date
                      columns.comments 
                      columns.types string:string:string:string:string:string:int:int:boolean:double:double:int:double:int:double:double:double:double:double:double:int:double:string
                      file.inputformat org.apache.hadoop.hive.ql.io.orc.OrcInputFormat
                      file.outputformat org.apache.hadoop.hive.ql.io.orc.OrcOutputFormat
                      location hdfs://hadoop-02.uni.innopolis.ru:8020/user/team11/project/hive/warehouse/tracks_part
                      name team11_projectdb.tracks_part
                      orc.compress SNAPPY
                      partition_columns year
                      partition_columns.types int
                      serialization.ddl struct tracks_part { string id, string name, string album, string album_id, string artists, string artist_ids, i32 track_number, i32 disc_number, bool explicit, double danceability, double energy, i32 key, double loudness, i32 mode, double speechiness, double acousticness, double instrumentalness, double liveness, double valence, double tempo, i32 duration_ms, double time_signature, string release_date}
                      serialization.format 1
                      serialization.lib org.apache.hadoop.hive.ql.io.orc.OrcSerde
                      transient_lastDdlTime 1778427516
                    serde: org.apache.hadoop.hive.ql.io.orc.OrcSerde
                    name: team11_projectdb.tracks_part
                  name: team11_projectdb.tracks_part
              hdfs://hadoop-02.uni.innopolis.ru:8020/user/team11/project/hive/warehouse/tracks_part/year=1900 
                Partition
                  base file name: year=1900
                  input format: org.apache.hadoop.hive.ql.io.orc.OrcInputFormat
                  output format: org.apache.hadoop.hive.ql.io.orc.OrcOutputFormat
                  partition values:
                    year 1900
                  properties:
                    COLUMN_STATS_ACCURATE {"BASIC_STATS":"true","COLUMN_STATS":{"acousticness":"true","album":"true","album_id":"true","artist_ids":"true","artists":"true","danceability":"true","disc_number":"true","duration_ms":"true","energy":"true","explicit":"true","id":"true","instrumentalness":"true","key":"true","liveness":"true","loudness":"true","mode":"true","name":"true","release_date":"true","speechiness":"true","tempo":"true","time_signature":"true","track_number":"true","valence":"true"}}
                    bucket_count 11
                    bucket_field_name id
                    file.inputformat org.apache.hadoop.hive.ql.io.orc.OrcInputFormat
                    file.outputformat org.apache.hadoop.hive.ql.io.orc.OrcOutputFormat
                    location hdfs://hadoop-02.uni.innopolis.ru:8020/user/team11/project/hive/warehouse/tracks_part/year=1900
                    name team11_projectdb.tracks_part
                    numFiles 7
                    numRows 14
                    partition_columns year
                    partition_columns.types int
                    rawDataSize 11436
                    serialization.ddl struct tracks_part { string id, string name, string album, string album_id, string artists, string artist_ids, i32 track_number, i32 disc_number, bool explicit, double danceability, double energy, i32 key, double loudness, i32 mode, double speechiness, double acousticness, double instrumentalness, double liveness, double valence, double tempo, i32 duration_ms, double time_signature, string release_date}
                    serialization.format 1
                    serialization.lib org.apache.hadoop.hive.ql.io.orc.OrcSerde
                    totalSize 24632
                    transient_lastDdlTime 1778427549
                  serde: org.apache.hadoop.hive.ql.io.orc.OrcSerde
                
                    input format: org.apache.hadoop.hive.ql.io.orc.OrcInputFormat
                    output format: org.apache.hadoop.hive.ql.io.orc.OrcOutputFormat
                    properties:
                      EXTERNAL TRUE
                      bucket_count 11
                      bucket_field_name id
                      bucketing_version 2
                      column.name.delimiter ,
                      columns id,name,album,album_id,artists,artist_ids,track_number,disc_number,explicit,danceability,energy,key,loudness,mode,speechiness,acousticness,instrumentalness,liveness,valence,tempo,duration_ms,time_signature,release_date
                      columns.comments 
                      columns.types string:string:string:string:string:string:int:int:boolean:double:double:int:double:int:double:double:double:double:double:double:int:double:string
                      file.inputformat org.apache.hadoop.hive.ql.io.orc.OrcInputFormat
                      file.outputformat org.apache.hadoop.hive.ql.io.orc.OrcOutputFormat
                      location hdfs://hadoop-02.uni.innopolis.ru:8020/user/team11/project/hive/warehouse/tracks_part
                      name team11_projectdb.tracks_part
                      orc.compress SNAPPY
                      partition_columns year
                      partition_columns.types int
                      serialization.ddl struct tracks_part { string id, string name, string album, string album_id, string artists, string artist_ids, i32 track_number, i32 disc_number, bool explicit, double danceability, double energy, i32 key, double loudness, i32 mode, double speechiness, double acousticness, double instrumentalness, double liveness, double valence, double tempo, i32 duration_ms, double time_signature, string release_date}
                      serialization.format 1
                      serialization.lib org.apache.hadoop.hive.ql.io.orc.OrcSerde
                      transient_lastDdlTime 1778427516
                    serde: org.apache.hadoop.hive.ql.io.orc.OrcSerde
                    name: team11_projectdb.tracks_part
                  name: team11_projectdb.tracks_part
              hdfs://hadoop-02.uni.innopolis.ru:8020/user/team11/project/hive/warehouse/tracks_part/year=1908 
                Partition
                  base file name: year=1908
                  input format: org.apache.hadoop.hive.ql.io.orc.OrcInputFormat
                  output format: org.apache.hadoop.hive.ql.io.orc.OrcOutputFormat
                  partition values:
                    year 1908
                  properties:
                    COLUMN_STATS_ACCURATE {"BASIC_STATS":"true","COLUMN_STATS":{"acousticness":"true","album":"true","album_id":"true","artist_ids":"true","artists":"true","danceability":"true","disc_number":"true","duration_ms":"true","energy":"true","explicit":"true","id":"true","instrumentalness":"true","key":"true","liveness":"true","loudness":"true","mode":"true","name":"true","release_date":"true","speechiness":"true","tempo":"true","time_signature":"true","track_number":"true","valence":"true"}}
                    bucket_count 11
                    bucket_field_name id
                    file.inputformat org.apache.hadoop.hive.ql.io.orc.OrcInputFormat
                    file.outputformat org.apache.hadoop.hive.ql.io.orc.OrcOutputFormat
                    location hdfs://hadoop-02.uni.innopolis.ru:8020/user/team11/project/hive/warehouse/tracks_part/year=1908
                    name team11_projectdb.tracks_part
                    numFiles 10
                    numRows 19
                    partition_columns year
                    partition_columns.types int
                    rawDataSize 15825
                    serialization.ddl struct tracks_part { string id, string name, string album, string album_id, string artists, string artist_ids, i32 track_number, i32 disc_number, bool explicit, double danceability, double energy, i32 key, double loudness, i32 mode, double speechiness, double acousticness, double instrumentalness, double liveness, double valence, double tempo, i32 duration_ms, double time_signature, string release_date}
                    serialization.format 1
                    serialization.lib org.apache.hadoop.hive.ql.io.orc.OrcSerde
                    totalSize 35057
                    transient_lastDdlTime 1778427549
                  serde: org.apache.hadoop.hive.ql.io.orc.OrcSerde
                
                    input format: org.apache.hadoop.hive.ql.io.orc.OrcInputFormat
                    output format: org.apache.hadoop.hive.ql.io.orc.OrcOutputFormat
                    properties:
                      EXTERNAL TRUE
                      bucket_count 11
                      bucket_field_name id
                      bucketing_version 2
                      column.name.delimiter ,
                      columns id,name,album,album_id,artists,artist_ids,track_number,disc_number,explicit,danceability,energy,key,loudness,mode,speechiness,acousticness,instrumentalness,liveness,valence,tempo,duration_ms,time_signature,release_date
                      columns.comments 
                      columns.types string:string:string:string:string:string:int:int:boolean:double:double:int:double:int:double:double:double:double:double:double:int:double:string
                      file.inputformat org.apache.hadoop.hive.ql.io.orc.OrcInputFormat
                      file.outputformat org.apache.hadoop.hive.ql.io.orc.OrcOutputFormat
                      location hdfs://hadoop-02.uni.innopolis.ru:8020/user/team11/project/hive/warehouse/tracks_part
                      name team11_projectdb.tracks_part
                      orc.compress SNAPPY
                      partition_columns year
                      partition_columns.types int
                      serialization.ddl struct tracks_part { string id, string name, string album, string album_id, string artists, string artist_ids, i32 track_number, i32 disc_number, bool explicit, double danceability, double energy, i32 key, double loudness, i32 mode, double speechiness, double acousticness, double instrumentalness, double liveness, double valence, double tempo, i32 duration_ms, double time_signature, string release_date}
                      serialization.format 1
                      serialization.lib org.apache.hadoop.hive.ql.io.orc.OrcSerde
                      transient_lastDdlTime 1778427516
                    serde: org.apache.hadoop.hive.ql.io.orc.OrcSerde
                    name: team11_projectdb.tracks_part
                  name: team11_projectdb.tracks_part
              hdfs://hadoop-02.uni.innopolis.ru:8020/user/team11/project/hive/warehouse/tracks_part/year=1909 
                Partition
                  base file name: year=1909
                  input format: org.apache.hadoop.hive.ql.io.orc.OrcInputFormat
                  output format: org.apache.hadoop.hive.ql.io.orc.OrcOutputFormat
                  partition values:
                    year 1909
                  properties:
                    COLUMN_STATS_ACCURATE {"BASIC_STATS":"true","COLUMN_STATS":{"acousticness":"true","album":"true","album_id":"true","artist_ids":"true","artists":"true","danceability":"true","disc_number":"true","duration_ms":"true","energy":"true","explicit":"true","id":"true","instrumentalness":"true","key":"true","liveness":"true","loudness":"true","mode":"true","name":"true","release_date":"true","speechiness":"true","tempo":"true","time_signature":"true","track_number":"true","valence":"true"}}
                    bucket_count 11
                    bucket_field_name id
                    file.inputformat org.apache.hadoop.hive.ql.io.orc.OrcInputFormat
                    file.outputformat org.apache.hadoop.hive.ql.io.orc.OrcOutputFormat
                    location hdfs://hadoop-02.uni.innopolis.ru:8020/user/team11/project/hive/warehouse/tracks_part/year=1909
                    name team11_projectdb.tracks_part
                    numFiles 10
                    numRows 25
                    partition_columns year
                    partition_columns.types int
                    rawDataSize 21287
                    serialization.ddl struct tracks_part { string id, string name, string album, string album_id, string artists, string artist_ids, i32 track_number, i32 disc_number, bool explicit, double danceability, double energy, i32 key, double loudness, i32 mode, double speechiness, double acousticness, double instrumentalness, double liveness, double valence, double tempo, i32 duration_ms, double time_signature, string release_date}
                    serialization.format 1
                    serialization.lib org.apache.hadoop.hive.ql.io.orc.OrcSerde
                    totalSize 38244
                    transient_lastDdlTime 1778427549
                  serde: org.apache.hadoop.hive.ql.io.orc.OrcSerde
                
                    input format: org.apache.hadoop.hive.ql.io.orc.OrcInputFormat
                    output format: org.apache.hadoop.hive.ql.io.orc.OrcOutputFormat
                    properties:
                      EXTERNAL TRUE
                      bucket_count 11
                      bucket_field_name id
                      bucketing_version 2
                      column.name.delimiter ,
                      columns id,name,album,album_id,artists,artist_ids,track_number,disc_number,explicit,danceability,energy,key,loudness,mode,speechiness,acousticness,instrumentalness,liveness,valence,tempo,duration_ms,time_signature,release_date
                      columns.comments 
                      columns.types string:string:string:string:string:string:int:int:boolean:double:double:int:double:int:double:double:double:double:double:double:int:double:string
                      file.inputformat org.apache.hadoop.hive.ql.io.orc.OrcInputFormat
                      file.outputformat org.apache.hadoop.hive.ql.io.orc.OrcOutputFormat
                      location hdfs://hadoop-02.uni.innopolis.ru:8020/user/team11/project/hive/warehouse/tracks_part
                      name team11_projectdb.tracks_part
                      orc.compress SNAPPY
                      partition_columns year
                      partition_columns.types int
                      serialization.ddl struct tracks_part { string id, string name, string album, string album_id, string artists, string artist_ids, i32 track_number, i32 disc_number, bool explicit, double danceability, double energy, i32 key, double loudness, i32 mode, double speechiness, double acousticness, double instrumentalness, double liveness, double valence, double tempo, i32 duration_ms, double time_signature, string release_date}
                      serialization.format 1
                      serialization.lib org.apache.hadoop.hive.ql.io.orc.OrcSerde
                      transient_lastDdlTime 1778427516
                    serde: org.apache.hadoop.hive.ql.io.orc.OrcSerde
                    name: team11_projectdb.tracks_part
                  name: team11_projectdb.tracks_part
              hdfs://hadoop-02.uni.innopolis.ru:8020/user/team11/project/hive/warehouse/tracks_part/year=1917 
                Partition
                  base file name: year=1917
                  input format: org.apache.hadoop.hive.ql.io.orc.OrcInputFormat
                  output format: org.apache.hadoop.hive.ql.io.orc.OrcOutputFormat
                  partition values:
                    year 1917
                  properties:
                    COLUMN_STATS_ACCURATE {"BASIC_STATS":"true","COLUMN_STATS":{"acousticness":"true","album":"true","album_id":"true","artist_ids":"true","artists":"true","danceability":"true","disc_number":"true","duration_ms":"true","energy":"true","explicit":"true","id":"true","instrumentalness":"true","key":"true","liveness":"true","loudness":"true","mode":"true","name":"true","release_date":"true","speechiness":"true","tempo":"true","time_signature":"true","track_number":"true","valence":"true"}}
                    bucket_count 11
                    bucket_field_name id
                    file.inputformat org.apache.hadoop.hive.ql.io.orc.OrcInputFormat
                    file.outputformat org.apache.hadoop.hive.ql.io.orc.OrcOutputFormat
                    location hdfs://hadoop-02.uni.innopolis.ru:8020/user/team11/project/hive/warehouse/tracks_part/year=1917
                    name team11_projectdb.tracks_part
                    numFiles 11
                    numRows 52
                    partition_columns year
                    partition_columns.types int
                    rawDataSize 46269
                    serialization.ddl struct tracks_part { string id, string name, string album, string album_id, string artists, string artist_ids, i32 track_number, i32 disc_number, bool explicit, double danceability, double energy, i32 key, double loudness, i32 mode, double speechiness, double acousticness, double instrumentalness, double liveness, double valence, double tempo, i32 duration_ms, double time_signature, string release_date}
                    serialization.format 1
                    serialization.lib org.apache.hadoop.hive.ql.io.orc.OrcSerde
                    totalSize 53519
                    transient_lastDdlTime 1778427549
                  serde: org.apache.hadoop.hive.ql.io.orc.OrcSerde
                
                    input format: org.apache.hadoop.hive.ql.io.orc.OrcInputFormat
                    output format: org.apache.hadoop.hive.ql.io.orc.OrcOutputFormat
                    properties:
                      EXTERNAL TRUE
                      bucket_count 11
                      bucket_field_name id
                      bucketing_version 2
                      column.name.delimiter ,
                      columns id,name,album,album_id,artists,artist_ids,track_number,disc_number,explicit,danceability,energy,key,loudness,mode,speechiness,acousticness,instrumentalness,liveness,valence,tempo,duration_ms,time_signature,release_date
                      columns.comments 
                      columns.types string:string:string:string:string:string:int:int:boolean:double:double:int:double:int:double:double:double:double:double:double:int:double:string
                      file.inputformat org.apache.hadoop.hive.ql.io.orc.OrcInputFormat
                      file.outputformat org.apache.hadoop.hive.ql.io.orc.OrcOutputFormat
                      location hdfs://hadoop-02.uni.innopolis.ru:8020/user/team11/project/hive/warehouse/tracks_part
                      name team11_projectdb.tracks_part
                      orc.compress SNAPPY
                      partition_columns year
                      partition_columns.types int
                      serialization.ddl struct tracks_part { string id, string name, string album, string album_id, string artists, string artist_ids, i32 track_number, i32 disc_number, bool explicit, double danceability, double energy, i32 key, double loudness, i32 mode, double speechiness, double acousticness, double instrumentalness, double liveness, double valence, double tempo, i32 duration_ms, double time_signature, string release_date}
                      serialization.format 1
                      serialization.lib org.apache.hadoop.hive.ql.io.orc.OrcSerde
                      transient_lastDdlTime 1778427516
                    serde: org.apache.hadoop.hive.ql.io.orc.OrcSerde
                    name: team11_projectdb.tracks_part
                  name: team11_projectdb.tracks_part
              hdfs://hadoop-02.uni.innopolis.ru:8020/user/team11/project/hive/warehouse/tracks_part/year=1920 
                Partition
                  base file name: year=1920
                  input format: org.apache.hadoop.hive.ql.io.orc.OrcInputFormat
                  output format: org.apache.hadoop.hive.ql.io.orc.OrcOutputFormat
                  partition values:
                    year 1920
                  properties:
                    COLUMN_STATS_ACCURATE {"BASIC_STATS":"true","COLUMN_STATS":{"acousticness":"true","album":"true","album_id":"true","artist_ids":"true","artists":"true","danceability":"true","disc_number":"true","duration_ms":"true","energy":"true","explicit":"true","id":"true","instrumentalness":"true","key":"true","liveness":"true","loudness":"true","mode":"true","name":"true","release_date":"true","speechiness":"true","tempo":"true","time_signature":"true","track_number":"true","valence":"true"}}
                    bucket_count 11
                    bucket_field_name id
                    file.inputformat org.apache.hadoop.hive.ql.io.orc.OrcInputFormat
                    file.outputformat org.apache.hadoop.hive.ql.io.orc.OrcOutputFormat
                    location hdfs://hadoop-02.uni.innopolis.ru:8020/user/team11/project/hive/warehouse/tracks_part/year=1920
                    name team11_projectdb.tracks_part
                    numFiles 10
                    numRows 25
                    partition_columns year
                    partition_columns.types int
                    rawDataSize 21375
                    serialization.ddl struct tracks_part { string id, string name, string album, string album_id, string artists, string artist_ids, i32 track_number, i32 disc_number, bool explicit, double danceability, double energy, i32 key, double loudness, i32 mode, double speechiness, double acousticness, double instrumentalness, double liveness, double valence, double tempo, i32 duration_ms, double time_signature, string release_date}
                    serialization.format 1
                    serialization.lib org.apache.hadoop.hive.ql.io.orc.OrcSerde
                    totalSize 37248
                    transient_lastDdlTime 1778427549
                  serde: org.apache.hadoop.hive.ql.io.orc.OrcSerde
                
                    input format: org.apache.hadoop.hive.ql.io.orc.OrcInputFormat
                    output format: org.apache.hadoop.hive.ql.io.orc.OrcOutputFormat
                    properties:
                      EXTERNAL TRUE
                      bucket_count 11
                      bucket_field_name id
                      bucketing_version 2
                      column.name.delimiter ,
                      columns id,name,album,album_id,artists,artist_ids,track_number,disc_number,explicit,danceability,energy,key,loudness,mode,speechiness,acousticness,instrumentalness,liveness,valence,tempo,duration_ms,time_signature,release_date
                      columns.comments 
                      columns.types string:string:string:string:string:string:int:int:boolean:double:double:int:double:int:double:double:double:double:double:double:int:double:string
                      file.inputformat org.apache.hadoop.hive.ql.io.orc.OrcInputFormat
                      file.outputformat org.apache.hadoop.hive.ql.io.orc.OrcOutputFormat
                      location hdfs://hadoop-02.uni.innopolis.ru:8020/user/team11/project/hive/warehouse/tracks_part
                      name team11_projectdb.tracks_part
                      orc.compress SNAPPY
                      partition_columns year
                      partition_columns.types int
                      serialization.ddl struct tracks_part { string id, string name, string album, string album_id, string artists, string artist_ids, i32 track_number, i32 disc_number, bool explicit, double danceability, double energy, i32 key, double loudness, i32 mode, double speechiness, double acousticness, double instrumentalness, double liveness, double valence, double tempo, i32 duration_ms, double time_signature, string release_date}
                      serialization.format 1
                      serialization.lib org.apache.hadoop.hive.ql.io.orc.OrcSerde
                      transient_lastDdlTime 1778427516
                    serde: org.apache.hadoop.hive.ql.io.orc.OrcSerde
                    name: team11_projectdb.tracks_part
                  name: team11_projectdb.tracks_part
              hdfs://hadoop-02.uni.innopolis.ru:8020/user/team11/project/hive/warehouse/tracks_part/year=1923 
                Partition
                  base file name: year=1923
                  input format: org.apache.hadoop.hive.ql.io.orc.OrcInputFormat
                  output format: org.apache.hadoop.hive.ql.io.orc.OrcOutputFormat
                  partition values:
                    year 1923
                  properties:
                    COLUMN_STATS_ACCURATE {"BASIC_STATS":"true","COLUMN_STATS":{"acousticness":"true","album":"true","album_id":"true","artist_ids":"true","artists":"true","danceability":"true","disc_number":"true","duration_ms":"true","energy":"true","explicit":"true","id":"true","instrumentalness":"true","key":"true","liveness":"true","loudness":"true","mode":"true","name":"true","release_date":"true","speechiness":"true","tempo":"true","time_signature":"true","track_number":"true","valence":"true"}}
                    bucket_count 11
                    bucket_field_name id
                    file.inputformat org.apache.hadoop.hive.ql.io.orc.OrcInputFormat
                    file.outputformat org.apache.hadoop.hive.ql.io.orc.OrcOutputFormat
                    location hdfs://hadoop-02.uni.innopolis.ru:8020/user/team11/project/hive/warehouse/tracks_part/year=1923
                    name team11_projectdb.tracks_part
                    numFiles 11
                    numRows 50
                    partition_columns year
                    partition_columns.types int
                    rawDataSize 44046
                    serialization.ddl struct tracks_part { string id, string name, string album, string album_id, string artists, string artist_ids, i32 track_number, i32 disc_number, bool explicit, double danceability, double energy, i32 key, double loudness, i32 mode, double speechiness, double acousticness, double instrumentalness, double liveness, double valence, double tempo, i32 duration_ms, double time_signature, string release_date}
                    serialization.format 1
                    serialization.lib org.apache.hadoop.hive.ql.io.orc.OrcSerde
                    totalSize 48060
                    transient_lastDdlTime 1778427549
                  serde: org.apache.hadoop.hive.ql.io.orc.OrcSerde
                
                    input format: org.apache.hadoop.hive.ql.io.orc.OrcInputFormat
                    output format: org.apache.hadoop.hive.ql.io.orc.OrcOutputFormat
                    properties:
                      EXTERNAL TRUE
                      bucket_count 11
                      bucket_field_name id
                      bucketing_version 2
                      column.name.delimiter ,
                      columns id,name,album,album_id,artists,artist_ids,track_number,disc_number,explicit,danceability,energy,key,loudness,mode,speechiness,acousticness,instrumentalness,liveness,valence,tempo,duration_ms,time_signature,release_date
                      columns.comments 
                      columns.types string:string:string:string:string:string:int:int:boolean:double:double:int:double:int:double:double:double:double:double:double:int:double:string
                      file.inputformat org.apache.hadoop.hive.ql.io.orc.OrcInputFormat
                      file.outputformat org.apache.hadoop.hive.ql.io.orc.OrcOutputFormat
                      location hdfs://hadoop-02.uni.innopolis.ru:8020/user/team11/project/hive/warehouse/tracks_part
                      name team11_projectdb.tracks_part
                      orc.compress SNAPPY
                      partition_columns year
                      partition_columns.types int
                      serialization.ddl struct tracks_part { string id, string name, string album, string album_id, string artists, string artist_ids, i32 track_number, i32 disc_number, bool explicit, double danceability, double energy, i32 key, double loudness, i32 mode, double speechiness, double acousticness, double instrumentalness, double liveness, double valence, double tempo, i32 duration_ms, double time_signature, string release_date}
                      serialization.format 1
                      serialization.lib org.apache.hadoop.hive.ql.io.orc.OrcSerde
                      transient_lastDdlTime 1778427516
                    serde: org.apache.hadoop.hive.ql.io.orc.OrcSerde
                    name: team11_projectdb.tracks_part
                  name: team11_projectdb.tracks_part
              hdfs://hadoop-02.uni.innopolis.ru:8020/user/team11/project/hive/warehouse/tracks_part/year=1924 
                Partition
                  base file name: year=1924
                  input format: org.apache.hadoop.hive.ql.io.orc.OrcInputFormat
                  output format: org.apache.hadoop.hive.ql.io.orc.OrcOutputFormat
                  partition values:
                    year 1924
                  properties:
                    COLUMN_STATS_ACCURATE {"BASIC_STATS":"true","COLUMN_STATS":{"acousticness":"true","album":"true","album_id":"true","artist_ids":"true","artists":"true","danceability":"true","disc_number":"true","duration_ms":"true","energy":"true","explicit":"true","id":"true","instrumentalness":"true","key":"true","liveness":"true","loudness":"true","mode":"true","name":"true","release_date":"true","speechiness":"true","tempo":"true","time_signature":"true","track_number":"true","valence":"true"}}
                    bucket_count 11
                    bucket_field_name id
                    file.inputformat org.apache.hadoop.hive.ql.io.orc.OrcInputFormat
                    file.outputformat org.apache.hadoop.hive.ql.io.orc.OrcOutputFormat
                    location hdfs://hadoop-02.uni.innopolis.ru:8020/user/team11/project/hive/warehouse/tracks_part/year=1924
                    name team11_projectdb.tracks_part
                    numFiles 11
                    numRows 36
                    partition_columns year
                    partition_columns.types int
                    rawDataSize 33149
                    serialization.ddl struct tracks_part { string id, string name, string album, string album_id, string artists, string artist_ids, i32 track_number, i32 disc_number, bool explicit, double danceability, double energy, i32 key, double loudness, i32 mode, double speechiness, double acousticness, double instrumentalness, double liveness, double valence, double tempo, i32 duration_ms, double time_signature, string release_date}
                    serialization.format 1
                    serialization.lib org.apache.hadoop.hive.ql.io.orc.OrcSerde
                    totalSize 48100
                    transient_lastDdlTime 1778427549
                  serde: org.apache.hadoop.hive.ql.io.orc.OrcSerde
                
                    input format: org.apache.hadoop.hive.ql.io.orc.OrcInputFormat
                    output format: org.apache.hadoop.hive.ql.io.orc.OrcOutputFormat
                    properties:
                      EXTERNAL TRUE
                      bucket_count 11
                      bucket_field_name id
                      bucketing_version 2
                      column.name.delimiter ,
                      columns id,name,album,album_id,artists,artist_ids,track_number,disc_number,explicit,danceability,energy,key,loudness,mode,speechiness,acousticness,instrumentalness,liveness,valence,tempo,duration_ms,time_signature,release_date
                      columns.comments 
                      columns.types string:string:string:string:string:string:int:int:boolean:double:double:int:double:int:double:double:double:double:double:double:int:double:string
                      file.inputformat org.apache.hadoop.hive.ql.io.orc.OrcInputFormat
                      file.outputformat org.apache.hadoop.hive.ql.io.orc.OrcOutputFormat
                      location hdfs://hadoop-02.uni.innopolis.ru:8020/user/team11/project/hive/warehouse/tracks_part
                      name team11_projectdb.tracks_part
                      orc.compress SNAPPY
                      partition_columns year
                      partition_columns.types int
                      serialization.ddl struct tracks_part { string id, string name, string album, string album_id, string artists, string artist_ids, i32 track_number, i32 disc_number, bool explicit, double danceability, double energy, i32 key, double loudness, i32 mode, double speechiness, double acousticness, double instrumentalness, double liveness, double valence, double tempo, i32 duration_ms, double time_signature, string release_date}
                      serialization.format 1
                      serialization.lib org.apache.hadoop.hive.ql.io.orc.OrcSerde
                      transient_lastDdlTime 1778427516
                    serde: org.apache.hadoop.hive.ql.io.orc.OrcSerde
                    name: team11_projectdb.tracks_part
                  name: team11_projectdb.tracks_part
              hdfs://hadoop-02.uni.innopolis.ru:8020/user/team11/project/hive/warehouse/tracks_part/year=1925 
                Partition
                  base file name: year=1925
                  input format: org.apache.hadoop.hive.ql.io.orc.OrcInputFormat
                  output format: org.apache.hadoop.hive.ql.io.orc.OrcOutputFormat
                  partition values:
                    year 1925
                  properties:
                    COLUMN_STATS_ACCURATE {"BASIC_STATS":"true","COLUMN_STATS":{"acousticness":"true","album":"true","album_id":"true","artist_ids":"true","artists":"true","danceability":"true","disc_number":"true","duration_ms":"true","energy":"true","explicit":"true","id":"true","instrumentalness":"true","key":"true","liveness":"true","loudness":"true","mode":"true","name":"true","release_date":"true","speechiness":"true","tempo":"true","time_signature":"true","track_number":"true","valence":"true"}}
                    bucket_count 11
                    bucket_field_name id
                    file.inputformat org.apache.hadoop.hive.ql.io.orc.OrcInputFormat
                    file.outputformat org.apache.hadoop.hive.ql.io.orc.OrcOutputFormat
                    location hdfs://hadoop-02.uni.innopolis.ru:8020/user/team11/project/hive/warehouse/tracks_part/year=1925
                    name team11_projectdb.tracks_part
                    numFiles 11
                    numRows 49
                    partition_columns year
                    partition_columns.types int
                    rawDataSize 41517
                    serialization.ddl struct tracks_part { string id, string name, string album, string album_id, string artists, string artist_ids, i32 track_number, i32 disc_number, bool explicit, double danceability, double energy, i32 key, double loudness, i32 mode, double speechiness, double acousticness, double instrumentalness, double liveness, double valence, double tempo, i32 duration_ms, double time_signature, string release_date}
                    serialization.format 1
                    serialization.lib org.apache.hadoop.hive.ql.io.orc.OrcSerde
                    totalSize 48134
                    transient_lastDdlTime 1778427549
                  serde: org.apache.hadoop.hive.ql.io.orc.OrcSerde
                
                    input format: org.apache.hadoop.hive.ql.io.orc.OrcInputFormat
                    output format: org.apache.hadoop.hive.ql.io.orc.OrcOutputFormat
                    properties:
                      EXTERNAL TRUE
                      bucket_count 11
                      bucket_field_name id
                      bucketing_version 2
                      column.name.delimiter ,
                      columns id,name,album,album_id,artists,artist_ids,track_number,disc_number,explicit,danceability,energy,key,loudness,mode,speechiness,acousticness,instrumentalness,liveness,valence,tempo,duration_ms,time_signature,release_date
                      columns.comments 
                      columns.types string:string:string:string:string:string:int:int:boolean:double:double:int:double:int:double:double:double:double:double:double:int:double:string
                      file.inputformat org.apache.hadoop.hive.ql.io.orc.OrcInputFormat
                      file.outputformat org.apache.hadoop.hive.ql.io.orc.OrcOutputFormat
                      location hdfs://hadoop-02.uni.innopolis.ru:8020/user/team11/project/hive/warehouse/tracks_part
                      name team11_projectdb.tracks_part
                      orc.compress SNAPPY
                      partition_columns year
                      partition_columns.types int
                      serialization.ddl struct tracks_part { string id, string name, string album, string album_id, string artists, string artist_ids, i32 track_number, i32 disc_number, bool explicit, double danceability, double energy, i32 key, double loudness, i32 mode, double speechiness, double acousticness, double instrumentalness, double liveness, double valence, double tempo, i32 duration_ms, double time_signature, string release_date}
                      serialization.format 1
                      serialization.lib org.apache.hadoop.hive.ql.io.orc.OrcSerde
                      transient_lastDdlTime 1778427516
                    serde: org.apache.hadoop.hive.ql.io.orc.OrcSerde
                    name: team11_projectdb.tracks_part
                  name: team11_projectdb.tracks_part
              hdfs://hadoop-02.uni.innopolis.ru:8020/user/team11/project/hive/warehouse/tracks_part/year=1926 
                Partition
                  base file name: year=1926
                  input format: org.apache.hadoop.hive.ql.io.orc.OrcInputFormat
                  output format: org.apache.hadoop.hive.ql.io.orc.OrcOutputFormat
                  partition values:
                    year 1926
                  properties:
                    COLUMN_STATS_ACCURATE {"BASIC_STATS":"true","COLUMN_STATS":{"acousticness":"true","album":"true","album_id":"true","artist_ids":"true","artists":"true","danceability":"true","disc_number":"true","duration_ms":"true","energy":"true","explicit":"true","id":"true","instrumentalness":"true","key":"true","liveness":"true","loudness":"true","mode":"true","name":"true","release_date":"true","speechiness":"true","tempo":"true","time_signature":"true","track_number":"true","valence":"true"}}
                    bucket_count 11
                    bucket_field_name id
                    file.inputformat org.apache.hadoop.hive.ql.io.orc.OrcInputFormat
                    file.outputformat org.apache.hadoop.hive.ql.io.orc.OrcOutputFormat
                    location hdfs://hadoop-02.uni.innopolis.ru:8020/user/team11/project/hive/warehouse/tracks_part/year=1926
                    name team11_projectdb.tracks_part
                    numFiles 11
                    numRows 107
                    partition_columns year
                    partition_columns.types int
                    rawDataSize 94461
                    serialization.ddl struct tracks_part { string id, string name, string album, string album_id, string artists, string artist_ids, i32 track_number, i32 disc_number, bool explicit, double danceability, double energy, i32 key, double loudness, i32 mode, double speechiness, double acousticness, double instrumentalness, double liveness, double valence, double tempo, i32 duration_ms, double time_signature, string release_date}
                    serialization.format 1
                    serialization.lib org.apache.hadoop.hive.ql.io.orc.OrcSerde
                    totalSize 62983
                    transient_lastDdlTime 1778427549
                  serde: org.apache.hadoop.hive.ql.io.orc.OrcSerde
                
                    input format: org.apache.hadoop.hive.ql.io.orc.OrcInputFormat
                    output format: org.apache.hadoop.hive.ql.io.orc.OrcOutputFormat
                    properties:
                      EXTERNAL TRUE
                      bucket_count 11
                      bucket_field_name id
                      bucketing_version 2
                      column.name.delimiter ,
                      columns id,name,album,album_id,artists,artist_ids,track_number,disc_number,explicit,danceability,energy,key,loudness,mode,speechiness,acousticness,instrumentalness,liveness,valence,tempo,duration_ms,time_signature,release_date
                      columns.comments 
                      columns.types string:string:string:string:string:string:int:int:boolean:double:double:int:double:int:double:double:double:double:double:double:int:double:string
                      file.inputformat org.apache.hadoop.hive.ql.io.orc.OrcInputFormat
                      file.outputformat org.apache.hadoop.hive.ql.io.orc.OrcOutputFormat
                      location hdfs://hadoop-02.uni.innopolis.ru:8020/user/team11/project/hive/warehouse/tracks_part
                      name team11_projectdb.tracks_part
                      orc.compress SNAPPY
                      partition_columns year
                      partition_columns.types int
                      serialization.ddl struct tracks_part { string id, string name, string album, string album_id, string artists, string artist_ids, i32 track_number, i32 disc_number, bool explicit, double danceability, double energy, i32 key, double loudness, i32 mode, double speechiness, double acousticness, double instrumentalness, double liveness, double valence, double tempo, i32 duration_ms, double time_signature, string release_date}
                      serialization.format 1
                      serialization.lib org.apache.hadoop.hive.ql.io.orc.OrcSerde
                      transient_lastDdlTime 1778427516
                    serde: org.apache.hadoop.hive.ql.io.orc.OrcSerde
                    name: team11_projectdb.tracks_part
                  name: team11_projectdb.tracks_part
              hdfs://hadoop-02.uni.innopolis.ru:8020/user/team11/project/hive/warehouse/tracks_part/year=1927 
                Partition
                  base file name: year=1927
                  input format: org.apache.hadoop.hive.ql.io.orc.OrcInputFormat
                  output format: org.apache.hadoop.hive.ql.io.orc.OrcOutputFormat
                  partition values:
                    year 1927
                  properties:
                    COLUMN_STATS_ACCURATE {"BASIC_STATS":"true","COLUMN_STATS":{"acousticness":"true","album":"true","album_id":"true","artist_ids":"true","artists":"true","danceability":"true","disc_number":"true","duration_ms":"true","energy":"true","explicit":"true","id":"true","instrumentalness":"true","key":"true","liveness":"true","loudness":"true","mode":"true","name":"true","release_date":"true","speechiness":"true","tempo":"true","time_signature":"true","track_number":"true","valence":"true"}}
                    bucket_count 11
                    bucket_field_name id
                    file.inputformat org.apache.hadoop.hive.ql.io.orc.OrcInputFormat
                    file.outputformat org.apache.hadoop.hive.ql.io.orc.OrcOutputFormat
                    location hdfs://hadoop-02.uni.innopolis.ru:8020/user/team11/project/hive/warehouse/tracks_part/year=1927
                    name team11_projectdb.tracks_part
                    numFiles 11
                    numRows 48
                    partition_columns year
                    partition_columns.types int
                    rawDataSize 42163
                    serialization.ddl struct tracks_part { string id, string name, string album, string album_id, string artists, string artist_ids, i32 track_number, i32 disc_number, bool explicit, double danceability, double energy, i32 key, double loudness, i32 mode, double speechiness, double acousticness, double instrumentalness, double liveness, double valence, double tempo, i32 duration_ms, double time_signature, string release_date}
                    serialization.format 1
                    serialization.lib org.apache.hadoop.hive.ql.io.orc.OrcSerde
                    totalSize 50904
                    transient_lastDdlTime 1778427549
                  serde: org.apache.hadoop.hive.ql.io.orc.OrcSerde
                
                    input format: org.apache.hadoop.hive.ql.io.orc.OrcInputFormat
                    output format: org.apache.hadoop.hive.ql.io.orc.OrcOutputFormat
                    properties:
                      EXTERNAL TRUE
                      bucket_count 11
                      bucket_field_name id
                      bucketing_version 2
                      column.name.delimiter ,
                      columns id,name,album,album_id,artists,artist_ids,track_number,disc_number,explicit,danceability,energy,key,loudness,mode,speechiness,acousticness,instrumentalness,liveness,valence,tempo,duration_ms,time_signature,release_date
                      columns.comments 
                      columns.types string:string:string:string:string:string:int:int:boolean:double:double:int:double:int:double:double:double:double:double:double:int:double:string
                      file.inputformat org.apache.hadoop.hive.ql.io.orc.OrcInputFormat
                      file.outputformat org.apache.hadoop.hive.ql.io.orc.OrcOutputFormat
                      location hdfs://hadoop-02.uni.innopolis.ru:8020/user/team11/project/hive/warehouse/tracks_part
                      name team11_projectdb.tracks_part
                      orc.compress SNAPPY
                      partition_columns year
                      partition_columns.types int
                      serialization.ddl struct tracks_part { string id, string name, string album, string album_id, string artists, string artist_ids, i32 track_number, i32 disc_number, bool explicit, double danceability, double energy, i32 key, double loudness, i32 mode, double speechiness, double acousticness, double instrumentalness, double liveness, double valence, double tempo, i32 duration_ms, double time_signature, string release_date}
                      serialization.format 1
                      serialization.lib org.apache.hadoop.hive.ql.io.orc.OrcSerde
                      transient_lastDdlTime 1778427516
                    serde: org.apache.hadoop.hive.ql.io.orc.OrcSerde
                    name: team11_projectdb.tracks_part
                  name: team11_projectdb.tracks_part
              hdfs://hadoop-02.uni.innopolis.ru:8020/user/team11/project/hive/warehouse/tracks_part/year=1928 
                Partition
                  base file name: year=1928
                  input format: org.apache.hadoop.hive.ql.io.orc.OrcInputFormat
                  output format: org.apache.hadoop.hive.ql.io.orc.OrcOutputFormat
                  partition values:
                    year 1928
                  properties:
                    COLUMN_STATS_ACCURATE {"BASIC_STATS":"true","COLUMN_STATS":{"acousticness":"true","album":"true","album_id":"true","artist_ids":"true","artists":"true","danceability":"true","disc_number":"true","duration_ms":"true","energy":"true","explicit":"true","id":"true","instrumentalness":"true","key":"true","liveness":"true","loudness":"true","mode":"true","name":"true","release_date":"true","speechiness":"true","tempo":"true","time_signature":"true","track_number":"true","valence":"true"}}
                    bucket_count 11
                    bucket_field_name id
                    file.inputformat org.apache.hadoop.hive.ql.io.orc.OrcInputFormat
                    file.outputformat org.apache.hadoop.hive.ql.io.orc.OrcOutputFormat
                    location hdfs://hadoop-02.uni.innopolis.ru:8020/user/team11/project/hive/warehouse/tracks_part/year=1928
                    name team11_projectdb.tracks_part
                    numFiles 11
                    numRows 114
                    partition_columns year
                    partition_columns.types int
                    rawDataSize 99452
                    serialization.ddl struct tracks_part { string id, string name, string album, string album_id, string artists, string artist_ids, i32 track_number, i32 disc_number, bool explicit, double danceability, double energy, i32 key, double loudness, i32 mode, double speechiness, double acousticness, double instrumentalness, double liveness, double valence, double tempo, i32 duration_ms, double time_signature, string release_date}
                    serialization.format 1
                    serialization.lib org.apache.hadoop.hive.ql.io.orc.OrcSerde
                    totalSize 65757
                    transient_lastDdlTime 1778427549
                  serde: org.apache.hadoop.hive.ql.io.orc.OrcSerde
                
                    input format: org.apache.hadoop.hive.ql.io.orc.OrcInputFormat
                    output format: org.apache.hadoop.hive.ql.io.orc.OrcOutputFormat
                    properties:
                      EXTERNAL TRUE
                      bucket_count 11
                      bucket_field_name id
                      bucketing_version 2
                      column.name.delimiter ,
                      columns id,name,album,album_id,artists,artist_ids,track_number,disc_number,explicit,danceability,energy,key,loudness,mode,speechiness,acousticness,instrumentalness,liveness,valence,tempo,duration_ms,time_signature,release_date
                      columns.comments 
                      columns.types string:string:string:string:string:string:int:int:boolean:double:double:int:double:int:double:double:double:double:double:double:int:double:string
                      file.inputformat org.apache.hadoop.hive.ql.io.orc.OrcInputFormat
                      file.outputformat org.apache.hadoop.hive.ql.io.orc.OrcOutputFormat
                      location hdfs://hadoop-02.uni.innopolis.ru:8020/user/team11/project/hive/warehouse/tracks_part
                      name team11_projectdb.tracks_part
                      orc.compress SNAPPY
                      partition_columns year
                      partition_columns.types int
                      serialization.ddl struct tracks_part { string id, string name, string album, string album_id, string artists, string artist_ids, i32 track_number, i32 disc_number, bool explicit, double danceability, double energy, i32 key, double loudness, i32 mode, double speechiness, double acousticness, double instrumentalness, double liveness, double valence, double tempo, i32 duration_ms, double time_signature, string release_date}
                      serialization.format 1
                      serialization.lib org.apache.hadoop.hive.ql.io.orc.OrcSerde
                      transient_lastDdlTime 1778427516
                    serde: org.apache.hadoop.hive.ql.io.orc.OrcSerde
                    name: team11_projectdb.tracks_part
                  name: team11_projectdb.tracks_part
              hdfs://hadoop-02.uni.innopolis.ru:8020/user/team11/project/hive/warehouse/tracks_part/year=1929 
                Partition
                  base file name: year=1929
                  input format: org.apache.hadoop.hive.ql.io.orc.OrcInputFormat
                  output format: org.apache.hadoop.hive.ql.io.orc.OrcOutputFormat
                  partition values:
                    year 1929
                  properties:
                    COLUMN_STATS_ACCURATE {"BASIC_STATS":"true","COLUMN_STATS":{"acousticness":"true","album":"true","album_id":"true","artist_ids":"true","artists":"true","danceability":"true","disc_number":"true","duration_ms":"true","energy":"true","explicit":"true","id":"true","instrumentalness":"true","key":"true","liveness":"true","loudness":"true","mode":"true","name":"true","release_date":"true","speechiness":"true","tempo":"true","time_signature":"true","track_number":"true","valence":"true"}}
                    bucket_count 11
                    bucket_field_name id
                    file.inputformat org.apache.hadoop.hive.ql.io.orc.OrcInputFormat
                    file.outputformat org.apache.hadoop.hive.ql.io.orc.OrcOutputFormat
                    location hdfs://hadoop-02.uni.innopolis.ru:8020/user/team11/project/hive/warehouse/tracks_part/year=1929
                    name team11_projectdb.tracks_part
                    numFiles 10
                    numRows 32
                    partition_columns year
                    partition_columns.types int
                    rawDataSize 26520
                    serialization.ddl struct tracks_part { string id, string name, string album, string album_id, string artists, string artist_ids, i32 track_number, i32 disc_number, bool explicit, double danceability, double energy, i32 key, double loudness, i32 mode, double speechiness, double acousticness, double instrumentalness, double liveness, double valence, double tempo, i32 duration_ms, double time_signature, string release_date}
                    serialization.format 1
                    serialization.lib org.apache.hadoop.hive.ql.io.orc.OrcSerde
                    totalSize 39819
                    transient_lastDdlTime 1778427549
                  serde: org.apache.hadoop.hive.ql.io.orc.OrcSerde
                
                    input format: org.apache.hadoop.hive.ql.io.orc.OrcInputFormat
                    output format: org.apache.hadoop.hive.ql.io.orc.OrcOutputFormat
                    properties:
                      EXTERNAL TRUE
                      bucket_count 11
                      bucket_field_name id
                      bucketing_version 2
                      column.name.delimiter ,
                      columns id,name,album,album_id,artists,artist_ids,track_number,disc_number,explicit,danceability,energy,key,loudness,mode,speechiness,acousticness,instrumentalness,liveness,valence,tempo,duration_ms,time_signature,release_date
                      columns.comments 
                      columns.types string:string:string:string:string:string:int:int:boolean:double:double:int:double:int:double:double:double:double:double:double:int:double:string
                      file.inputformat org.apache.hadoop.hive.ql.io.orc.OrcInputFormat
                      file.outputformat org.apache.hadoop.hive.ql.io.orc.OrcOutputFormat
                      location hdfs://hadoop-02.uni.innopolis.ru:8020/user/team11/project/hive/warehouse/tracks_part
                      name team11_projectdb.tracks_part
                      orc.compress SNAPPY
                      partition_columns year
                      partition_columns.types int
                      serialization.ddl struct tracks_part { string id, string name, string album, string album_id, string artists, string artist_ids, i32 track_number, i32 disc_number, bool explicit, double danceability, double energy, i32 key, double loudness, i32 mode, double speechiness, double acousticness, double instrumentalness, double liveness, double valence, double tempo, i32 duration_ms, double time_signature, string release_date}
                      serialization.format 1
                      serialization.lib org.apache.hadoop.hive.ql.io.orc.OrcSerde
                      transient_lastDdlTime 1778427516
                    serde: org.apache.hadoop.hive.ql.io.orc.OrcSerde
                    name: team11_projectdb.tracks_part
                  name: team11_projectdb.tracks_part
              hdfs://hadoop-02.uni.innopolis.ru:8020/user/team11/project/hive/warehouse/tracks_part/year=1930 
                Partition
                  base file name: year=1930
                  input format: org.apache.hadoop.hive.ql.io.orc.OrcInputFormat
                  output format: org.apache.hadoop.hive.ql.io.orc.OrcOutputFormat
                  partition values:
                    year 1930
                  properties:
                    COLUMN_STATS_ACCURATE {"BASIC_STATS":"true","COLUMN_STATS":{"acousticness":"true","album":"true","album_id":"true","artist_ids":"true","artists":"true","danceability":"true","disc_number":"true","duration_ms":"true","energy":"true","explicit":"true","id":"true","instrumentalness":"true","key":"true","liveness":"true","loudness":"true","mode":"true","name":"true","release_date":"true","speechiness":"true","tempo":"true","time_signature":"true","track_number":"true","valence":"true"}}
                    bucket_count 11
                    bucket_field_name id
                    file.inputformat org.apache.hadoop.hive.ql.io.orc.OrcInputFormat
                    file.outputformat org.apache.hadoop.hive.ql.io.orc.OrcOutputFormat
                    location hdfs://hadoop-02.uni.innopolis.ru:8020/user/team11/project/hive/warehouse/tracks_part/year=1930
                    name team11_projectdb.tracks_part
                    numFiles 11
                    numRows 59
                    partition_columns year
                    partition_columns.types int
                    rawDataSize 49988
                    serialization.ddl struct tracks_part { string id, string name, string album, string album_id, string artists, string artist_ids, i32 track_number, i32 disc_number, bool explicit, double danceability, double energy, i32 key, double loudness, i32 mode, double speechiness, double acousticness, double instrumentalness, double liveness, double valence, double tempo, i32 duration_ms, double time_signature, string release_date}
                    serialization.format 1
                    serialization.lib org.apache.hadoop.hive.ql.io.orc.OrcSerde
                    totalSize 51795
                    transient_lastDdlTime 1778427549
                  serde: org.apache.hadoop.hive.ql.io.orc.OrcSerde
                
                    input format: org.apache.hadoop.hive.ql.io.orc.OrcInputFormat
                    output format: org.apache.hadoop.hive.ql.io.orc.OrcOutputFormat
                    properties:
                      EXTERNAL TRUE
                      bucket_count 11
                      bucket_field_name id
                      bucketing_version 2
                      column.name.delimiter ,
                      columns id,name,album,album_id,artists,artist_ids,track_number,disc_number,explicit,danceability,energy,key,loudness,mode,speechiness,acousticness,instrumentalness,liveness,valence,tempo,duration_ms,time_signature,release_date
                      columns.comments 
                      columns.types string:string:string:string:string:string:int:int:boolean:double:double:int:double:int:double:double:double:double:double:double:int:double:string
                      file.inputformat org.apache.hadoop.hive.ql.io.orc.OrcInputFormat
                      file.outputformat org.apache.hadoop.hive.ql.io.orc.OrcOutputFormat
                      location hdfs://hadoop-02.uni.innopolis.ru:8020/user/team11/project/hive/warehouse/tracks_part
                      name team11_projectdb.tracks_part
                      orc.compress SNAPPY
                      partition_columns year
                      partition_columns.types int
                      serialization.ddl struct tracks_part { string id, string name, string album, string album_id, string artists, string artist_ids, i32 track_number, i32 disc_number, bool explicit, double danceability, double energy, i32 key, double loudness, i32 mode, double speechiness, double acousticness, double instrumentalness, double liveness, double valence, double tempo, i32 duration_ms, double time_signature, string release_date}
                      serialization.format 1
                      serialization.lib org.apache.hadoop.hive.ql.io.orc.OrcSerde
                      transient_lastDdlTime 1778427516
                    serde: org.apache.hadoop.hive.ql.io.orc.OrcSerde
                    name: team11_projectdb.tracks_part
                  name: team11_projectdb.tracks_part
              hdfs://hadoop-02.uni.innopolis.ru:8020/user/team11/project/hive/warehouse/tracks_part/year=1931 
                Partition
                  base file name: year=1931
                  input format: org.apache.hadoop.hive.ql.io.orc.OrcInputFormat
                  output format: org.apache.hadoop.hive.ql.io.orc.OrcOutputFormat
                  partition values:
                    year 1931
                  properties:
                    COLUMN_STATS_ACCURATE {"BASIC_STATS":"true","COLUMN_STATS":{"acousticness":"true","album":"true","album_id":"true","artist_ids":"true","artists":"true","danceability":"true","disc_number":"true","duration_ms":"true","energy":"true","explicit":"true","id":"true","instrumentalness":"true","key":"true","liveness":"true","loudness":"true","mode":"true","name":"true","release_date":"true","speechiness":"true","tempo":"true","time_signature":"true","track_number":"true","valence":"true"}}
                    bucket_count 11
                    bucket_field_name id
                    file.inputformat org.apache.hadoop.hive.ql.io.orc.OrcInputFormat
                    file.outputformat org.apache.hadoop.hive.ql.io.orc.OrcOutputFormat
                    location hdfs://hadoop-02.uni.innopolis.ru:8020/user/team11/project/hive/warehouse/tracks_part/year=1931
                    name team11_projectdb.tracks_part
                    numFiles 11
                    numRows 35
                    partition_columns year
                    partition_columns.types int
                    rawDataSize 29612
                    serialization.ddl struct tracks_part { string id, string name, string album, string album_id, string artists, string artist_ids, i32 track_number, i32 disc_number, bool explicit, double danceability, double energy, i32 key, double loudness, i32 mode, double speechiness, double acousticness, double instrumentalness, double liveness, double valence, double tempo, i32 duration_ms, double time_signature, string release_date}
                    serialization.format 1
                    serialization.lib org.apache.hadoop.hive.ql.io.orc.OrcSerde
                    totalSize 45194
                    transient_lastDdlTime 1778427549
                  serde: org.apache.hadoop.hive.ql.io.orc.OrcSerde
                
                    input format: org.apache.hadoop.hive.ql.io.orc.OrcInputFormat
                    output format: org.apache.hadoop.hive.ql.io.orc.OrcOutputFormat
                    properties:
                      EXTERNAL TRUE
                      bucket_count 11
                      bucket_field_name id
                      bucketing_version 2
                      column.name.delimiter ,
                      columns id,name,album,album_id,artists,artist_ids,track_number,disc_number,explicit,danceability,energy,key,loudness,mode,speechiness,acousticness,instrumentalness,liveness,valence,tempo,duration_ms,time_signature,release_date
                      columns.comments 
                      columns.types string:string:string:string:string:string:int:int:boolean:double:double:int:double:int:double:double:double:double:double:double:int:double:string
                      file.inputformat org.apache.hadoop.hive.ql.io.orc.OrcInputFormat
                      file.outputformat org.apache.hadoop.hive.ql.io.orc.OrcOutputFormat
                      location hdfs://hadoop-02.uni.innopolis.ru:8020/user/team11/project/hive/warehouse/tracks_part
                      name team11_projectdb.tracks_part
                      orc.compress SNAPPY
                      partition_columns year
                      partition_columns.types int
                      serialization.ddl struct tracks_part { string id, string name, string album, string album_id, string artists, string artist_ids, i32 track_number, i32 disc_number, bool explicit, double danceability, double energy, i32 key, double loudness, i32 mode, double speechiness, double acousticness, double instrumentalness, double liveness, double valence, double tempo, i32 duration_ms, double time_signature, string release_date}
                      serialization.format 1
                      serialization.lib org.apache.hadoop.hive.ql.io.orc.OrcSerde
                      transient_lastDdlTime 1778427516
                    serde: org.apache.hadoop.hive.ql.io.orc.OrcSerde
                    name: team11_projectdb.tracks_part
                  name: team11_projectdb.tracks_part
              hdfs://hadoop-02.uni.innopolis.ru:8020/user/team11/project/hive/warehouse/tracks_part/year=1932 
                Partition
                  base file name: year=1932
                  input format: org.apache.hadoop.hive.ql.io.orc.OrcInputFormat
                  output format: org.apache.hadoop.hive.ql.io.orc.OrcOutputFormat
                  partition values:
                    year 1932
                  properties:
                    COLUMN_STATS_ACCURATE {"BASIC_STATS":"true","COLUMN_STATS":{"acousticness":"true","album":"true","album_id":"true","artist_ids":"true","artists":"true","danceability":"true","disc_number":"true","duration_ms":"true","energy":"true","explicit":"true","id":"true","instrumentalness":"true","key":"true","liveness":"true","loudness":"true","mode":"true","name":"true","release_date":"true","speechiness":"true","tempo":"true","time_signature":"true","track_number":"true","valence":"true"}}
                    bucket_count 11
                    bucket_field_name id
                    file.inputformat org.apache.hadoop.hive.ql.io.orc.OrcInputFormat
                    file.outputformat org.apache.hadoop.hive.ql.io.orc.OrcOutputFormat
                    location hdfs://hadoop-02.uni.innopolis.ru:8020/user/team11/project/hive/warehouse/tracks_part/year=1932
                    name team11_projectdb.tracks_part
                    numFiles 11
                    numRows 59
                    partition_columns year
                    partition_columns.types int
                    rawDataSize 51279
                    serialization.ddl struct tracks_part { string id, string name, string album, string album_id, string artists, string artist_ids, i32 track_number, i32 disc_number, bool explicit, double danceability, double energy, i32 key, double loudness, i32 mode, double speechiness, double acousticness, double instrumentalness, double liveness, double valence, double tempo, i32 duration_ms, double time_signature, string release_date}
                    serialization.format 1
                    serialization.lib org.apache.hadoop.hive.ql.io.orc.OrcSerde
                    totalSize 53543
                    transient_lastDdlTime 1778427549
                  serde: org.apache.hadoop.hive.ql.io.orc.OrcSerde
                
                    input format: org.apache.hadoop.hive.ql.io.orc.OrcInputFormat
                    output format: org.apache.hadoop.hive.ql.io.orc.OrcOutputFormat
                    properties:
                      EXTERNAL TRUE
                      bucket_count 11
                      bucket_field_name id
                      bucketing_version 2
                      column.name.delimiter ,
                      columns id,name,album,album_id,artists,artist_ids,track_number,disc_number,explicit,danceability,energy,key,loudness,mode,speechiness,acousticness,instrumentalness,liveness,valence,tempo,duration_ms,time_signature,release_date
                      columns.comments 
                      columns.types string:string:string:string:string:string:int:int:boolean:double:double:int:double:int:double:double:double:double:double:double:int:double:string
                      file.inputformat org.apache.hadoop.hive.ql.io.orc.OrcInputFormat
                      file.outputformat org.apache.hadoop.hive.ql.io.orc.OrcOutputFormat
                      location hdfs://hadoop-02.uni.innopolis.ru:8020/user/team11/project/hive/warehouse/tracks_part
                      name team11_projectdb.tracks_part
                      orc.compress SNAPPY
                      partition_columns year
                      partition_columns.types int
                      serialization.ddl struct tracks_part { string id, string name, string album, string album_id, string artists, string artist_ids, i32 track_number, i32 disc_number, bool explicit, double danceability, double energy, i32 key, double loudness, i32 mode, double speechiness, double acousticness, double instrumentalness, double liveness, double valence, double tempo, i32 duration_ms, double time_signature, string release_date}
                      serialization.format 1
                      serialization.lib org.apache.hadoop.hive.ql.io.orc.OrcSerde
                      transient_lastDdlTime 1778427516
                    serde: org.apache.hadoop.hive.ql.io.orc.OrcSerde
                    name: team11_projectdb.tracks_part
                  name: team11_projectdb.tracks_part
              hdfs://hadoop-02.uni.innopolis.ru:8020/user/team11/project/hive/warehouse/tracks_part/year=1933 
                Partition
                  base file name: year=1933
                  input format: org.apache.hadoop.hive.ql.io.orc.OrcInputFormat
                  output format: org.apache.hadoop.hive.ql.io.orc.OrcOutputFormat
                  partition values:
                    year 1933
                  properties:
                    COLUMN_STATS_ACCURATE {"BASIC_STATS":"true","COLUMN_STATS":{"acousticness":"true","album":"true","album_id":"true","artist_ids":"true","artists":"true","danceability":"true","disc_number":"true","duration_ms":"true","energy":"true","explicit":"true","id":"true","instrumentalness":"true","key":"true","liveness":"true","loudness":"true","mode":"true","name":"true","release_date":"true","speechiness":"true","tempo":"true","time_signature":"true","track_number":"true","valence":"true"}}
                    bucket_count 11
                    bucket_field_name id
                    file.inputformat org.apache.hadoop.hive.ql.io.orc.OrcInputFormat
                    file.outputformat org.apache.hadoop.hive.ql.io.orc.OrcOutputFormat
                    location hdfs://hadoop-02.uni.innopolis.ru:8020/user/team11/project/hive/warehouse/tracks_part/year=1933
                    name team11_projectdb.tracks_part
                    numFiles 11
                    numRows 63
                    partition_columns year
                    partition_columns.types int
                    rawDataSize 56891
                    serialization.ddl struct tracks_part { string id, string name, string album, string album_id, string artists, string artist_ids, i32 track_number, i32 disc_number, bool explicit, double danceability, double energy, i32 key, double loudness, i32 mode, double speechiness, double acousticness, double instrumentalness, double liveness, double valence, double tempo, i32 duration_ms, double time_signature, string release_date}
                    serialization.format 1
                    serialization.lib org.apache.hadoop.hive.ql.io.orc.OrcSerde
                    totalSize 52185
                    transient_lastDdlTime 1778427549
                  serde: org.apache.hadoop.hive.ql.io.orc.OrcSerde
                
                    input format: org.apache.hadoop.hive.ql.io.orc.OrcInputFormat
                    output format: org.apache.hadoop.hive.ql.io.orc.OrcOutputFormat
[2K----------------------------------------------------------------------------------------------
[2K[36;1m        VERTICES      MODE        STATUS  TOTAL  COMPLETED  RUNNING  PENDING  FAILED  KILLED  
[22;0m[2K----------------------------------------------------------------------------------------------
[2KMap 1            container  INITIALIZING     -1          0        0       -1       0       0  
Reducer 2        container        INITED      1          0        0        1       0       0  
[2K----------------------------------------------------------------------------------------------
[2K[31;1mVERTICES: 00/02  [>>--------------------------] 0%    ELAPSED TIME: 1.38 s     
[22;0m[2K----------------------------------------------------------------------------------------------
[8A[2K----------------------------------------------------------------------------------------------
[2K[36;1m        VERTICES      MODE        STATUS  TOTAL  COMPLETED  RUNNING  PENDING  FAILED  KILLED  
[22;0m[2K----------------------------------------------------------------------------------------------
[2KMap 1            container  INITIALIZING     -1          0        0       -1       0       0  
Reducer 2        container        INITED      1          0        0        1       0       0  
[2K----------------------------------------------------------------------------------------------
[2K[31;1mVERTICES: 00/02  [>>--------------------------] 0%    ELAPSED TIME: 1.88 s     
[22;0m[2K----------------------------------------------------------------------------------------------
[8A[2K----------------------------------------------------------------------------------------------
[2K[36;1m        VERTICES      MODE        STATUS  TOTAL  COMPLETED  RUNNING  PENDING  FAILED  KILLED  
[22;0m[2K----------------------------------------------------------------------------------------------
[2KMap 1            container  INITIALIZING     -1          0        0       -1       0       0  
Reducer 2        container        INITED      1          0        0        1       0       0  
[2K----------------------------------------------------------------------------------------------
[2K[31;1mVERTICES: 00/02  [>>--------------------------] 0%    ELAPSED TIME: 2.39 s     
[22;0m[2K----------------------------------------------------------------------------------------------
[8A[2K----------------------------------------------------------------------------------------------
[2K[36;1m        VERTICES      MODE        STATUS  TOTAL  COMPLETED  RUNNING  PENDING  FAILED  KILLED  
[22;0m[2K----------------------------------------------------------------------------------------------
[2KMap 1            container  INITIALIZING     -1          0        0       -1       0       0  
Reducer 2        container        INITED      1          0        0        1       0       0  
[2K----------------------------------------------------------------------------------------------
[2K[31;1mVERTICES: 00/02  [>>--------------------------] 0%    ELAPSED TIME: 2.89 s     
[22;0m[2K----------------------------------------------------------------------------------------------
[8A[2K----------------------------------------------------------------------------------------------
[2K[36;1m        VERTICES      MODE        STATUS  TOTAL  COMPLETED  RUNNING  PENDING  FAILED  KILLED  
[22;0m[2K----------------------------------------------------------------------------------------------
[2KMap 1            container       RUNNING      5          0        4        1       0       0  
Reducer 2        container        INITED      1          0        0        1       0       0  
[2K----------------------------------------------------------------------------------------------
[2K[31;1mVERTICES: 00/02  [>>--------------------------] 0%    ELAPSED TIME: 3.39 s     
[22;0m[2K----------------------------------------------------------------------------------------------
[8A[2K----------------------------------------------------------------------------------------------
[2K[36;1m        VERTICES      MODE        STATUS  TOTAL  COMPLETED  RUNNING  PENDING  FAILED  KILLED  
[22;0m[2K----------------------------------------------------------------------------------------------
[2KMap 1 ..         container       RUNNING      5          1        4        0       0       0  
Reducer 2        container       RUNNING      1          0        1        0       0       0  
[2K----------------------------------------------------------------------------------------------
[2K[31;1mVERTICES: 00/02  [====>>----------------------] 16%   ELAPSED TIME: 3.90 s     
[22;0m[2K----------------------------------------------------------------------------------------------
[8A[2K----------------------------------------------------------------------------------------------
[2K[36;1m        VERTICES      MODE        STATUS  TOTAL  COMPLETED  RUNNING  PENDING  FAILED  KILLED  
[22;0m[2K----------------------------------------------------------------------------------------------
[2KMap 1 ....       container       RUNNING      5          2        3        0       0       0  
Reducer 2        container       RUNNING      1          0        1        0       0       0  
[2K----------------------------------------------------------------------------------------------
[2K[31;1mVERTICES: 00/02  [========>>------------------] 33%   ELAPSED TIME: 4.40 s     
[22;0m[2K----------------------------------------------------------------------------------------------
[8A[2K----------------------------------------------------------------------------------------------
[2K[36;1m        VERTICES      MODE        STATUS  TOTAL  COMPLETED  RUNNING  PENDING  FAILED  KILLED  
[22;0m[2K----------------------------------------------------------------------------------------------
[2KMap 1 ....       container       RUNNING      5          2        3        0       0       0  
Reducer 2        container       RUNNING      1          0        1        0       0       0  
[2K----------------------------------------------------------------------------------------------
[2K[31;1mVERTICES: 00/02  [========>>------------------] 33%   ELAPSED TIME: 4.90 s     
[22;0m[2K----------------------------------------------------------------------------------------------
[8A[2K----------------------------------------------------------------------------------------------
[2K[36;1m        VERTICES      MODE        STATUS  TOTAL  COMPLETED  RUNNING  PENDING  FAILED  KILLED  
[22;0m[2K----------------------------------------------------------------------------------------------
[2KMap 1 .......... container     SUCCEEDED      5          5        0        0       0       0  
Reducer 2        container       RUNNING      1          0        1        0       0       0  
[2K----------------------------------------------------------------------------------------------
[2K[31;1mVERTICES: 01/02  [=====================>>-----] 83%   ELAPSED TIME: 5.40 s     
[22;0m[2K----------------------------------------------------------------------------------------------
[8A[2K----------------------------------------------------------------------------------------------
[2K[36;1m        VERTICES      MODE        STATUS  TOTAL  COMPLETED  RUNNING  PENDING  FAILED  KILLED  
[22;0m[2K----------------------------------------------------------------------------------------------
[2KMap 1 .......... container     SUCCEEDED      5          5        0        0       0       0  
Reducer 2 ...... container     SUCCEEDED      1          1        0        0       0       0  
[2K----------------------------------------------------------------------------------------------
[2K[31;1mVERTICES: 02/02  [==========================>>] 100%  ELAPSED TIME: 5.61 s     
[22;0m[2K----------------------------------------------------------------------------------------------
                    properties:
                      EXTERNAL TRUE
                      bucket_count 11
                      bucket_field_name id
                      bucketing_version 2
                      column.name.delimiter ,
                      columns id,name,album,album_id,artists,artist_ids,track_number,disc_number,explicit,danceability,energy,key,loudness,mode,speechiness,acousticness,instrumentalness,liveness,valence,tempo,duration_ms,time_signature,release_date
                      columns.comments 
                      columns.types string:string:string:string:string:string:int:int:boolean:double:double:int:double:int:double:double:double:double:double:double:int:double:string
                      file.inputformat org.apache.hadoop.hive.ql.io.orc.OrcInputFormat
                      file.outputformat org.apache.hadoop.hive.ql.io.orc.OrcOutputFormat
                      location hdfs://hadoop-02.uni.innopolis.ru:8020/user/team11/project/hive/warehouse/tracks_part
                      name team11_projectdb.tracks_part
                      orc.compress SNAPPY
                      partition_columns year
                      partition_columns.types int
                      serialization.ddl struct tracks_part { string id, string name, string album, string album_id, string artists, string artist_ids, i32 track_number, i32 disc_number, bool explicit, double danceability, double energy, i32 key, double loudness, i32 mode, double speechiness, double acousticness, double instrumentalness, double liveness, double valence, double tempo, i32 duration_ms, double time_signature, string release_date}
                      serialization.format 1
                      serialization.lib org.apache.hadoop.hive.ql.io.orc.OrcSerde
                      transient_lastDdlTime 1778427516
                    serde: org.apache.hadoop.hive.ql.io.orc.OrcSerde
                    name: team11_projectdb.tracks_part
                  name: team11_projectdb.tracks_part
              hdfs://hadoop-02.uni.innopolis.ru:8020/user/team11/project/hive/warehouse/tracks_part/year=1935 
                Partition
                  base file name: year=1935
                  input format: org.apache.hadoop.hive.ql.io.orc.OrcInputFormat
                  output format: org.apache.hadoop.hive.ql.io.orc.OrcOutputFormat
                  partition values:
                    year 1935
                  properties:
                    COLUMN_STATS_ACCURATE {"BASIC_STATS":"true","COLUMN_STATS":{"acousticness":"true","album":"true","album_id":"true","artist_ids":"true","artists":"true","danceability":"true","disc_number":"true","duration_ms":"true","energy":"true","explicit":"true","id":"true","instrumentalness":"true","key":"true","liveness":"true","loudness":"true","mode":"true","name":"true","release_date":"true","speechiness":"true","tempo":"true","time_signature":"true","track_number":"true","valence":"true"}}
                    bucket_count 11
                    bucket_field_name id
                    file.inputformat org.apache.hadoop.hive.ql.io.orc.OrcInputFormat
                    file.outputformat org.apache.hadoop.hive.ql.io.orc.OrcOutputFormat
                    location hdfs://hadoop-02.uni.innopolis.ru:8020/user/team11/project/hive/warehouse/tracks_part/year=1935
                    name team11_projectdb.tracks_part
                    numFiles 8
                    numRows 20
                    partition_columns year
                    partition_columns.types int
                    rawDataSize 17379
                    serialization.ddl struct tracks_part { string id, string name, string album, string album_id, string artists, string artist_ids, i32 track_number, i32 disc_number, bool explicit, double danceability, double energy, i32 key, double loudness, i32 mode, double speechiness, double acousticness, double instrumentalness, double liveness, double valence, double tempo, i32 duration_ms, double time_signature, string release_date}
                    serialization.format 1
                    serialization.lib org.apache.hadoop.hive.ql.io.orc.OrcSerde
                    totalSize 29735
                    transient_lastDdlTime 1778427549
                  serde: org.apache.hadoop.hive.ql.io.orc.OrcSerde
                
                    input format: org.apache.hadoop.hive.ql.io.orc.OrcInputFormat
                    output format: org.apache.hadoop.hive.ql.io.orc.OrcOutputFormat
                    properties:
                      EXTERNAL TRUE
                      bucket_count 11
                      bucket_field_name id
                      bucketing_version 2
                      column.name.delimiter ,
                      columns id,name,album,album_id,artists,artist_ids,track_number,disc_number,explicit,danceability,energy,key,loudness,mode,speechiness,acousticness,instrumentalness,liveness,valence,tempo,duration_ms,time_signature,release_date
                      columns.comments 
                      columns.types string:string:string:string:string:string:int:int:boolean:double:double:int:double:int:double:double:double:double:double:double:int:double:string
                      file.inputformat org.apache.hadoop.hive.ql.io.orc.OrcInputFormat
                      file.outputformat org.apache.hadoop.hive.ql.io.orc.OrcOutputFormat
                      location hdfs://hadoop-02.uni.innopolis.ru:8020/user/team11/project/hive/warehouse/tracks_part
                      name team11_projectdb.tracks_part
                      orc.compress SNAPPY
                      partition_columns year
                      partition_columns.types int
                      serialization.ddl struct tracks_part { string id, string name, string album, string album_id, string artists, string artist_ids, i32 track_number, i32 disc_number, bool explicit, double danceability, double energy, i32 key, double loudness, i32 mode, double speechiness, double acousticness, double instrumentalness, double liveness, double valence, double tempo, i32 duration_ms, double time_signature, string release_date}
                      serialization.format 1
                      serialization.lib org.apache.hadoop.hive.ql.io.orc.OrcSerde
                      transient_lastDdlTime 1778427516
                    serde: org.apache.hadoop.hive.ql.io.orc.OrcSerde
                    name: team11_projectdb.tracks_part
                  name: team11_projectdb.tracks_part
              hdfs://hadoop-02.uni.innopolis.ru:8020/user/team11/project/hive/warehouse/tracks_part/year=1936 
                Partition
                  base file name: year=1936
                  input format: org.apache.hadoop.hive.ql.io.orc.OrcInputFormat
                  output format: org.apache.hadoop.hive.ql.io.orc.OrcOutputFormat
                  partition values:
                    year 1936
                  properties:
                    COLUMN_STATS_ACCURATE {"BASIC_STATS":"true","COLUMN_STATS":{"acousticness":"true","album":"true","album_id":"true","artist_ids":"true","artists":"true","danceability":"true","disc_number":"true","duration_ms":"true","energy":"true","explicit":"true","id":"true","instrumentalness":"true","key":"true","liveness":"true","loudness":"true","mode":"true","name":"true","release_date":"true","speechiness":"true","tempo":"true","time_signature":"true","track_number":"true","valence":"true"}}
                    bucket_count 11
                    bucket_field_name id
                    file.inputformat org.apache.hadoop.hive.ql.io.orc.OrcInputFormat
                    file.outputformat org.apache.hadoop.hive.ql.io.orc.OrcOutputFormat
                    location hdfs://hadoop-02.uni.innopolis.ru:8020/user/team11/project/hive/warehouse/tracks_part/year=1936
                    name team11_projectdb.tracks_part
                    numFiles 11
                    numRows 83
                    partition_columns year
                    partition_columns.types int
                    rawDataSize 69596
                    serialization.ddl struct tracks_part { string id, string name, string album, string album_id, string artists, string artist_ids, i32 track_number, i32 disc_number, bool explicit, double danceability, double energy, i32 key, double loudness, i32 mode, double speechiness, double acousticness, double instrumentalness, double liveness, double valence, double tempo, i32 duration_ms, double time_signature, string release_date}
                    serialization.format 1
                    serialization.lib org.apache.hadoop.hive.ql.io.orc.OrcSerde
                    totalSize 54121
                    transient_lastDdlTime 1778427549
                  serde: org.apache.hadoop.hive.ql.io.orc.OrcSerde
                
                    input format: org.apache.hadoop.hive.ql.io.orc.OrcInputFormat
                    output format: org.apache.hadoop.hive.ql.io.orc.OrcOutputFormat
                    properties:
                      EXTERNAL TRUE
                      bucket_count 11
                      bucket_field_name id
                      bucketing_version 2
                      column.name.delimiter ,
                      columns id,name,album,album_id,artists,artist_ids,track_number,disc_number,explicit,danceability,energy,key,loudness,mode,speechiness,acousticness,instrumentalness,liveness,valence,tempo,duration_ms,time_signature,release_date
                      columns.comments 
                      columns.types string:string:string:string:string:string:int:int:boolean:double:double:int:double:int:double:double:double:double:double:double:int:double:string
                      file.inputformat org.apache.hadoop.hive.ql.io.orc.OrcInputFormat
                      file.outputformat org.apache.hadoop.hive.ql.io.orc.OrcOutputFormat
                      location hdfs://hadoop-02.uni.innopolis.ru:8020/user/team11/project/hive/warehouse/tracks_part
                      name team11_projectdb.tracks_part
                      orc.compress SNAPPY
                      partition_columns year
                      partition_columns.types int
                      serialization.ddl struct tracks_part { string id, string name, string album, string album_id, string artists, string artist_ids, i32 track_number, i32 disc_number, bool explicit, double danceability, double energy, i32 key, double loudness, i32 mode, double speechiness, double acousticness, double instrumentalness, double liveness, double valence, double tempo, i32 duration_ms, double time_signature, string release_date}
                      serialization.format 1
                      serialization.lib org.apache.hadoop.hive.ql.io.orc.OrcSerde
                      transient_lastDdlTime 1778427516
                    serde: org.apache.hadoop.hive.ql.io.orc.OrcSerde
                    name: team11_projectdb.tracks_part
                  name: team11_projectdb.tracks_part
              hdfs://hadoop-02.uni.innopolis.ru:8020/user/team11/project/hive/warehouse/tracks_part/year=1937 
                Partition
                  base file name: year=1937
                  input format: org.apache.hadoop.hive.ql.io.orc.OrcInputFormat
                  output format: org.apache.hadoop.hive.ql.io.orc.OrcOutputFormat
                  partition values:
                    year 1937
                  properties:
                    COLUMN_STATS_ACCURATE {"BASIC_STATS":"true","COLUMN_STATS":{"acousticness":"true","album":"true","album_id":"true","artist_ids":"true","artists":"true","danceability":"true","disc_number":"true","duration_ms":"true","energy":"true","explicit":"true","id":"true","instrumentalness":"true","key":"true","liveness":"true","loudness":"true","mode":"true","name":"true","release_date":"true","speechiness":"true","tempo":"true","time_signature":"true","track_number":"true","valence":"true"}}
                    bucket_count 11
                    bucket_field_name id
                    file.inputformat org.apache.hadoop.hive.ql.io.orc.OrcInputFormat
                    file.outputformat org.apache.hadoop.hive.ql.io.orc.OrcOutputFormat
                    location hdfs://hadoop-02.uni.innopolis.ru:8020/user/team11/project/hive/warehouse/tracks_part/year=1937
                    name team11_projectdb.tracks_part
                    numFiles 11
                    numRows 40
                    partition_columns year
                    partition_columns.types int
                    rawDataSize 34209
                    serialization.ddl struct tracks_part { string id, string name, string album, string album_id, string artists, string artist_ids, i32 track_number, i32 disc_number, bool explicit, double danceability, double energy, i32 key, double loudness, i32 mode, double speechiness, double acousticness, double instrumentalness, double liveness, double valence, double tempo, i32 duration_ms, double time_signature, string release_date}
                    serialization.format 1
                    serialization.lib org.apache.hadoop.hive.ql.io.orc.OrcSerde
                    totalSize 46435
                    transient_lastDdlTime 1778427549
                  serde: org.apache.hadoop.hive.ql.io.orc.OrcSerde
                
                    input format: org.apache.hadoop.hive.ql.io.orc.OrcInputFormat
                    output format: org.apache.hadoop.hive.ql.io.orc.OrcOutputFormat
                    properties:
                      EXTERNAL TRUE
                      bucket_count 11
                      bucket_field_name id
                      bucketing_version 2
                      column.name.delimiter ,
                      columns id,name,album,album_id,artists,artist_ids,track_number,disc_number,explicit,danceability,energy,key,loudness,mode,speechiness,acousticness,instrumentalness,liveness,valence,tempo,duration_ms,time_signature,release_date
                      columns.comments 
                      columns.types string:string:string:string:string:string:int:int:boolean:double:double:int:double:int:double:double:double:double:double:double:int:double:string
                      file.inputformat org.apache.hadoop.hive.ql.io.orc.OrcInputFormat
                      file.outputformat org.apache.hadoop.hive.ql.io.orc.OrcOutputFormat
                      location hdfs://hadoop-02.uni.innopolis.ru:8020/user/team11/project/hive/warehouse/tracks_part
                      name team11_projectdb.tracks_part
                      orc.compress SNAPPY
                      partition_columns year
                      partition_columns.types int
                      serialization.ddl struct tracks_part { string id, string name, string album, string album_id, string artists, string artist_ids, i32 track_number, i32 disc_number, bool explicit, double danceability, double energy, i32 key, double loudness, i32 mode, double speechiness, double acousticness, double instrumentalness, double liveness, double valence, double tempo, i32 duration_ms, double time_signature, string release_date}
                      serialization.format 1
                      serialization.lib org.apache.hadoop.hive.ql.io.orc.OrcSerde
                      transient_lastDdlTime 1778427516
                    serde: org.apache.hadoop.hive.ql.io.orc.OrcSerde
                    name: team11_projectdb.tracks_part
                  name: team11_projectdb.tracks_part
              hdfs://hadoop-02.uni.innopolis.ru:8020/user/team11/project/hive/warehouse/tracks_part/year=1938 
                Partition
                  base file name: year=1938
                  input format: org.apache.hadoop.hive.ql.io.orc.OrcInputFormat
                  output format: org.apache.hadoop.hive.ql.io.orc.OrcOutputFormat
                  partition values:
                    year 1938
                  properties:
                    COLUMN_STATS_ACCURATE {"BASIC_STATS":"true","COLUMN_STATS":{"acousticness":"true","album":"true","album_id":"true","artist_ids":"true","artists":"true","danceability":"true","disc_number":"true","duration_ms":"true","energy":"true","explicit":"true","id":"true","instrumentalness":"true","key":"true","liveness":"true","loudness":"true","mode":"true","name":"true","release_date":"true","speechiness":"true","tempo":"true","time_signature":"true","track_number":"true","valence":"true"}}
                    bucket_count 11
                    bucket_field_name id
                    file.inputformat org.apache.hadoop.hive.ql.io.orc.OrcInputFormat
                    file.outputformat org.apache.hadoop.hive.ql.io.orc.OrcOutputFormat
                    location hdfs://hadoop-02.uni.innopolis.ru:8020/user/team11/project/hive/warehouse/tracks_part/year=1938
                    name team11_projectdb.tracks_part
                    numFiles 11
                    numRows 68
                    partition_columns year
                    partition_columns.types int
                    rawDataSize 58974
                    serialization.ddl struct tracks_part { string id, string name, string album, string album_id, string artists, string artist_ids, i32 track_number, i32 disc_number, bool explicit, double danceability, double energy, i32 key, double loudness, i32 mode, double speechiness, double acousticness, double instrumentalness, double liveness, double valence, double tempo, i32 duration_ms, double time_signature, string release_date}
                    serialization.format 1
                    serialization.lib org.apache.hadoop.hive.ql.io.orc.OrcSerde
                    totalSize 53587
                    transient_lastDdlTime 1778427549
                  serde: org.apache.hadoop.hive.ql.io.orc.OrcSerde
                
                    input format: org.apache.hadoop.hive.ql.io.orc.OrcInputFormat
                    output format: org.apache.hadoop.hive.ql.io.orc.OrcOutputFormat
                    properties:
                      EXTERNAL TRUE
                      bucket_count 11
                      bucket_field_name id
                      bucketing_version 2
                      column.name.delimiter ,
                      columns id,name,album,album_id,artists,artist_ids,track_number,disc_number,explicit,danceability,energy,key,loudness,mode,speechiness,acousticness,instrumentalness,liveness,valence,tempo,duration_ms,time_signature,release_date
                      columns.comments 
                      columns.types string:string:string:string:string:string:int:int:boolean:double:double:int:double:int:double:double:double:double:double:double:int:double:string
                      file.inputformat org.apache.hadoop.hive.ql.io.orc.OrcInputFormat
                      file.outputformat org.apache.hadoop.hive.ql.io.orc.OrcOutputFormat
                      location hdfs://hadoop-02.uni.innopolis.ru:8020/user/team11/project/hive/warehouse/tracks_part
                      name team11_projectdb.tracks_part
                      orc.compress SNAPPY
                      partition_columns year
                      partition_columns.types int
                      serialization.ddl struct tracks_part { string id, string name, string album, string album_id, string artists, string artist_ids, i32 track_number, i32 disc_number, bool explicit, double danceability, double energy, i32 key, double loudness, i32 mode, double speechiness, double acousticness, double instrumentalness, double liveness, double valence, double tempo, i32 duration_ms, double time_signature, string release_date}
                      serialization.format 1
                      serialization.lib org.apache.hadoop.hive.ql.io.orc.OrcSerde
                      transient_lastDdlTime 1778427516
                    serde: org.apache.hadoop.hive.ql.io.orc.OrcSerde
                    name: team11_projectdb.tracks_part
                  name: team11_projectdb.tracks_part
              hdfs://hadoop-02.uni.innopolis.ru:8020/user/team11/project/hive/warehouse/tracks_part/year=1939 
                Partition
                  base file name: year=1939
                  input format: org.apache.hadoop.hive.ql.io.orc.OrcInputFormat
                  output format: org.apache.hadoop.hive.ql.io.orc.OrcOutputFormat
                  partition values:
                    year 1939
                  properties:
                    COLUMN_STATS_ACCURATE {"BASIC_STATS":"true","COLUMN_STATS":{"acousticness":"true","album":"true","album_id":"true","artist_ids":"true","artists":"true","danceability":"true","disc_number":"true","duration_ms":"true","energy":"true","explicit":"true","id":"true","instrumentalness":"true","key":"true","liveness":"true","loudness":"true","mode":"true","name":"true","release_date":"true","speechiness":"true","tempo":"true","time_signature":"true","track_number":"true","valence":"true"}}
                    bucket_count 11
                    bucket_field_name id
                    file.inputformat org.apache.hadoop.hive.ql.io.orc.OrcInputFormat
                    file.outputformat org.apache.hadoop.hive.ql.io.orc.OrcOutputFormat
                    location hdfs://hadoop-02.uni.innopolis.ru:8020/user/team11/project/hive/warehouse/tracks_part/year=1939
                    name team11_projectdb.tracks_part
                    numFiles 11
                    numRows 26
                    partition_columns year
                    partition_columns.types int
                    rawDataSize 24557
                    serialization.ddl struct tracks_part { string id, string name, string album, string album_id, string artists, string artist_ids, i32 track_number, i32 disc_number, bool explicit, double danceability, double energy, i32 key, double loudness, i32 mode, double speechiness, double acousticness, double instrumentalness, double liveness, double valence, double tempo, i32 duration_ms, double time_signature, string release_date}
                    serialization.format 1
                    serialization.lib org.apache.hadoop.hive.ql.io.orc.OrcSerde
                    totalSize 46417
                    transient_lastDdlTime 1778427549
                  serde: org.apache.hadoop.hive.ql.io.orc.OrcSerde
                
                    input format: org.apache.hadoop.hive.ql.io.orc.OrcInputFormat
                    output format: org.apache.hadoop.hive.ql.io.orc.OrcOutputFormat
                    properties:
                      EXTERNAL TRUE
                      bucket_count 11
                      bucket_field_name id
                      bucketing_version 2
                      column.name.delimiter ,
                      columns id,name,album,album_id,artists,artist_ids,track_number,disc_number,explicit,danceability,energy,key,loudness,mode,speechiness,acousticness,instrumentalness,liveness,valence,tempo,duration_ms,time_signature,release_date
                      columns.comments 
                      columns.types string:string:string:string:string:string:int:int:boolean:double:double:int:double:int:double:double:double:double:double:double:int:double:string
                      file.inputformat org.apache.hadoop.hive.ql.io.orc.OrcInputFormat
                      file.outputformat org.apache.hadoop.hive.ql.io.orc.OrcOutputFormat
                      location hdfs://hadoop-02.uni.innopolis.ru:8020/user/team11/project/hive/warehouse/tracks_part
                      name team11_projectdb.tracks_part
                      orc.compress SNAPPY
                      partition_columns year
                      partition_columns.types int
                      serialization.ddl struct tracks_part { string id, string name, string album, string album_id, string artists, string artist_ids, i32 track_number, i32 disc_number, bool explicit, double danceability, double energy, i32 key, double loudness, i32 mode, double speechiness, double acousticness, double instrumentalness, double liveness, double valence, double tempo, i32 duration_ms, double time_signature, string release_date}
                      serialization.format 1
                      serialization.lib org.apache.hadoop.hive.ql.io.orc.OrcSerde
                      transient_lastDdlTime 1778427516
                    serde: org.apache.hadoop.hive.ql.io.orc.OrcSerde
                    name: team11_projectdb.tracks_part
                  name: team11_projectdb.tracks_part
              hdfs://hadoop-02.uni.innopolis.ru:8020/user/team11/project/hive/warehouse/tracks_part/year=1942 
                Partition
                  base file name: year=1942
                  input format: org.apache.hadoop.hive.ql.io.orc.OrcInputFormat
                  output format: org.apache.hadoop.hive.ql.io.orc.OrcOutputFormat
                  partition values:
                    year 1942
                  properties:
                    COLUMN_STATS_ACCURATE {"BASIC_STATS":"true","COLUMN_STATS":{"acousticness":"true","album":"true","album_id":"true","artist_ids":"true","artists":"true","danceability":"true","disc_number":"true","duration_ms":"true","energy":"true","explicit":"true","id":"true","instrumentalness":"true","key":"true","liveness":"true","loudness":"true","mode":"true","name":"true","release_date":"true","speechiness":"true","tempo":"true","time_signature":"true","track_number":"true","valence":"true"}}
                    bucket_count 11
                    bucket_field_name id
                    file.inputformat org.apache.hadoop.hive.ql.io.orc.OrcInputFormat
                    file.outputformat org.apache.hadoop.hive.ql.io.orc.OrcOutputFormat
                    location hdfs://hadoop-02.uni.innopolis.ru:8020/user/team11/project/hive/warehouse/tracks_part/year=1942
                    name team11_projectdb.tracks_part
                    numFiles 11
                    numRows 48
                    partition_columns year
                    partition_columns.types int
                    rawDataSize 44816
                    serialization.ddl struct tracks_part { string id, string name, string album, string album_id, string artists, string artist_ids, i32 track_number, i32 disc_number, bool explicit, double danceability, double energy, i32 key, double loudness, i32 mode, double speechiness, double acousticness, double instrumentalness, double liveness, double valence, double tempo, i32 duration_ms, double time_signature, string release_date}
                    serialization.format 1
                    serialization.lib org.apache.hadoop.hive.ql.io.orc.OrcSerde
                    totalSize 55721
                    transient_lastDdlTime 1778427549
                  serde: org.apache.hadoop.hive.ql.io.orc.OrcSerde
                
                    input format: org.apache.hadoop.hive.ql.io.orc.OrcInputFormat
                    output format: org.apache.hadoop.hive.ql.io.orc.OrcOutputFormat
                    properties:
                      EXTERNAL TRUE
                      bucket_count 11
                      bucket_field_name id
                      bucketing_version 2
                      column.name.delimiter ,
                      columns id,name,album,album_id,artists,artist_ids,track_number,disc_number,explicit,danceability,energy,key,loudness,mode,speechiness,acousticness,instrumentalness,liveness,valence,tempo,duration_ms,time_signature,release_date
                      columns.comments 
                      columns.types string:string:string:string:string:string:int:int:boolean:double:double:int:double:int:double:double:double:double:double:double:int:double:string
                      file.inputformat org.apache.hadoop.hive.ql.io.orc.OrcInputFormat
                      file.outputformat org.apache.hadoop.hive.ql.io.orc.OrcOutputFormat
                      location hdfs://hadoop-02.uni.innopolis.ru:8020/user/team11/project/hive/warehouse/tracks_part
                      name team11_projectdb.tracks_part
                      orc.compress SNAPPY
                      partition_columns year
                      partition_columns.types int
                      serialization.ddl struct tracks_part { string id, string name, string album, string album_id, string artists, string artist_ids, i32 track_number, i32 disc_number, bool explicit, double danceability, double energy, i32 key, double loudness, i32 mode, double speechiness, double acousticness, double instrumentalness, double liveness, double valence, double tempo, i32 duration_ms, double time_signature, string release_date}
                      serialization.format 1
                      serialization.lib org.apache.hadoop.hive.ql.io.orc.OrcSerde
                      transient_lastDdlTime 1778427516
                    serde: org.apache.hadoop.hive.ql.io.orc.OrcSerde
                    name: team11_projectdb.tracks_part
                  name: team11_projectdb.tracks_part
              hdfs://hadoop-02.uni.innopolis.ru:8020/user/team11/project/hive/warehouse/tracks_part/year=1943 
                Partition
                  base file name: year=1943
                  input format: org.apache.hadoop.hive.ql.io.orc.OrcInputFormat
                  output format: org.apache.hadoop.hive.ql.io.orc.OrcOutputFormat
                  partition values:
                    year 1943
                  properties:
                    COLUMN_STATS_ACCURATE {"BASIC_STATS":"true","COLUMN_STATS":{"acousticness":"true","album":"true","album_id":"true","artist_ids":"true","artists":"true","danceability":"true","disc_number":"true","duration_ms":"true","energy":"true","explicit":"true","id":"true","instrumentalness":"true","key":"true","liveness":"true","loudness":"true","mode":"true","name":"true","release_date":"true","speechiness":"true","tempo":"true","time_signature":"true","track_number":"true","valence":"true"}}
                    bucket_count 11
                    bucket_field_name id
                    file.inputformat org.apache.hadoop.hive.ql.io.orc.OrcInputFormat
                    file.outputformat org.apache.hadoop.hive.ql.io.orc.OrcOutputFormat
                    location hdfs://hadoop-02.uni.innopolis.ru:8020/user/team11/project/hive/warehouse/tracks_part/year=1943
                    name team11_projectdb.tracks_part
                    numFiles 11
                    numRows 40
                    partition_columns year
                    partition_columns.types int
                    rawDataSize 38443
                    serialization.ddl struct tracks_part { string id, string name, string album, string album_id, string artists, string artist_ids, i32 track_number, i32 disc_number, bool explicit, double danceability, double energy, i32 key, double loudness, i32 mode, double speechiness, double acousticness, double instrumentalness, double liveness, double valence, double tempo, i32 duration_ms, double time_signature, string release_date}
                    serialization.format 1
                    serialization.lib org.apache.hadoop.hive.ql.io.orc.OrcSerde
                    totalSize 52231
                    transient_lastDdlTime 1778427549
                  serde: org.apache.hadoop.hive.ql.io.orc.OrcSerde
                
                    input format: org.apache.hadoop.hive.ql.io.orc.OrcInputFormat
                    output format: org.apache.hadoop.hive.ql.io.orc.OrcOutputFormat
                    properties:
                      EXTERNAL TRUE
                      bucket_count 11
                      bucket_field_name id
                      bucketing_version 2
                      column.name.delimiter ,
                      columns id,name,album,album_id,artists,artist_ids,track_number,disc_number,explicit,danceability,energy,key,loudness,mode,speechiness,acousticness,instrumentalness,liveness,valence,tempo,duration_ms,time_signature,release_date
                      columns.comments 
                      columns.types string:string:string:string:string:string:int:int:boolean:double:double:int:double:int:double:double:double:double:double:double:int:double:string
                      file.inputformat org.apache.hadoop.hive.ql.io.orc.OrcInputFormat
                      file.outputformat org.apache.hadoop.hive.ql.io.orc.OrcOutputFormat
                      location hdfs://hadoop-02.uni.innopolis.ru:8020/user/team11/project/hive/warehouse/tracks_part
                      name team11_projectdb.tracks_part
                      orc.compress SNAPPY
                      partition_columns year
                      partition_columns.types int
                      serialization.ddl struct tracks_part { string id, string name, string album, string album_id, string artists, string artist_ids, i32 track_number, i32 disc_number, bool explicit, double danceability, double energy, i32 key, double loudness, i32 mode, double speechiness, double acousticness, double instrumentalness, double liveness, double valence, double tempo, i32 duration_ms, double time_signature, string release_date}
                      serialization.format 1
                      serialization.lib org.apache.hadoop.hive.ql.io.orc.OrcSerde
                      transient_lastDdlTime 1778427516
                    serde: org.apache.hadoop.hive.ql.io.orc.OrcSerde
                    name: team11_projectdb.tracks_part
                  name: team11_projectdb.tracks_part
              hdfs://hadoop-02.uni.innopolis.ru:8020/user/team11/project/hive/warehouse/tracks_part/year=1944 
                Partition
                  base file name: year=1944
                  input format: org.apache.hadoop.hive.ql.io.orc.OrcInputFormat
                  output format: org.apache.hadoop.hive.ql.io.orc.OrcOutputFormat
                  partition values:
                    year 1944
                  properties:
                    COLUMN_STATS_ACCURATE {"BASIC_STATS":"true","COLUMN_STATS":{"acousticness":"true","album":"true","album_id":"true","artist_ids":"true","artists":"true","danceability":"true","disc_number":"true","duration_ms":"true","energy":"true","explicit":"true","id":"true","instrumentalness":"true","key":"true","liveness":"true","loudness":"true","mode":"true","name":"true","release_date":"true","speechiness":"true","tempo":"true","time_signature":"true","track_number":"true","valence":"true"}}
                    bucket_count 11
                    bucket_field_name id
                    file.inputformat org.apache.hadoop.hive.ql.io.orc.OrcInputFormat
                    file.outputformat org.apache.hadoop.hive.ql.io.orc.OrcOutputFormat
                    location hdfs://hadoop-02.uni.innopolis.ru:8020/user/team11/project/hive/warehouse/tracks_part/year=1944
                    name team11_projectdb.tracks_part
                    numFiles 10
                    numRows 45
                    partition_columns year
                    partition_columns.types int
                    rawDataSize 38614
                    serialization.ddl struct tracks_part { string id, string name, string album, string album_id, string artists, string artist_ids, i32 track_number, i32 disc_number, bool explicit, double danceability, double energy, i32 key, double loudness, i32 mode, double speechiness, double acousticness, double instrumentalness, double liveness, double valence, double tempo, i32 duration_ms, double time_signature, string release_date}
                    serialization.format 1
                    serialization.lib org.apache.hadoop.hive.ql.io.orc.OrcSerde
                    totalSize 44422
                    transient_lastDdlTime 1778427549
                  serde: org.apache.hadoop.hive.ql.io.orc.OrcSerde
                
                    input format: org.apache.hadoop.hive.ql.io.orc.OrcInputFormat
                    output format: org.apache.hadoop.hive.ql.io.orc.OrcOutputFormat
                    properties:
                      EXTERNAL TRUE
                      bucket_count 11
                      bucket_field_name id
                      bucketing_version 2
                      column.name.delimiter ,
                      columns id,name,album,album_id,artists,artist_ids,track_number,disc_number,explicit,danceability,energy,key,loudness,mode,speechiness,acousticness,instrumentalness,liveness,valence,tempo,duration_ms,time_signature,release_date
                      columns.comments 
                      columns.types string:string:string:string:string:string:int:int:boolean:double:double:int:double:int:double:double:double:double:double:double:int:double:string
                      file.inputformat org.apache.hadoop.hive.ql.io.orc.OrcInputFormat
                      file.outputformat org.apache.hadoop.hive.ql.io.orc.OrcOutputFormat
                      location hdfs://hadoop-02.uni.innopolis.ru:8020/user/team11/project/hive/warehouse/tracks_part
                      name team11_projectdb.tracks_part
                      orc.compress SNAPPY
                      partition_columns year
                      partition_columns.types int
                      serialization.ddl struct tracks_part { string id, string name, string album, string album_id, string artists, string artist_ids, i32 track_number, i32 disc_number, bool explicit, double danceability, double energy, i32 key, double loudness, i32 mode, double speechiness, double acousticness, double instrumentalness, double liveness, double valence, double tempo, i32 duration_ms, double time_signature, string release_date}
                      serialization.format 1
                      serialization.lib org.apache.hadoop.hive.ql.io.orc.OrcSerde
                      transient_lastDdlTime 1778427516
                    serde: org.apache.hadoop.hive.ql.io.orc.OrcSerde
                    name: team11_projectdb.tracks_part
                  name: team11_projectdb.tracks_part
              hdfs://hadoop-02.uni.innopolis.ru:8020/user/team11/project/hive/warehouse/tracks_part/year=1945 
                Partition
                  base file name: year=1945
                  input format: org.apache.hadoop.hive.ql.io.orc.OrcInputFormat
                  output format: org.apache.hadoop.hive.ql.io.orc.OrcOutputFormat
                  partition values:
                    year 1945
                  properties:
                    COLUMN_STATS_ACCURATE {"BASIC_STATS":"true","COLUMN_STATS":{"acousticness":"true","album":"true","album_id":"true","artist_ids":"true","artists":"true","danceability":"true","disc_number":"true","duration_ms":"true","energy":"true","explicit":"true","id":"true","instrumentalness":"true","key":"true","liveness":"true","loudness":"true","mode":"true","name":"true","release_date":"true","speechiness":"true","tempo":"true","time_signature":"true","track_number":"true","valence":"true"}}
                    bucket_count 11
                    bucket_field_name id
                    file.inputformat org.apache.hadoop.hive.ql.io.orc.OrcInputFormat
                    file.outputformat org.apache.hadoop.hive.ql.io.orc.OrcOutputFormat
                    location hdfs://hadoop-02.uni.innopolis.ru:8020/user/team11/project/hive/warehouse/tracks_part/year=1945
                    name team11_projectdb.tracks_part
                    numFiles 11
                    numRows 154
                    partition_columns year
                    partition_columns.types int
                    rawDataSize 139741
                    serialization.ddl struct tracks_part { string id, string name, string album, string album_id, string artists, string artist_ids, i32 track_number, i32 disc_number, bool explicit, double danceability, double energy, i32 key, double loudness, i32 mode, double speechiness, double acousticness, double instrumentalness, double liveness, double valence, double tempo, i32 duration_ms, double time_signature, string release_date}
                    serialization.format 1
                    serialization.lib org.apache.hadoop.hive.ql.io.orc.OrcSerde
                    totalSize 77889
                    transient_lastDdlTime 1778427549
                  serde: org.apache.hadoop.hive.ql.io.orc.OrcSerde
                
                    input format: org.apache.hadoop.hive.ql.io.orc.OrcInputFormat
                    output format: org.apache.hadoop.hive.ql.io.orc.OrcOutputFormat
                    properties:
                      EXTERNAL TRUE
                      bucket_count 11
                      bucket_field_name id
                      bucketing_version 2
                      column.name.delimiter ,
                      columns id,name,album,album_id,artists,artist_ids,track_number,disc_number,explicit,danceability,energy,key,loudness,mode,speechiness,acousticness,instrumentalness,liveness,valence,tempo,duration_ms,time_signature,release_date
                      columns.comments 
                      columns.types string:string:string:string:string:string:int:int:boolean:double:double:int:double:int:double:double:double:double:double:double:int:double:string
                      file.inputformat org.apache.hadoop.hive.ql.io.orc.OrcInputFormat
                      file.outputformat org.apache.hadoop.hive.ql.io.orc.OrcOutputFormat
                      location hdfs://hadoop-02.uni.innopolis.ru:8020/user/team11/project/hive/warehouse/tracks_part
                      name team11_projectdb.tracks_part
                      orc.compress SNAPPY
                      partition_columns year
                      partition_columns.types int
                      serialization.ddl struct tracks_part { string id, string name, string album, string album_id, string artists, string artist_ids, i32 track_number, i32 disc_number, bool explicit, double danceability, double energy, i32 key, double loudness, i32 mode, double speechiness, double acousticness, double instrumentalness, double liveness, double valence, double tempo, i32 duration_ms, double time_signature, string release_date}
                      serialization.format 1
                      serialization.lib org.apache.hadoop.hive.ql.io.orc.OrcSerde
                      transient_lastDdlTime 1778427516
                    serde: org.apache.hadoop.hive.ql.io.orc.OrcSerde
                    name: team11_projectdb.tracks_part
                  name: team11_projectdb.tracks_part
              hdfs://hadoop-02.uni.innopolis.ru:8020/user/team11/project/hive/warehouse/tracks_part/year=1946 
                Partition
                  base file name: year=1946
                  input format: org.apache.hadoop.hive.ql.io.orc.OrcInputFormat
                  output format: org.apache.hadoop.hive.ql.io.orc.OrcOutputFormat
                  partition values:
                    year 1946
                  properties:
                    COLUMN_STATS_ACCURATE {"BASIC_STATS":"true","COLUMN_STATS":{"acousticness":"true","album":"true","album_id":"true","artist_ids":"true","artists":"true","danceability":"true","disc_number":"true","duration_ms":"true","energy":"true","explicit":"true","id":"true","instrumentalness":"true","key":"true","liveness":"true","loudness":"true","mode":"true","name":"true","release_date":"true","speechiness":"true","tempo":"true","time_signature":"true","track_number":"true","valence":"true"}}
                    bucket_count 11
                    bucket_field_name id
                    file.inputformat org.apache.hadoop.hive.ql.io.orc.OrcInputFormat
                    file.outputformat org.apache.hadoop.hive.ql.io.orc.OrcOutputFormat
                    location hdfs://hadoop-02.uni.innopolis.ru:8020/user/team11/project/hive/warehouse/tracks_part/year=1946
                    name team11_projectdb.tracks_part
                    numFiles 10
                    numRows 29
                    partition_columns year
                    partition_columns.types int
                    rawDataSize 24548
                    serialization.ddl struct tracks_part { string id, string name, string album, string album_id, string artists, string artist_ids, i32 track_number, i32 disc_number, bool explicit, double danceability, double energy, i32 key, double loudness, i32 mode, double speechiness, double acousticness, double instrumentalness, double liveness, double valence, double tempo, i32 duration_ms, double time_signature, string release_date}
                    serialization.format 1
                    serialization.lib org.apache.hadoop.hive.ql.io.orc.OrcSerde
                    totalSize 38945
                    transient_lastDdlTime 1778427549
                  serde: org.apache.hadoop.hive.ql.io.orc.OrcSerde
                
                    input format: org.apache.hadoop.hive.ql.io.orc.OrcInputFormat
                    output format: org.apache.hadoop.hive.ql.io.orc.OrcOutputFormat
                    properties:
                      EXTERNAL TRUE
                      bucket_count 11
                      bucket_field_name id
                      bucketing_version 2
                      column.name.delimiter ,
                      columns id,name,album,album_id,artists,artist_ids,track_number,disc_number,explicit,danceability,energy,key,loudness,mode,speechiness,acousticness,instrumentalness,liveness,valence,tempo,duration_ms,time_signature,release_date
                      columns.comments 
                      columns.types string:string:string:string:string:string:int:int:boolean:double:double:int:double:int:double:double:double:double:double:double:int:double:string
                      file.inputformat org.apache.hadoop.hive.ql.io.orc.OrcInputFormat
                      file.outputformat org.apache.hadoop.hive.ql.io.orc.OrcOutputFormat
                      location hdfs://hadoop-02.uni.innopolis.ru:8020/user/team11/project/hive/warehouse/tracks_part
                      name team11_projectdb.tracks_part
                      orc.compress SNAPPY
                      partition_columns year
                      partition_columns.types int
                      serialization.ddl struct tracks_part { string id, string name, string album, string album_id, string artists, string artist_ids, i32 track_number, i32 disc_number, bool explicit, double danceability, double energy, i32 key, double loudness, i32 mode, double speechiness, double acousticness, double instrumentalness, double liveness, double valence, double tempo, i32 duration_ms, double time_signature, string release_date}
                      serialization.format 1
                      serialization.lib org.apache.hadoop.hive.ql.io.orc.OrcSerde
                      transient_lastDdlTime 1778427516
                    serde: org.apache.hadoop.hive.ql.io.orc.OrcSerde
                    name: team11_projectdb.tracks_part
                  name: team11_projectdb.tracks_part
              hdfs://hadoop-02.uni.innopolis.ru:8020/user/team11/project/hive/warehouse/tracks_part/year=1947 
                Partition
                  base file name: year=1947
                  input format: org.apache.hadoop.hive.ql.io.orc.OrcInputFormat
                  output format: org.apache.hadoop.hive.ql.io.orc.OrcOutputFormat
                  partition values:
                    year 1947
                  properties:
                    COLUMN_STATS_ACCURATE {"BASIC_STATS":"true","COLUMN_STATS":{"acousticness":"true","album":"true","album_id":"true","artist_ids":"true","artists":"true","danceability":"true","disc_number":"true","duration_ms":"true","energy":"true","explicit":"true","id":"true","instrumentalness":"true","key":"true","liveness":"true","loudness":"true","mode":"true","name":"true","release_date":"true","speechiness":"true","tempo":"true","time_signature":"true","track_number":"true","valence":"true"}}
                    bucket_count 11
                    bucket_field_name id
                    file.inputformat org.apache.hadoop.hive.ql.io.orc.OrcInputFormat
                    file.outputformat org.apache.hadoop.hive.ql.io.orc.OrcOutputFormat
                    location hdfs://hadoop-02.uni.innopolis.ru:8020/user/team11/project/hive/warehouse/tracks_part/year=1947
                    name team11_projectdb.tracks_part
                    numFiles 11
                    numRows 84
                    partition_columns year
                    partition_columns.types int
                    rawDataSize 82145
                    serialization.ddl struct tracks_part { string id, string name, string album, string album_id, string artists, string artist_ids, i32 track_number, i32 disc_number, bool explicit, double danceability, double energy, i32 key, double loudness, i32 mode, double speechiness, double acousticness, double instrumentalness, double liveness, double valence, double tempo, i32 duration_ms, double time_signature, string release_date}
                    serialization.format 1
                    serialization.lib org.apache.hadoop.hive.ql.io.orc.OrcSerde
                    totalSize 66412
                    transient_lastDdlTime 1778427549
                  serde: org.apache.hadoop.hive.ql.io.orc.OrcSerde
                
                    input format: org.apache.hadoop.hive.ql.io.orc.OrcInputFormat
                    output format: org.apache.hadoop.hive.ql.io.orc.OrcOutputFormat
                    properties:
                      EXTERNAL TRUE
                      bucket_count 11
                      bucket_field_name id
                      bucketing_version 2
                      column.name.delimiter ,
                      columns id,name,album,album_id,artists,artist_ids,track_number,disc_number,explicit,danceability,energy,key,loudness,mode,speechiness,acousticness,instrumentalness,liveness,valence,tempo,duration_ms,time_signature,release_date
                      columns.comments 
                      columns.types string:string:string:string:string:string:int:int:boolean:double:double:int:double:int:double:double:double:double:double:double:int:double:string
                      file.inputformat org.apache.hadoop.hive.ql.io.orc.OrcInputFormat
                      file.outputformat org.apache.hadoop.hive.ql.io.orc.OrcOutputFormat
                      location hdfs://hadoop-02.uni.innopolis.ru:8020/user/team11/project/hive/warehouse/tracks_part
                      name team11_projectdb.tracks_part
                      orc.compress SNAPPY
                      partition_columns year
                      partition_columns.types int
                      serialization.ddl struct tracks_part { string id, string name, string album, string album_id, string artists, string artist_ids, i32 track_number, i32 disc_number, bool explicit, double danceability, double energy, i32 key, double loudness, i32 mode, double speechiness, double acousticness, double instrumentalness, double liveness, double valence, double tempo, i32 duration_ms, double time_signature, string release_date}
                      serialization.format 1
                      serialization.lib org.apache.hadoop.hive.ql.io.orc.OrcSerde
                      transient_lastDdlTime 1778427516
                    serde: org.apache.hadoop.hive.ql.io.orc.OrcSerde
                    name: team11_projectdb.tracks_part
                  name: team11_projectdb.tracks_part
              hdfs://hadoop-02.uni.innopolis.ru:8020/user/team11/project/hive/warehouse/tracks_part/year=1948 
                Partition
                  base file name: year=1948
                  input format: org.apache.hadoop.hive.ql.io.orc.OrcInputFormat
                  output format: org.apache.hadoop.hive.ql.io.orc.OrcOutputFormat
                  partition values:
                    year 1948
                  properties:
                    COLUMN_STATS_ACCURATE {"BASIC_STATS":"true","COLUMN_STATS":{"acousticness":"true","album":"true","album_id":"true","artist_ids":"true","artists":"true","danceability":"true","disc_number":"true","duration_ms":"true","energy":"true","explicit":"true","id":"true","instrumentalness":"true","key":"true","liveness":"true","loudness":"true","mode":"true","name":"true","release_date":"true","speechiness":"true","tempo":"true","time_signature":"true","track_number":"true","valence":"true"}}
                    bucket_count 11
                    bucket_field_name id
                    file.inputformat org.apache.hadoop.hive.ql.io.orc.OrcInputFormat
                    file.outputformat org.apache.hadoop.hive.ql.io.orc.OrcOutputFormat
                    location hdfs://hadoop-02.uni.innopolis.ru:8020/user/team11/project/hive/warehouse/tracks_part/year=1948
                    name team11_projectdb.tracks_part
                    numFiles 11
                    numRows 50
                    partition_columns year
                    partition_columns.types int
                    rawDataSize 44328
                    serialization.ddl struct tracks_part { string id, string name, string album, string album_id, string artists, string artist_ids, i32 track_number, i32 disc_number, bool explicit, double danceability, double energy, i32 key, double loudness, i32 mode, double speechiness, double acousticness, double instrumentalness, double liveness, double valence, double tempo, i32 duration_ms, double time_signature, string release_date}
                    serialization.format 1
                    serialization.lib org.apache.hadoop.hive.ql.io.orc.OrcSerde
                    totalSize 54536
                    transient_lastDdlTime 1778427549
                  serde: org.apache.hadoop.hive.ql.io.orc.OrcSerde
                
                    input format: org.apache.hadoop.hive.ql.io.orc.OrcInputFormat
                    output format: org.apache.hadoop.hive.ql.io.orc.OrcOutputFormat
                    properties:
                      EXTERNAL TRUE
                      bucket_count 11
                      bucket_field_name id
                      bucketing_version 2
                      column.name.delimiter ,
                      columns id,name,album,album_id,artists,artist_ids,track_number,disc_number,explicit,danceability,energy,key,loudness,mode,speechiness,acousticness,instrumentalness,liveness,valence,tempo,duration_ms,time_signature,release_date
                      columns.comments 
                      columns.types string:string:string:string:string:string:int:int:boolean:double:double:int:double:int:double:double:double:double:double:double:int:double:string
                      file.inputformat org.apache.hadoop.hive.ql.io.orc.OrcInputFormat
                      file.outputformat org.apache.hadoop.hive.ql.io.orc.OrcOutputFormat
                      location hdfs://hadoop-02.uni.innopolis.ru:8020/user/team11/project/hive/warehouse/tracks_part
                      name team11_projectdb.tracks_part
                      orc.compress SNAPPY
                      partition_columns year
                      partition_columns.types int
                      serialization.ddl struct tracks_part { string id, string name, string album, string album_id, string artists, string artist_ids, i32 track_number, i32 disc_number, bool explicit, double danceability, double energy, i32 key, double loudness, i32 mode, double speechiness, double acousticness, double instrumentalness, double liveness, double valence, double tempo, i32 duration_ms, double time_signature, string release_date}
                      serialization.format 1
                      serialization.lib org.apache.hadoop.hive.ql.io.orc.OrcSerde
                      transient_lastDdlTime 1778427516
                    serde: org.apache.hadoop.hive.ql.io.orc.OrcSerde
                    name: team11_projectdb.tracks_part
                  name: team11_projectdb.tracks_part
              hdfs://hadoop-02.uni.innopolis.ru:8020/user/team11/project/hive/warehouse/tracks_part/year=1949 
                Partition
                  base file name: year=1949
                  input format: org.apache.hadoop.hive.ql.io.orc.OrcInputFormat
                  output format: org.apache.hadoop.hive.ql.io.orc.OrcOutputFormat
                  partition values:
                    year 1949
                  properties:
                    COLUMN_STATS_ACCURATE {"BASIC_STATS":"true","COLUMN_STATS":{"acousticness":"true","album":"true","album_id":"true","artist_ids":"true","artists":"true","danceability":"true","disc_number":"true","duration_ms":"true","energy":"true","explicit":"true","id":"true","instrumentalness":"true","key":"true","liveness":"true","loudness":"true","mode":"true","name":"true","release_date":"true","speechiness":"true","tempo":"true","time_signature":"true","track_number":"true","valence":"true"}}
                    bucket_count 11
                    bucket_field_name id
                    file.inputformat org.apache.hadoop.hive.ql.io.orc.OrcInputFormat
                    file.outputformat org.apache.hadoop.hive.ql.io.orc.OrcOutputFormat
                    location hdfs://hadoop-02.uni.innopolis.ru:8020/user/team11/project/hive/warehouse/tracks_part/year=1949
                    name team11_projectdb.tracks_part
                    numFiles 11
                    numRows 203
                    partition_columns year
                    partition_columns.types int
                    rawDataSize 190656
                    serialization.ddl struct tracks_part { string id, string name, string album, string album_id, string artists, string artist_ids, i32 track_number, i32 disc_number, bool explicit, double danceability, double energy, i32 key, double loudness, i32 mode, double speechiness, double acousticness, double instrumentalness, double liveness, double valence, double tempo, i32 duration_ms, double time_signature, string release_date}
                    serialization.format 1
                    serialization.lib org.apache.hadoop.hive.ql.io.orc.OrcSerde
                    totalSize 92979
                    transient_lastDdlTime 1778427549
                  serde: org.apache.hadoop.hive.ql.io.orc.OrcSerde
                
                    input format: org.apache.hadoop.hive.ql.io.orc.OrcInputFormat
                    output format: org.apache.hadoop.hive.ql.io.orc.OrcOutputFormat
                    properties:
                      EXTERNAL TRUE
                      bucket_count 11
                      bucket_field_name id
                      bucketing_version 2
                      column.name.delimiter ,
                      columns id,name,album,album_id,artists,artist_ids,track_number,disc_number,explicit,danceability,energy,key,loudness,mode,speechiness,acousticness,instrumentalness,liveness,valence,tempo,duration_ms,time_signature,release_date
                      columns.comments 
                      columns.types string:string:string:string:string:string:int:int:boolean:double:double:int:double:int:double:double:double:double:double:double:int:double:string
                      file.inputformat org.apache.hadoop.hive.ql.io.orc.OrcInputFormat
                      file.outputformat org.apache.hadoop.hive.ql.io.orc.OrcOutputFormat
                      location hdfs://hadoop-02.uni.innopolis.ru:8020/user/team11/project/hive/warehouse/tracks_part
                      name team11_projectdb.tracks_part
                      orc.compress SNAPPY
                      partition_columns year
                      partition_columns.types int
                      serialization.ddl struct tracks_part { string id, string name, string album, string album_id, string artists, string artist_ids, i32 track_number, i32 disc_number, bool explicit, double danceability, double energy, i32 key, double loudness, i32 mode, double speechiness, double acousticness, double instrumentalness, double liveness, double valence, double tempo, i32 duration_ms, double time_signature, string release_date}
                      serialization.format 1
                      serialization.lib org.apache.hadoop.hive.ql.io.orc.OrcSerde
                      transient_lastDdlTime 1778427516
                    serde: org.apache.hadoop.hive.ql.io.orc.OrcSerde
                    name: team11_projectdb.tracks_part
                  name: team11_projectdb.tracks_part
              hdfs://hadoop-02.uni.innopolis.ru:8020/user/team11/project/hive/warehouse/tracks_part/year=1950 
                Partition
                  base file name: year=1950
                  input format: org.apache.hadoop.hive.ql.io.orc.OrcInputFormat
                  output format: org.apache.hadoop.hive.ql.io.orc.OrcOutputFormat
                  partition values:
                    year 1950
                  properties:
                    COLUMN_STATS_ACCURATE {"BASIC_STATS":"true","COLUMN_STATS":{"acousticness":"true","album":"true","album_id":"true","artist_ids":"true","artists":"true","danceability":"true","disc_number":"true","duration_ms":"true","energy":"true","explicit":"true","id":"true","instrumentalness":"true","key":"true","liveness":"true","loudness":"true","mode":"true","name":"true","release_date":"true","speechiness":"true","tempo":"true","time_signature":"true","track_number":"true","valence":"true"}}
                    bucket_count 11
                    bucket_field_name id
                    file.inputformat org.apache.hadoop.hive.ql.io.orc.OrcInputFormat
                    file.outputformat org.apache.hadoop.hive.ql.io.orc.OrcOutputFormat
                    location hdfs://hadoop-02.uni.innopolis.ru:8020/user/team11/project/hive/warehouse/tracks_part/year=1950
                    name team11_projectdb.tracks_part
                    numFiles 11
                    numRows 161
                    partition_columns year
                    partition_columns.types int
                    rawDataSize 152819
                    serialization.ddl struct tracks_part { string id, string name, string album, string album_id, string artists, string artist_ids, i32 track_number, i32 disc_number, bool explicit, double danceability, double energy, i32 key, double loudness, i32 mode, double speechiness, double acousticness, double instrumentalness, double liveness, double valence, double tempo, i32 duration_ms, double time_signature, string release_date}
                    serialization.format 1
                    serialization.lib org.apache.hadoop.hive.ql.io.orc.OrcSerde
                    totalSize 79715
                    transient_lastDdlTime 1778427549
                  serde: org.apache.hadoop.hive.ql.io.orc.OrcSerde
                
                    input format: org.apache.hadoop.hive.ql.io.orc.OrcInputFormat
                    output format: org.apache.hadoop.hive.ql.io.orc.OrcOutputFormat
                    properties:
                      EXTERNAL TRUE
                      bucket_count 11
                      bucket_field_name id
                      bucketing_version 2
                      column.name.delimiter ,
                      columns id,name,album,album_id,artists,artist_ids,track_number,disc_number,explicit,danceability,energy,key,loudness,mode,speechiness,acousticness,instrumentalness,liveness,valence,tempo,duration_ms,time_signature,release_date
                      columns.comments 
                      columns.types string:string:string:string:string:string:int:int:boolean:double:double:int:double:int:double:double:double:double:double:double:int:double:string
                      file.inputformat org.apache.hadoop.hive.ql.io.orc.OrcInputFormat
                      file.outputformat org.apache.hadoop.hive.ql.io.orc.OrcOutputFormat
                      location hdfs://hadoop-02.uni.innopolis.ru:8020/user/team11/project/hive/warehouse/tracks_part
                      name team11_projectdb.tracks_part
                      orc.compress SNAPPY
                      partition_columns year
                      partition_columns.types int
                      serialization.ddl struct tracks_part { string id, string name, string album, string album_id, string artists, string artist_ids, i32 track_number, i32 disc_number, bool explicit, double danceability, double energy, i32 key, double loudness, i32 mode, double speechiness, double acousticness, double instrumentalness, double liveness, double valence, double tempo, i32 duration_ms, double time_signature, string release_date}
                      serialization.format 1
                      serialization.lib org.apache.hadoop.hive.ql.io.orc.OrcSerde
                      transient_lastDdlTime 1778427516
                    serde: org.apache.hadoop.hive.ql.io.orc.OrcSerde
                    name: team11_projectdb.tracks_part
                  name: team11_projectdb.tracks_part
              hdfs://hadoop-02.uni.innopolis.ru:8020/user/team11/project/hive/warehouse/tracks_part/year=1951 
                Partition
                  base file name: year=1951
                  input format: org.apache.hadoop.hive.ql.io.orc.OrcInputFormat
                  output format: org.apache.hadoop.hive.ql.io.orc.OrcOutputFormat
                  partition values:
                    year 1951
                  properties:
                    COLUMN_STATS_ACCURATE {"BASIC_STATS":"true","COLUMN_STATS":{"acousticness":"true","album":"true","album_id":"true","artist_ids":"true","artists":"true","danceability":"true","disc_number":"true","duration_ms":"true","energy":"true","explicit":"true","id":"true","instrumentalness":"true","key":"true","liveness":"true","loudness":"true","mode":"true","name":"true","release_date":"true","speechiness":"true","tempo":"true","time_signature":"true","track_number":"true","valence":"true"}}
                    bucket_count 11
                    bucket_field_name id
                    file.inputformat org.apache.hadoop.hive.ql.io.orc.OrcInputFormat
                    file.outputformat org.apache.hadoop.hive.ql.io.orc.OrcOutputFormat
                    location hdfs://hadoop-02.uni.innopolis.ru:8020/user/team11/project/hive/warehouse/tracks_part/year=1951
                    name team11_projectdb.tracks_part
                    numFiles 11
                    numRows 175
                    partition_columns year
                    partition_columns.types int
                    rawDataSize 156656
                    serialization.ddl struct tracks_part { string id, string name, string album, string album_id, string artists, string artist_ids, i32 track_number, i32 disc_number, bool explicit, double danceability, double energy, i32 key, double loudness, i32 mode, double speechiness, double acousticness, double instrumentalness, double liveness, double valence, double tempo, i32 duration_ms, double time_signature, string release_date}
                    serialization.format 1
                    serialization.lib org.apache.hadoop.hive.ql.io.orc.OrcSerde
                    totalSize 80346
                    transient_lastDdlTime 1778427549
                  serde: org.apache.hadoop.hive.ql.io.orc.OrcSerde
                
                    input format: org.apache.hadoop.hive.ql.io.orc.OrcInputFormat
                    output format: org.apache.hadoop.hive.ql.io.orc.OrcOutputFormat
                    properties:
                      EXTERNAL TRUE
                      bucket_count 11
                      bucket_field_name id
                      bucketing_version 2
                      column.name.delimiter ,
                      columns id,name,album,album_id,artists,artist_ids,track_number,disc_number,explicit,danceability,energy,key,loudness,mode,speechiness,acousticness,instrumentalness,liveness,valence,tempo,duration_ms,time_signature,release_date
                      columns.comments 
                      columns.types string:string:string:string:string:string:int:int:boolean:double:double:int:double:int:double:double:double:double:double:double:int:double:string
                      file.inputformat org.apache.hadoop.hive.ql.io.orc.OrcInputFormat
                      file.outputformat org.apache.hadoop.hive.ql.io.orc.OrcOutputFormat
                      location hdfs://hadoop-02.uni.innopolis.ru:8020/user/team11/project/hive/warehouse/tracks_part
                      name team11_projectdb.tracks_part
                      orc.compress SNAPPY
                      partition_columns year
                      partition_columns.types int
                      serialization.ddl struct tracks_part { string id, string name, string album, string album_id, string artists, string artist_ids, i32 track_number, i32 disc_number, bool explicit, double danceability, double energy, i32 key, double loudness, i32 mode, double speechiness, double acousticness, double instrumentalness, double liveness, double valence, double tempo, i32 duration_ms, double time_signature, string release_date}
                      serialization.format 1
                      serialization.lib org.apache.hadoop.hive.ql.io.orc.OrcSerde
                      transient_lastDdlTime 1778427516
                    serde: org.apache.hadoop.hive.ql.io.orc.OrcSerde
                    name: team11_projectdb.tracks_part
                  name: team11_projectdb.tracks_part
              hdfs://hadoop-02.uni.innopolis.ru:8020/user/team11/project/hive/warehouse/tracks_part/year=1952 
                Partition
                  base file name: year=1952
                  input format: org.apache.hadoop.hive.ql.io.orc.OrcInputFormat
                  output format: org.apache.hadoop.hive.ql.io.orc.OrcOutputFormat
                  partition values:
                    year 1952
                  properties:
                    COLUMN_STATS_ACCURATE {"BASIC_STATS":"true","COLUMN_STATS":{"acousticness":"true","album":"true","album_id":"true","artist_ids":"true","artists":"true","danceability":"true","disc_number":"true","duration_ms":"true","energy":"true","explicit":"true","id":"true","instrumentalness":"true","key":"true","liveness":"true","loudness":"true","mode":"true","name":"true","release_date":"true","speechiness":"true","tempo":"true","time_signature":"true","track_number":"true","valence":"true"}}
                    bucket_count 11
                    bucket_field_name id
                    file.inputformat org.apache.hadoop.hive.ql.io.orc.OrcInputFormat
                    file.outputformat org.apache.hadoop.hive.ql.io.orc.OrcOutputFormat
                    location hdfs://hadoop-02.uni.innopolis.ru:8020/user/team11/project/hive/warehouse/tracks_part/year=1952
                    name team11_projectdb.tracks_part
                    numFiles 11
                    numRows 100
                    partition_columns year
                    partition_columns.types int
                    rawDataSize 89298
                    serialization.ddl struct tracks_part { string id, string name, string album, string album_id, string artists, string artist_ids, i32 track_number, i32 disc_number, bool explicit, double danceability, double energy, i32 key, double loudness, i32 mode, double speechiness, double acousticness, double instrumentalness, double liveness, double valence, double tempo, i32 duration_ms, double time_signature, string release_date}
                    serialization.format 1
                    serialization.lib org.apache.hadoop.hive.ql.io.orc.OrcSerde
                    totalSize 65390
                    transient_lastDdlTime 1778427549
                  serde: org.apache.hadoop.hive.ql.io.orc.OrcSerde
                
                    input format: org.apache.hadoop.hive.ql.io.orc.OrcInputFormat
                    output format: org.apache.hadoop.hive.ql.io.orc.OrcOutputFormat
                    properties:
                      EXTERNAL TRUE
                      bucket_count 11
                      bucket_field_name id
                      bucketing_version 2
                      column.name.delimiter ,
                      columns id,name,album,album_id,artists,artist_ids,track_number,disc_number,explicit,danceability,energy,key,loudness,mode,speechiness,acousticness,instrumentalness,liveness,valence,tempo,duration_ms,time_signature,release_date
                      columns.comments 
                      columns.types string:string:string:string:string:string:int:int:boolean:double:double:int:double:int:double:double:double:double:double:double:int:double:string
                      file.inputformat org.apache.hadoop.hive.ql.io.orc.OrcInputFormat
                      file.outputformat org.apache.hadoop.hive.ql.io.orc.OrcOutputFormat
                      location hdfs://hadoop-02.uni.innopolis.ru:8020/user/team11/project/hive/warehouse/tracks_part
                      name team11_projectdb.tracks_part
                      orc.compress SNAPPY
                      partition_columns year
                      partition_columns.types int
                      serialization.ddl struct tracks_part { string id, string name, string album, string album_id, string artists, string artist_ids, i32 track_number, i32 disc_number, bool explicit, double danceability, double energy, i32 key, double loudness, i32 mode, double speechiness, double acousticness, double instrumentalness, double liveness, double valence, double tempo, i32 duration_ms, double time_signature, string release_date}
                      serialization.format 1
                      serialization.lib org.apache.hadoop.hive.ql.io.orc.OrcSerde
                      transient_lastDdlTime 1778427516
                    serde: org.apache.hadoop.hive.ql.io.orc.OrcSerde
                    name: team11_projectdb.tracks_part
                  name: team11_projectdb.tracks_part
              hdfs://hadoop-02.uni.innopolis.ru:8020/user/team11/project/hive/warehouse/tracks_part/year=1953 
                Partition
                  base file name: year=1953
                  input format: org.apache.hadoop.hive.ql.io.orc.OrcInputFormat
                  output format: org.apache.hadoop.hive.ql.io.orc.OrcOutputFormat
                  partition values:
                    year 1953
                  properties:
                    COLUMN_STATS_ACCURATE {"BASIC_STATS":"true","COLUMN_STATS":{"acousticness":"true","album":"true","album_id":"true","artist_ids":"true","artists":"true","danceability":"true","disc_number":"true","duration_ms":"true","energy":"true","explicit":"true","id":"true","instrumentalness":"true","key":"true","liveness":"true","loudness":"true","mode":"true","name":"true","release_date":"true","speechiness":"true","tempo":"true","time_signature":"true","track_number":"true","valence":"true"}}
                    bucket_count 11
                    bucket_field_name id
                    file.inputformat org.apache.hadoop.hive.ql.io.orc.OrcInputFormat
                    file.outputformat org.apache.hadoop.hive.ql.io.orc.OrcOutputFormat
                    location hdfs://hadoop-02.uni.innopolis.ru:8020/user/team11/project/hive/warehouse/tracks_part/year=1953
                    name team11_projectdb.tracks_part
                    numFiles 11
                    numRows 118
                    partition_columns year
                    partition_columns.types int
                    rawDataSize 104341
                    serialization.ddl struct tracks_part { string id, string name, string album, string album_id, string artists, string artist_ids, i32 track_number, i32 disc_number, bool explicit, double danceability, double energy, i32 key, double loudness, i32 mode, double speechiness, double acousticness, double instrumentalness, double liveness, double valence, double tempo, i32 duration_ms, double time_signature, string release_date}
                    serialization.format 1
                    serialization.lib org.apache.hadoop.hive.ql.io.orc.OrcSerde
                    totalSize 70375
                    transient_lastDdlTime 1778427549
                  serde: org.apache.hadoop.hive.ql.io.orc.OrcSerde
                
                    input format: org.apache.hadoop.hive.ql.io.orc.OrcInputFormat
                    output format: org.apache.hadoop.hive.ql.io.orc.OrcOutputFormat
                    properties:
                      EXTERNAL TRUE
                      bucket_count 11
                      bucket_field_name id
                      bucketing_version 2
                      column.name.delimiter ,
                      columns id,name,album,album_id,artists,artist_ids,track_number,disc_number,explicit,danceability,energy,key,loudness,mode,speechiness,acousticness,instrumentalness,liveness,valence,tempo,duration_ms,time_signature,release_date
                      columns.comments 
                      columns.types string:string:string:string:string:string:int:int:boolean:double:double:int:double:int:double:double:double:double:double:double:int:double:string
                      file.inputformat org.apache.hadoop.hive.ql.io.orc.OrcInputFormat
                      file.outputformat org.apache.hadoop.hive.ql.io.orc.OrcOutputFormat
                      location hdfs://hadoop-02.uni.innopolis.ru:8020/user/team11/project/hive/warehouse/tracks_part
                      name team11_projectdb.tracks_part
                      orc.compress SNAPPY
                      partition_columns year
                      partition_columns.types int
                      serialization.ddl struct tracks_part { string id, string name, string album, string album_id, string artists, string artist_ids, i32 track_number, i32 disc_number, bool explicit, double danceability, double energy, i32 key, double loudness, i32 mode, double speechiness, double acousticness, double instrumentalness, double liveness, double valence, double tempo, i32 duration_ms, double time_signature, string release_date}
                      serialization.format 1
                      serialization.lib org.apache.hadoop.hive.ql.io.orc.OrcSerde
                      transient_lastDdlTime 1778427516
                    serde: org.apache.hadoop.hive.ql.io.orc.OrcSerde
                    name: team11_projectdb.tracks_part
                  name: team11_projectdb.tracks_part
              hdfs://hadoop-02.uni.innopolis.ru:8020/user/team11/project/hive/warehouse/tracks_part/year=1954 
                Partition
                  base file name: year=1954
                  input format: org.apache.hadoop.hive.ql.io.orc.OrcInputFormat
                  output format: org.apache.hadoop.hive.ql.io.orc.OrcOutputFormat
                  partition values:
                    year 1954
                  properties:
                    COLUMN_STATS_ACCURATE {"BASIC_STATS":"true","COLUMN_STATS":{"acousticness":"true","album":"true","album_id":"true","artist_ids":"true","artists":"true","danceability":"true","disc_number":"true","duration_ms":"true","energy":"true","explicit":"true","id":"true","instrumentalness":"true","key":"true","liveness":"true","loudness":"true","mode":"true","name":"true","release_date":"true","speechiness":"true","tempo":"true","time_signature":"true","track_number":"true","valence":"true"}}
                    bucket_count 11
                    bucket_field_name id
                    file.inputformat org.apache.hadoop.hive.ql.io.orc.OrcInputFormat
                    file.outputformat org.apache.hadoop.hive.ql.io.orc.OrcOutputFormat
                    location hdfs://hadoop-02.uni.innopolis.ru:8020/user/team11/project/hive/warehouse/tracks_part/year=1954
                    name team11_projectdb.tracks_part
                    numFiles 11
                    numRows 203
                    partition_columns year
                    partition_columns.types int
                    rawDataSize 181575
                    serialization.ddl struct tracks_part { string id, string name, string album, string album_id, string artists, string artist_ids, i32 track_number, i32 disc_number, bool explicit, double danceability, double energy, i32 key, double loudness, i32 mode, double speechiness, double acousticness, double instrumentalness, double liveness, double valence, double tempo, i32 duration_ms, double time_signature, string release_date}
                    serialization.format 1
                    serialization.lib org.apache.hadoop.hive.ql.io.orc.OrcSerde
                    totalSize 88629
                    transient_lastDdlTime 1778427549
                  serde: org.apache.hadoop.hive.ql.io.orc.OrcSerde
                
                    input format: org.apache.hadoop.hive.ql.io.orc.OrcInputFormat
                    output format: org.apache.hadoop.hive.ql.io.orc.OrcOutputFormat
                    properties:
                      EXTERNAL TRUE
                      bucket_count 11
                      bucket_field_name id
                      bucketing_version 2
                      column.name.delimiter ,
                      columns id,name,album,album_id,artists,artist_ids,track_number,disc_number,explicit,danceability,energy,key,loudness,mode,speechiness,acousticness,instrumentalness,liveness,valence,tempo,duration_ms,time_signature,release_date
                      columns.comments 
                      columns.types string:string:string:string:string:string:int:int:boolean:double:double:int:double:int:double:double:double:double:double:double:int:double:string
                      file.inputformat org.apache.hadoop.hive.ql.io.orc.OrcInputFormat
                      file.outputformat org.apache.hadoop.hive.ql.io.orc.OrcOutputFormat
                      location hdfs://hadoop-02.uni.innopolis.ru:8020/user/team11/project/hive/warehouse/tracks_part
                      name team11_projectdb.tracks_part
                      orc.compress SNAPPY
                      partition_columns year
                      partition_columns.types int
                      serialization.ddl struct tracks_part { string id, string name, string album, string album_id, string artists, string artist_ids, i32 track_number, i32 disc_number, bool explicit, double danceability, double energy, i32 key, double loudness, i32 mode, double speechiness, double acousticness, double instrumentalness, double liveness, double valence, double tempo, i32 duration_ms, double time_signature, string release_date}
                      serialization.format 1
                      serialization.lib org.apache.hadoop.hive.ql.io.orc.OrcSerde
                      transient_lastDdlTime 1778427516
                    serde: org.apache.hadoop.hive.ql.io.orc.OrcSerde
                    name: team11_projectdb.tracks_part
                  name: team11_projectdb.tracks_part
              hdfs://hadoop-02.uni.innopolis.ru:8020/user/team11/project/hive/warehouse/tracks_part/year=1955 
                Partition
                  base file name: year=1955
                  input format: org.apache.hadoop.hive.ql.io.orc.OrcInputFormat
                  output format: org.apache.hadoop.hive.ql.io.orc.OrcOutputFormat
                  partition values:
                    year 1955
                  properties:
                    COLUMN_STATS_ACCURATE {"BASIC_STATS":"true","COLUMN_STATS":{"acousticness":"true","album":"true","album_id":"true","artist_ids":"true","artists":"true","danceability":"true","disc_number":"true","duration_ms":"true","energy":"true","explicit":"true","id":"true","instrumentalness":"true","key":"true","liveness":"true","loudness":"true","mode":"true","name":"true","release_date":"true","speechiness":"true","tempo":"true","time_signature":"true","track_number":"true","valence":"true"}}
                    bucket_count 11
                    bucket_field_name id
                    file.inputformat org.apache.hadoop.hive.ql.io.orc.OrcInputFormat
                    file.outputformat org.apache.hadoop.hive.ql.io.orc.OrcOutputFormat
                    location hdfs://hadoop-02.uni.innopolis.ru:8020/user/team11/project/hive/warehouse/tracks_part/year=1955
                    name team11_projectdb.tracks_part
                    numFiles 11
                    numRows 179
                    partition_columns year
                    partition_columns.types int
                    rawDataSize 163344
                    serialization.ddl struct tracks_part { string id, string name, string album, string album_id, string artists, string artist_ids, i32 track_number, i32 disc_number, bool explicit, double danceability, double energy, i32 key, double loudness, i32 mode, double speechiness, double acousticness, double instrumentalness, double liveness, double valence, double tempo, i32 duration_ms, double time_signature, string release_date}
                    serialization.format 1
                    serialization.lib org.apache.hadoop.hive.ql.io.orc.OrcSerde
                    totalSize 85407
                    transient_lastDdlTime 1778427549
                  serde: org.apache.hadoop.hive.ql.io.orc.OrcSerde
                
                    input format: org.apache.hadoop.hive.ql.io.orc.OrcInputFormat
                    output format: org.apache.hadoop.hive.ql.io.orc.OrcOutputFormat
                    properties:
                      EXTERNAL TRUE
                      bucket_count 11
                      bucket_field_name id
                      bucketing_version 2
                      column.name.delimiter ,
                      columns id,name,album,album_id,artists,artist_ids,track_number,disc_number,explicit,danceability,energy,key,loudness,mode,speechiness,acousticness,instrumentalness,liveness,valence,tempo,duration_ms,time_signature,release_date
                      columns.comments 
                      columns.types string:string:string:string:string:string:int:int:boolean:double:double:int:double:int:double:double:double:double:double:double:int:double:string
                      file.inputformat org.apache.hadoop.hive.ql.io.orc.OrcInputFormat
                      file.outputformat org.apache.hadoop.hive.ql.io.orc.OrcOutputFormat
                      location hdfs://hadoop-02.uni.innopolis.ru:8020/user/team11/project/hive/warehouse/tracks_part
                      name team11_projectdb.tracks_part
                      orc.compress SNAPPY
                      partition_columns year
                      partition_columns.types int
                      serialization.ddl struct tracks_part { string id, string name, string album, string album_id, string artists, string artist_ids, i32 track_number, i32 disc_number, bool explicit, double danceability, double energy, i32 key, double loudness, i32 mode, double speechiness, double acousticness, double instrumentalness, double liveness, double valence, double tempo, i32 duration_ms, double time_signature, string release_date}
                      serialization.format 1
                      serialization.lib org.apache.hadoop.hive.ql.io.orc.OrcSerde
                      transient_lastDdlTime 1778427516
                    serde: org.apache.hadoop.hive.ql.io.orc.OrcSerde
                    name: team11_projectdb.tracks_part
                  name: team11_projectdb.tracks_part
              hdfs://hadoop-02.uni.innopolis.ru:8020/user/team11/project/hive/warehouse/tracks_part/year=1956 
                Partition
                  base file name: year=1956
                  input format: org.apache.hadoop.hive.ql.io.orc.OrcInputFormat
                  output format: org.apache.hadoop.hive.ql.io.orc.OrcOutputFormat
                  partition values:
                    year 1956
                  properties:
                    COLUMN_STATS_ACCURATE {"BASIC_STATS":"true","COLUMN_STATS":{"acousticness":"true","album":"true","album_id":"true","artist_ids":"true","artists":"true","danceability":"true","disc_number":"true","duration_ms":"true","energy":"true","explicit":"true","id":"true","instrumentalness":"true","key":"true","liveness":"true","loudness":"true","mode":"true","name":"true","release_date":"true","speechiness":"true","tempo":"true","time_signature":"true","track_number":"true","valence":"true"}}
                    bucket_count 11
                    bucket_field_name id
                    file.inputformat org.apache.hadoop.hive.ql.io.orc.OrcInputFormat
                    file.outputformat org.apache.hadoop.hive.ql.io.orc.OrcOutputFormat
                    location hdfs://hadoop-02.uni.innopolis.ru:8020/user/team11/project/hive/warehouse/tracks_part/year=1956
                    name team11_projectdb.tracks_part
                    numFiles 11
                    numRows 508
                    partition_columns year
                    partition_columns.types int
                    rawDataSize 465865
                    serialization.ddl struct tracks_part { string id, string name, string album, string album_id, string artists, string artist_ids, i32 track_number, i32 disc_number, bool explicit, double danceability, double energy, i32 key, double loudness, i32 mode, double speechiness, double acousticness, double instrumentalness, double liveness, double valence, double tempo, i32 duration_ms, double time_signature, string release_date}
                    serialization.format 1
                    serialization.lib org.apache.hadoop.hive.ql.io.orc.OrcSerde
                    totalSize 158260
                    transient_lastDdlTime 1778427549
                  serde: org.apache.hadoop.hive.ql.io.orc.OrcSerde
                
                    input format: org.apache.hadoop.hive.ql.io.orc.OrcInputFormat
                    output format: org.apache.hadoop.hive.ql.io.orc.OrcOutputFormat
                    properties:
                      EXTERNAL TRUE
                      bucket_count 11
                      bucket_field_name id
                      bucketing_version 2
                      column.name.delimiter ,
                      columns id,name,album,album_id,artists,artist_ids,track_number,disc_number,explicit,danceability,energy,key,loudness,mode,speechiness,acousticness,instrumentalness,liveness,valence,tempo,duration_ms,time_signature,release_date
                      columns.comments 
                      columns.types string:string:string:string:string:string:int:int:boolean:double:double:int:double:int:double:double:double:double:double:double:int:double:string
                      file.inputformat org.apache.hadoop.hive.ql.io.orc.OrcInputFormat
                      file.outputformat org.apache.hadoop.hive.ql.io.orc.OrcOutputFormat
                      location hdfs://hadoop-02.uni.innopolis.ru:8020/user/team11/project/hive/warehouse/tracks_part
                      name team11_projectdb.tracks_part
                      orc.compress SNAPPY
                      partition_columns year
                      partition_columns.types int
                      serialization.ddl struct tracks_part { string id, string name, string album, string album_id, string artists, string artist_ids, i32 track_number, i32 disc_number, bool explicit, double danceability, double energy, i32 key, double loudness, i32 mode, double speechiness, double acousticness, double instrumentalness, double liveness, double valence, double tempo, i32 duration_ms, double time_signature, string release_date}
                      serialization.format 1
                      serialization.lib org.apache.hadoop.hive.ql.io.orc.OrcSerde
                      transient_lastDdlTime 1778427516
                    serde: org.apache.hadoop.hive.ql.io.orc.OrcSerde
                    name: team11_projectdb.tracks_part
                  name: team11_projectdb.tracks_part
              hdfs://hadoop-02.uni.innopolis.ru:8020/user/team11/project/hive/warehouse/tracks_part/year=1957 
                Partition
                  base file name: year=1957
                  input format: org.apache.hadoop.hive.ql.io.orc.OrcInputFormat
                  output format: org.apache.hadoop.hive.ql.io.orc.OrcOutputFormat
                  partition values:
                    year 1957
                  properties:
                    COLUMN_STATS_ACCURATE {"BASIC_STATS":"true","COLUMN_STATS":{"acousticness":"true","album":"true","album_id":"true","artist_ids":"true","artists":"true","danceability":"true","disc_number":"true","duration_ms":"true","energy":"true","explicit":"true","id":"true","instrumentalness":"true","key":"true","liveness":"true","loudness":"true","mode":"true","name":"true","release_date":"true","speechiness":"true","tempo":"true","time_signature":"true","track_number":"true","valence":"true"}}
                    bucket_count 11
                    bucket_field_name id
                    file.inputformat org.apache.hadoop.hive.ql.io.orc.OrcInputFormat
                    file.outputformat org.apache.hadoop.hive.ql.io.orc.OrcOutputFormat
                    location hdfs://hadoop-02.uni.innopolis.ru:8020/user/team11/project/hive/warehouse/tracks_part/year=1957
                    name team11_projectdb.tracks_part
                    numFiles 11
                    numRows 412
                    partition_columns year
                    partition_columns.types int
                    rawDataSize 374368
                    serialization.ddl struct tracks_part { string id, string name, string album, string album_id, string artists, string artist_ids, i32 track_number, i32 disc_number, bool explicit, double danceability, double energy, i32 key, double loudness, i32 mode, double speechiness, double acousticness, double instrumentalness, double liveness, double valence, double tempo, i32 duration_ms, double time_signature, string release_date}
                    serialization.format 1
                    serialization.lib org.apache.hadoop.hive.ql.io.orc.OrcSerde
                    totalSize 132392
                    transient_lastDdlTime 1778427549
                  serde: org.apache.hadoop.hive.ql.io.orc.OrcSerde
                
                    input format: org.apache.hadoop.hive.ql.io.orc.OrcInputFormat
                    output format: org.apache.hadoop.hive.ql.io.orc.OrcOutputFormat
                    properties:
                      EXTERNAL TRUE
                      bucket_count 11
                      bucket_field_name id
                      bucketing_version 2
                      column.name.delimiter ,
                      columns id,name,album,album_id,artists,artist_ids,track_number,disc_number,explicit,danceability,energy,key,loudness,mode,speechiness,acousticness,instrumentalness,liveness,valence,tempo,duration_ms,time_signature,release_date
                      columns.comments 
                      columns.types string:string:string:string:string:string:int:int:boolean:double:double:int:double:int:double:double:double:double:double:double:int:double:string
                      file.inputformat org.apache.hadoop.hive.ql.io.orc.OrcInputFormat
                      file.outputformat org.apache.hadoop.hive.ql.io.orc.OrcOutputFormat
                      location hdfs://hadoop-02.uni.innopolis.ru:8020/user/team11/project/hive/warehouse/tracks_part
                      name team11_projectdb.tracks_part
                      orc.compress SNAPPY
                      partition_columns year
                      partition_columns.types int
                      serialization.ddl struct tracks_part { string id, string name, string album, string album_id, string artists, string artist_ids, i32 track_number, i32 disc_number, bool explicit, double danceability, double energy, i32 key, double loudness, i32 mode, double speechiness, double acousticness, double instrumentalness, double liveness, double valence, double tempo, i32 duration_ms, double time_signature, string release_date}
                      serialization.format 1
                      serialization.lib org.apache.hadoop.hive.ql.io.orc.OrcSerde
                      transient_lastDdlTime 1778427516
                    serde: org.apache.hadoop.hive.ql.io.orc.OrcSerde
                    name: team11_projectdb.tracks_part
                  name: team11_projectdb.tracks_part
              hdfs://hadoop-02.uni.innopolis.ru:8020/user/team11/project/hive/warehouse/tracks_part/year=1958 
                Partition
                  base file name: year=1958
                  input format: org.apache.hadoop.hive.ql.io.orc.OrcInputFormat
                  output format: org.apache.hadoop.hive.ql.io.orc.OrcOutputFormat
                  partition values:
                    year 1958
                  properties:
                    COLUMN_STATS_ACCURATE {"BASIC_STATS":"true","COLUMN_STATS":{"acousticness":"true","album":"true","album_id":"true","artist_ids":"true","artists":"true","danceability":"true","disc_number":"true","duration_ms":"true","energy":"true","explicit":"true","id":"true","instrumentalness":"true","key":"true","liveness":"true","loudness":"true","mode":"true","name":"true","release_date":"true","speechiness":"true","tempo":"true","time_signature":"true","track_number":"true","valence":"true"}}
                    bucket_count 11
                    bucket_field_name id
                    file.inputformat org.apache.hadoop.hive.ql.io.orc.OrcInputFormat
                    file.outputformat org.apache.hadoop.hive.ql.io.orc.OrcOutputFormat
                    location hdfs://hadoop-02.uni.innopolis.ru:8020/user/team11/project/hive/warehouse/tracks_part/year=1958
                    name team11_projectdb.tracks_part
                    numFiles 11
                    numRows 473
                    partition_columns year
                    partition_columns.types int
                    rawDataSize 421054
                    serialization.ddl struct tracks_part { string id, string name, string album, string album_id, string artists, string artist_ids, i32 track_number, i32 disc_number, bool explicit, double danceability, double energy, i32 key, double loudness, i32 mode, double speechiness, double acousticness, double instrumentalness, double liveness, double valence, double tempo, i32 duration_ms, double time_signature, string release_date}
                    serialization.format 1
                    serialization.lib org.apache.hadoop.hive.ql.io.orc.OrcSerde
                    totalSize 137039
                    transient_lastDdlTime 1778427549
                  serde: org.apache.hadoop.hive.ql.io.orc.OrcSerde
                
                    input format: org.apache.hadoop.hive.ql.io.orc.OrcInputFormat
                    output format: org.apache.hadoop.hive.ql.io.orc.OrcOutputFormat
                    properties:
                      EXTERNAL TRUE
                      bucket_count 11
                      bucket_field_name id
                      bucketing_version 2
                      column.name.delimiter ,
                      columns id,name,album,album_id,artists,artist_ids,track_number,disc_number,explicit,danceability,energy,key,loudness,mode,speechiness,acousticness,instrumentalness,liveness,valence,tempo,duration_ms,time_signature,release_date
                      columns.comments 
                      columns.types string:string:string:string:string:string:int:int:boolean:double:double:int:double:int:double:double:double:double:double:double:int:double:string
                      file.inputformat org.apache.hadoop.hive.ql.io.orc.OrcInputFormat
                      file.outputformat org.apache.hadoop.hive.ql.io.orc.OrcOutputFormat
                      location hdfs://hadoop-02.uni.innopolis.ru:8020/user/team11/project/hive/warehouse/tracks_part
                      name team11_projectdb.tracks_part
                      orc.compress SNAPPY
                      partition_columns year
                      partition_columns.types int
                      serialization.ddl struct tracks_part { string id, string name, string album, string album_id, string artists, string artist_ids, i32 track_number, i32 disc_number, bool explicit, double danceability, double energy, i32 key, double loudness, i32 mode, double speechiness, double acousticness, double instrumentalness, double liveness, double valence, double tempo, i32 duration_ms, double time_signature, string release_date}
                      serialization.format 1
                      serialization.lib org.apache.hadoop.hive.ql.io.orc.OrcSerde
                      transient_lastDdlTime 1778427516
                    serde: org.apache.hadoop.hive.ql.io.orc.OrcSerde
                    name: team11_projectdb.tracks_part
                  name: team11_projectdb.tracks_part
              hdfs://hadoop-02.uni.innopolis.ru:8020/user/team11/project/hive/warehouse/tracks_part/year=1959 
                Partition
                  base file name: year=1959
                  input format: org.apache.hadoop.hive.ql.io.orc.OrcInputFormat
                  output format: org.apache.hadoop.hive.ql.io.orc.OrcOutputFormat
                  partition values:
                    year 1959
                  properties:
                    COLUMN_STATS_ACCURATE {"BASIC_STATS":"true","COLUMN_STATS":{"acousticness":"true","album":"true","album_id":"true","artist_ids":"true","artists":"true","danceability":"true","disc_number":"true","duration_ms":"true","energy":"true","explicit":"true","id":"true","instrumentalness":"true","key":"true","liveness":"true","loudness":"true","mode":"true","name":"true","release_date":"true","speechiness":"true","tempo":"true","time_signature":"true","track_number":"true","valence":"true"}}
                    bucket_count 11
                    bucket_field_name id
                    file.inputformat org.apache.hadoop.hive.ql.io.orc.OrcInputFormat
                    file.outputformat org.apache.hadoop.hive.ql.io.orc.OrcOutputFormat
                    location hdfs://hadoop-02.uni.innopolis.ru:8020/user/team11/project/hive/warehouse/tracks_part/year=1959
                    name team11_projectdb.tracks_part
                    numFiles 11
                    numRows 830
                    partition_columns year
                    partition_columns.types int
                    rawDataSize 770890
                    serialization.ddl struct tracks_part { string id, string name, string album, string album_id, string artists, string artist_ids, i32 track_number, i32 disc_number, bool explicit, double danceability, double energy, i32 key, double loudness, i32 mode, double speechiness, double acousticness, double instrumentalness, double liveness, double valence, double tempo, i32 duration_ms, double time_signature, string release_date}
                    serialization.format 1
                    serialization.lib org.apache.hadoop.hive.ql.io.orc.OrcSerde
                    totalSize 216676
                    transient_lastDdlTime 1778427549
                  serde: org.apache.hadoop.hive.ql.io.orc.OrcSerde
                
                    input format: org.apache.hadoop.hive.ql.io.orc.OrcInputFormat
                    output format: org.apache.hadoop.hive.ql.io.orc.OrcOutputFormat
                    properties:
                      EXTERNAL TRUE
                      bucket_count 11
                      bucket_field_name id
                      bucketing_version 2
                      column.name.delimiter ,
                      columns id,name,album,album_id,artists,artist_ids,track_number,disc_number,explicit,danceability,energy,key,loudness,mode,speechiness,acousticness,instrumentalness,liveness,valence,tempo,duration_ms,time_signature,release_date
                      columns.comments 
                      columns.types string:string:string:string:string:string:int:int:boolean:double:double:int:double:int:double:double:double:double:double:double:int:double:string
                      file.inputformat org.apache.hadoop.hive.ql.io.orc.OrcInputFormat
                      file.outputformat org.apache.hadoop.hive.ql.io.orc.OrcOutputFormat
                      location hdfs://hadoop-02.uni.innopolis.ru:8020/user/team11/project/hive/warehouse/tracks_part
                      name team11_projectdb.tracks_part
                      orc.compress SNAPPY
                      partition_columns year
                      partition_columns.types int
                      serialization.ddl struct tracks_part { string id, string name, string album, string album_id, string artists, string artist_ids, i32 track_number, i32 disc_number, bool explicit, double danceability, double energy, i32 key, double loudness, i32 mode, double speechiness, double acousticness, double instrumentalness, double liveness, double valence, double tempo, i32 duration_ms, double time_signature, string release_date}
                      serialization.format 1
                      serialization.lib org.apache.hadoop.hive.ql.io.orc.OrcSerde
                      transient_lastDdlTime 1778427516
                    serde: org.apache.hadoop.hive.ql.io.orc.OrcSerde
                    name: team11_projectdb.tracks_part
                  name: team11_projectdb.tracks_part
              hdfs://hadoop-02.uni.innopolis.ru:8020/user/team11/project/hive/warehouse/tracks_part/year=1960 
                Partition
                  base file name: year=1960
                  input format: org.apache.hadoop.hive.ql.io.orc.OrcInputFormat
                  output format: org.apache.hadoop.hive.ql.io.orc.OrcOutputFormat
                  partition values:
                    year 1960
                  properties:
                    COLUMN_STATS_ACCURATE {"BASIC_STATS":"true","COLUMN_STATS":{"acousticness":"true","album":"true","album_id":"true","artist_ids":"true","artists":"true","danceability":"true","disc_number":"true","duration_ms":"true","energy":"true","explicit":"true","id":"true","instrumentalness":"true","key":"true","liveness":"true","loudness":"true","mode":"true","name":"true","release_date":"true","speechiness":"true","tempo":"true","time_signature":"true","track_number":"true","valence":"true"}}
                    bucket_count 11
                    bucket_field_name id
                    file.inputformat org.apache.hadoop.hive.ql.io.orc.OrcInputFormat
                    file.outputformat org.apache.hadoop.hive.ql.io.orc.OrcOutputFormat
                    location hdfs://hadoop-02.uni.innopolis.ru:8020/user/team11/project/hive/warehouse/tracks_part/year=1960
                    name team11_projectdb.tracks_part
                    numFiles 11
                    numRows 727
                    partition_columns year
                    partition_columns.types int
                    rawDataSize 692576
                    serialization.ddl struct tracks_part { string id, string name, string album, string album_id, string artists, string artist_ids, i32 track_number, i32 disc_number, bool explicit, double danceability, double energy, i32 key, double loudness, i32 mode, double speechiness, double acousticness, double instrumentalness, double liveness, double valence, double tempo, i32 duration_ms, double time_signature, string release_date}
                    serialization.format 1
                    serialization.lib org.apache.hadoop.hive.ql.io.orc.OrcSerde
                    totalSize 207623
                    transient_lastDdlTime 1778427549
                  serde: org.apache.hadoop.hive.ql.io.orc.OrcSerde
                
                    input format: org.apache.hadoop.hive.ql.io.orc.OrcInputFormat
                    output format: org.apache.hadoop.hive.ql.io.orc.OrcOutputFormat
                    properties:
                      EXTERNAL TRUE
                      bucket_count 11
                      bucket_field_name id
                      bucketing_version 2
                      column.name.delimiter ,
                      columns id,name,album,album_id,artists,artist_ids,track_number,disc_number,explicit,danceability,energy,key,loudness,mode,speechiness,acousticness,instrumentalness,liveness,valence,tempo,duration_ms,time_signature,release_date
                      columns.comments 
                      columns.types string:string:string:string:string:string:int:int:boolean:double:double:int:double:int:double:double:double:double:double:double:int:double:string
                      file.inputformat org.apache.hadoop.hive.ql.io.orc.OrcInputFormat
                      file.outputformat org.apache.hadoop.hive.ql.io.orc.OrcOutputFormat
                      location hdfs://hadoop-02.uni.innopolis.ru:8020/user/team11/project/hive/warehouse/tracks_part
                      name team11_projectdb.tracks_part
                      orc.compress SNAPPY
                      partition_columns year
                      partition_columns.types int
                      serialization.ddl struct tracks_part { string id, string name, string album, string album_id, string artists, string artist_ids, i32 track_number, i32 disc_number, bool explicit, double danceability, double energy, i32 key, double loudness, i32 mode, double speechiness, double acousticness, double instrumentalness, double liveness, double valence, double tempo, i32 duration_ms, double time_signature, string release_date}
                      serialization.format 1
                      serialization.lib org.apache.hadoop.hive.ql.io.orc.OrcSerde
                      transient_lastDdlTime 1778427516
                    serde: org.apache.hadoop.hive.ql.io.orc.OrcSerde
                    name: team11_projectdb.tracks_part
                  name: team11_projectdb.tracks_part
              hdfs://hadoop-02.uni.innopolis.ru:8020/user/team11/project/hive/warehouse/tracks_part/year=1961 
                Partition
                  base file name: year=1961
                  input format: org.apache.hadoop.hive.ql.io.orc.OrcInputFormat
                  output format: org.apache.hadoop.hive.ql.io.orc.OrcOutputFormat
                  partition values:
                    year 1961
                  properties:
                    COLUMN_STATS_ACCURATE {"BASIC_STATS":"true","COLUMN_STATS":{"acousticness":"true","album":"true","album_id":"true","artist_ids":"true","artists":"true","danceability":"true","disc_number":"true","duration_ms":"true","energy":"true","explicit":"true","id":"true","instrumentalness":"true","key":"true","liveness":"true","loudness":"true","mode":"true","name":"true","release_date":"true","speechiness":"true","tempo":"true","time_signature":"true","track_number":"true","valence":"true"}}
                    bucket_count 11
                    bucket_field_name id
                    file.inputformat org.apache.hadoop.hive.ql.io.orc.OrcInputFormat
                    file.outputformat org.apache.hadoop.hive.ql.io.orc.OrcOutputFormat
                    location hdfs://hadoop-02.uni.innopolis.ru:8020/user/team11/project/hive/warehouse/tracks_part/year=1961
                    name team11_projectdb.tracks_part
                    numFiles 11
                    numRows 623
                    partition_columns year
                    partition_columns.types int
                    rawDataSize 568148
                    serialization.ddl struct tracks_part { string id, string name, string album, string album_id, string artists, string artist_ids, i32 track_number, i32 disc_number, bool explicit, double danceability, double energy, i32 key, double loudness, i32 mode, double speechiness, double acousticness, double instrumentalness, double liveness, double valence, double tempo, i32 duration_ms, double time_signature, string release_date}
                    serialization.format 1
                    serialization.lib org.apache.hadoop.hive.ql.io.orc.OrcSerde
                    totalSize 169217
                    transient_lastDdlTime 1778427549
                  serde: org.apache.hadoop.hive.ql.io.orc.OrcSerde
                
                    input format: org.apache.hadoop.hive.ql.io.orc.OrcInputFormat
                    output format: org.apache.hadoop.hive.ql.io.orc.OrcOutputFormat
                    properties:
                      EXTERNAL TRUE
                      bucket_count 11
                      bucket_field_name id
                      bucketing_version 2
                      column.name.delimiter ,
                      columns id,name,album,album_id,artists,artist_ids,track_number,disc_number,explicit,danceability,energy,key,loudness,mode,speechiness,acousticness,instrumentalness,liveness,valence,tempo,duration_ms,time_signature,release_date
                      columns.comments 
                      columns.types string:string:string:string:string:string:int:int:boolean:double:double:int:double:int:double:double:double:double:double:double:int:double:string
                      file.inputformat org.apache.hadoop.hive.ql.io.orc.OrcInputFormat
                      file.outputformat org.apache.hadoop.hive.ql.io.orc.OrcOutputFormat
                      location hdfs://hadoop-02.uni.innopolis.ru:8020/user/team11/project/hive/warehouse/tracks_part
                      name team11_projectdb.tracks_part
                      orc.compress SNAPPY
                      partition_columns year
                      partition_columns.types int
                      serialization.ddl struct tracks_part { string id, string name, string album, string album_id, string artists, string artist_ids, i32 track_number, i32 disc_number, bool explicit, double danceability, double energy, i32 key, double loudness, i32 mode, double speechiness, double acousticness, double instrumentalness, double liveness, double valence, double tempo, i32 duration_ms, double time_signature, string release_date}
                      serialization.format 1
                      serialization.lib org.apache.hadoop.hive.ql.io.orc.OrcSerde
                      transient_lastDdlTime 1778427516
                    serde: org.apache.hadoop.hive.ql.io.orc.OrcSerde
                    name: team11_projectdb.tracks_part
                  name: team11_projectdb.tracks_part
              hdfs://hadoop-02.uni.innopolis.ru:8020/user/team11/project/hive/warehouse/tracks_part/year=1962 
                Partition
                  base file name: year=1962
                  input format: org.apache.hadoop.hive.ql.io.orc.OrcInputFormat
                  output format: org.apache.hadoop.hive.ql.io.orc.OrcOutputFormat
                  partition values:
                    year 1962
                  properties:
                    COLUMN_STATS_ACCURATE {"BASIC_STATS":"true","COLUMN_STATS":{"acousticness":"true","album":"true","album_id":"true","artist_ids":"true","artists":"true","danceability":"true","disc_number":"true","duration_ms":"true","energy":"true","explicit":"true","id":"true","instrumentalness":"true","key":"true","liveness":"true","loudness":"true","mode":"true","name":"true","release_date":"true","speechiness":"true","tempo":"true","time_signature":"true","track_number":"true","valence":"true"}}
                    bucket_count 11
                    bucket_field_name id
                    file.inputformat org.apache.hadoop.hive.ql.io.orc.OrcInputFormat
                    file.outputformat org.apache.hadoop.hive.ql.io.orc.OrcOutputFormat
                    location hdfs://hadoop-02.uni.innopolis.ru:8020/user/team11/project/hive/warehouse/tracks_part/year=1962
                    name team11_projectdb.tracks_part
                    numFiles 11
                    numRows 842
                    partition_columns year
                    partition_columns.types int
                    rawDataSize 780769
                    serialization.ddl struct tracks_part { string id, string name, string album, string album_id, string artists, string artist_ids, i32 track_number, i32 disc_number, bool explicit, double danceability, double energy, i32 key, double loudness, i32 mode, double speechiness, double acousticness, double instrumentalness, double liveness, double valence, double tempo, i32 duration_ms, double time_signature, string release_date}
                    serialization.format 1
                    serialization.lib org.apache.hadoop.hive.ql.io.orc.OrcSerde
                    totalSize 219406
                    transient_lastDdlTime 1778427549
                  serde: org.apache.hadoop.hive.ql.io.orc.OrcSerde
                
                    input format: org.apache.hadoop.hive.ql.io.orc.OrcInputFormat
                    output format: org.apache.hadoop.hive.ql.io.orc.OrcOutputFormat
                    properties:
                      EXTERNAL TRUE
                      bucket_count 11
                      bucket_field_name id
                      bucketing_version 2
                      column.name.delimiter ,
                      columns id,name,album,album_id,artists,artist_ids,track_number,disc_number,explicit,danceability,energy,key,loudness,mode,speechiness,acousticness,instrumentalness,liveness,valence,tempo,duration_ms,time_signature,release_date
                      columns.comments 
                      columns.types string:string:string:string:string:string:int:int:boolean:double:double:int:double:int:double:double:double:double:double:double:int:double:string
                      file.inputformat org.apache.hadoop.hive.ql.io.orc.OrcInputFormat
                      file.outputformat org.apache.hadoop.hive.ql.io.orc.OrcOutputFormat
                      location hdfs://hadoop-02.uni.innopolis.ru:8020/user/team11/project/hive/warehouse/tracks_part
                      name team11_projectdb.tracks_part
                      orc.compress SNAPPY
                      partition_columns year
                      partition_columns.types int
                      serialization.ddl struct tracks_part { string id, string name, string album, string album_id, string artists, string artist_ids, i32 track_number, i32 disc_number, bool explicit, double danceability, double energy, i32 key, double loudness, i32 mode, double speechiness, double acousticness, double instrumentalness, double liveness, double valence, double tempo, i32 duration_ms, double time_signature, string release_date}
                      serialization.format 1
                      serialization.lib org.apache.hadoop.hive.ql.io.orc.OrcSerde
                      transient_lastDdlTime 1778427516
                    serde: org.apache.hadoop.hive.ql.io.orc.OrcSerde
                    name: team11_projectdb.tracks_part
                  name: team11_projectdb.tracks_part
              hdfs://hadoop-02.uni.innopolis.ru:8020/user/team11/project/hive/warehouse/tracks_part/year=1963 
                Partition
                  base file name: year=1963
                  input format: org.apache.hadoop.hive.ql.io.orc.OrcInputFormat
                  output format: org.apache.hadoop.hive.ql.io.orc.OrcOutputFormat
                  partition values:
                    year 1963
                  properties:
                    COLUMN_STATS_ACCURATE {"BASIC_STATS":"true","COLUMN_STATS":{"acousticness":"true","album":"true","album_id":"true","artist_ids":"true","artists":"true","danceability":"true","disc_number":"true","duration_ms":"true","energy":"true","explicit":"true","id":"true","instrumentalness":"true","key":"true","liveness":"true","loudness":"true","mode":"true","name":"true","release_date":"true","speechiness":"true","tempo":"true","time_signature":"true","track_number":"true","valence":"true"}}
                    bucket_count 11
                    bucket_field_name id
                    file.inputformat org.apache.hadoop.hive.ql.io.orc.OrcInputFormat
                    file.outputformat org.apache.hadoop.hive.ql.io.orc.OrcOutputFormat
                    location hdfs://hadoop-02.uni.innopolis.ru:8020/user/team11/project/hive/warehouse/tracks_part/year=1963
                    name team11_projectdb.tracks_part
                    numFiles 11
                    numRows 905
                    partition_columns year
                    partition_columns.types int
                    rawDataSize 796179
                    serialization.ddl struct tracks_part { string id, string name, string album, string album_id, string artists, string artist_ids, i32 track_number, i32 disc_number, bool explicit, double danceability, double energy, i32 key, double loudness, i32 mode, double speechiness, double acousticness, double instrumentalness, double liveness, double valence, double tempo, i32 duration_ms, double time_signature, string release_date}
                    serialization.format 1
                    serialization.lib org.apache.hadoop.hive.ql.io.orc.OrcSerde
                    totalSize 215950
                    transient_lastDdlTime 1778427549
                  serde: org.apache.hadoop.hive.ql.io.orc.OrcSerde
                
                    input format: org.apache.hadoop.hive.ql.io.orc.OrcInputFormat
                    output format: org.apache.hadoop.hive.ql.io.orc.OrcOutputFormat
                    properties:
                      EXTERNAL TRUE
                      bucket_count 11
                      bucket_field_name id
                      bucketing_version 2
                      column.name.delimiter ,
                      columns id,name,album,album_id,artists,artist_ids,track_number,disc_number,explicit,danceability,energy,key,loudness,mode,speechiness,acousticness,instrumentalness,liveness,valence,tempo,duration_ms,time_signature,release_date
                      columns.comments 
                      columns.types string:string:string:string:string:string:int:int:boolean:double:double:int:double:int:double:double:double:double:double:double:int:double:string
                      file.inputformat org.apache.hadoop.hive.ql.io.orc.OrcInputFormat
                      file.outputformat org.apache.hadoop.hive.ql.io.orc.OrcOutputFormat
                      location hdfs://hadoop-02.uni.innopolis.ru:8020/user/team11/project/hive/warehouse/tracks_part
                      name team11_projectdb.tracks_part
                      orc.compress SNAPPY
                      partition_columns year
                      partition_columns.types int
                      serialization.ddl struct tracks_part { string id, string name, string album, string album_id, string artists, string artist_ids, i32 track_number, i32 disc_number, bool explicit, double danceability, double energy, i32 key, double loudness, i32 mode, double speechiness, double acousticness, double instrumentalness, double liveness, double valence, double tempo, i32 duration_ms, double time_signature, string release_date}
                      serialization.format 1
                      serialization.lib org.apache.hadoop.hive.ql.io.orc.OrcSerde
                      transient_lastDdlTime 1778427516
                    serde: org.apache.hadoop.hive.ql.io.orc.OrcSerde
                    name: team11_projectdb.tracks_part
                  name: team11_projectdb.tracks_part
              hdfs://hadoop-02.uni.innopolis.ru:8020/user/team11/project/hive/warehouse/tracks_part/year=1964 
                Partition
                  base file name: year=1964
                  input format: org.apache.hadoop.hive.ql.io.orc.OrcInputFormat
                  output format: org.apache.hadoop.hive.ql.io.orc.OrcOutputFormat
                  partition values:
                    year 1964
                  properties:
                    COLUMN_STATS_ACCURATE {"BASIC_STATS":"true","COLUMN_STATS":{"acousticness":"true","album":"true","album_id":"true","artist_ids":"true","artists":"true","danceability":"true","disc_number":"true","duration_ms":"true","energy":"true","explicit":"true","id":"true","instrumentalness":"true","key":"true","liveness":"true","loudness":"true","mode":"true","name":"true","release_date":"true","speechiness":"true","tempo":"true","time_signature":"true","track_number":"true","valence":"true"}}
                    bucket_count 11
                    bucket_field_name id
                    file.inputformat org.apache.hadoop.hive.ql.io.orc.OrcInputFormat
                    file.outputformat org.apache.hadoop.hive.ql.io.orc.OrcOutputFormat
                    location hdfs://hadoop-02.uni.innopolis.ru:8020/user/team11/project/hive/warehouse/tracks_part/year=1964
                    name team11_projectdb.tracks_part
                    numFiles 11
                    numRows 729
                    partition_columns year
                    partition_columns.types int
                    rawDataSize 659637
                    serialization.ddl struct tracks_part { string id, string name, string album, string album_id, string artists, string artist_ids, i32 track_number, i32 disc_number, bool explicit, double danceability, double energy, i32 key, double loudness, i32 mode, double speechiness, double acousticness, double instrumentalness, double liveness, double valence, double tempo, i32 duration_ms, double time_signature, string release_date}
                    serialization.format 1
                    serialization.lib org.apache.hadoop.hive.ql.io.orc.OrcSerde
                    totalSize 196407
                    transient_lastDdlTime 1778427549
                  serde: org.apache.hadoop.hive.ql.io.orc.OrcSerde
                
                    input format: org.apache.hadoop.hive.ql.io.orc.OrcInputFormat
                    output format: org.apache.hadoop.hive.ql.io.orc.OrcOutputFormat
                    properties:
                      EXTERNAL TRUE
                      bucket_count 11
                      bucket_field_name id
                      bucketing_version 2
                      column.name.delimiter ,
                      columns id,name,album,album_id,artists,artist_ids,track_number,disc_number,explicit,danceability,energy,key,loudness,mode,speechiness,acousticness,instrumentalness,liveness,valence,tempo,duration_ms,time_signature,release_date
                      columns.comments 
                      columns.types string:string:string:string:string:string:int:int:boolean:double:double:int:double:int:double:double:double:double:double:double:int:double:string
                      file.inputformat org.apache.hadoop.hive.ql.io.orc.OrcInputFormat
                      file.outputformat org.apache.hadoop.hive.ql.io.orc.OrcOutputFormat
                      location hdfs://hadoop-02.uni.innopolis.ru:8020/user/team11/project/hive/warehouse/tracks_part
                      name team11_projectdb.tracks_part
                      orc.compress SNAPPY
                      partition_columns year
                      partition_columns.types int
                      serialization.ddl struct tracks_part { string id, string name, string album, string album_id, string artists, string artist_ids, i32 track_number, i32 disc_number, bool explicit, double danceability, double energy, i32 key, double loudness, i32 mode, double speechiness, double acousticness, double instrumentalness, double liveness, double valence, double tempo, i32 duration_ms, double time_signature, string release_date}
                      serialization.format 1
                      serialization.lib org.apache.hadoop.hive.ql.io.orc.OrcSerde
                      transient_lastDdlTime 1778427516
                    serde: org.apache.hadoop.hive.ql.io.orc.OrcSerde
                    name: team11_projectdb.tracks_part
                  name: team11_projectdb.tracks_part
              hdfs://hadoop-02.uni.innopolis.ru:8020/user/team11/project/hive/warehouse/tracks_part/year=1965 
                Partition
                  base file name: year=1965
                  input format: org.apache.hadoop.hive.ql.io.orc.OrcInputFormat
                  output format: org.apache.hadoop.hive.ql.io.orc.OrcOutputFormat
                  partition values:
                    year 1965
                  properties:
                    COLUMN_STATS_ACCURATE {"BASIC_STATS":"true","COLUMN_STATS":{"acousticness":"true","album":"true","album_id":"true","artist_ids":"true","artists":"true","danceability":"true","disc_number":"true","duration_ms":"true","energy":"true","explicit":"true","id":"true","instrumentalness":"true","key":"true","liveness":"true","loudness":"true","mode":"true","name":"true","release_date":"true","speechiness":"true","tempo":"true","time_signature":"true","track_number":"true","valence":"true"}}
                    bucket_count 11
                    bucket_field_name id
                    file.inputformat org.apache.hadoop.hive.ql.io.orc.OrcInputFormat
                    file.outputformat org.apache.hadoop.hive.ql.io.orc.OrcOutputFormat
                    location hdfs://hadoop-02.uni.innopolis.ru:8020/user/team11/project/hive/warehouse/tracks_part/year=1965
                    name team11_projectdb.tracks_part
                    numFiles 11
                    numRows 933
                    partition_columns year
                    partition_columns.types int
                    rawDataSize 812338
                    serialization.ddl struct tracks_part { string id, string name, string album, string album_id, string artists, string artist_ids, i32 track_number, i32 disc_number, bool explicit, double danceability, double energy, i32 key, double loudness, i32 mode, double speechiness, double acousticness, double instrumentalness, double liveness, double valence, double tempo, i32 duration_ms, double time_signature, string release_date}
                    serialization.format 1
                    serialization.lib org.apache.hadoop.hive.ql.io.orc.OrcSerde
                    totalSize 209049
                    transient_lastDdlTime 1778427549
                  serde: org.apache.hadoop.hive.ql.io.orc.OrcSerde
                
                    input format: org.apache.hadoop.hive.ql.io.orc.OrcInputFormat
                    output format: org.apache.hadoop.hive.ql.io.orc.OrcOutputFormat
                    properties:
                      EXTERNAL TRUE
                      bucket_count 11
                      bucket_field_name id
                      bucketing_version 2
                      column.name.delimiter ,
                      columns id,name,album,album_id,artists,artist_ids,track_number,disc_number,explicit,danceability,energy,key,loudness,mode,speechiness,acousticness,instrumentalness,liveness,valence,tempo,duration_ms,time_signature,release_date
                      columns.comments 
                      columns.types string:string:string:string:string:string:int:int:boolean:double:double:int:double:int:double:double:double:double:double:double:int:double:string
                      file.inputformat org.apache.hadoop.hive.ql.io.orc.OrcInputFormat
                      file.outputformat org.apache.hadoop.hive.ql.io.orc.OrcOutputFormat
                      location hdfs://hadoop-02.uni.innopolis.ru:8020/user/team11/project/hive/warehouse/tracks_part
                      name team11_projectdb.tracks_part
                      orc.compress SNAPPY
                      partition_columns year
                      partition_columns.types int
                      serialization.ddl struct tracks_part { string id, string name, string album, string album_id, string artists, string artist_ids, i32 track_number, i32 disc_number, bool explicit, double danceability, double energy, i32 key, double loudness, i32 mode, double speechiness, double acousticness, double instrumentalness, double liveness, double valence, double tempo, i32 duration_ms, double time_signature, string release_date}
                      serialization.format 1
                      serialization.lib org.apache.hadoop.hive.ql.io.orc.OrcSerde
                      transient_lastDdlTime 1778427516
                    serde: org.apache.hadoop.hive.ql.io.orc.OrcSerde
                    name: team11_projectdb.tracks_part
                  name: team11_projectdb.tracks_part
              hdfs://hadoop-02.uni.innopolis.ru:8020/user/team11/project/hive/warehouse/tracks_part/year=1966 
                Partition
                  base file name: year=1966
                  input format: org.apache.hadoop.hive.ql.io.orc.OrcInputFormat
                  output format: org.apache.hadoop.hive.ql.io.orc.OrcOutputFormat
                  partition values:
                    year 1966
                  properties:
                    COLUMN_STATS_ACCURATE {"BASIC_STATS":"true","COLUMN_STATS":{"acousticness":"true","album":"true","album_id":"true","artist_ids":"true","artists":"true","danceability":"true","disc_number":"true","duration_ms":"true","energy":"true","explicit":"true","id":"true","instrumentalness":"true","key":"true","liveness":"true","loudness":"true","mode":"true","name":"true","release_date":"true","speechiness":"true","tempo":"true","time_signature":"true","track_number":"true","valence":"true"}}
                    bucket_count 11
                    bucket_field_name id
                    file.inputformat org.apache.hadoop.hive.ql.io.orc.OrcInputFormat
                    file.outputformat org.apache.hadoop.hive.ql.io.orc.OrcOutputFormat
                    location hdfs://hadoop-02.uni.innopolis.ru:8020/user/team11/project/hive/warehouse/tracks_part/year=1966
                    name team11_projectdb.tracks_part
                    numFiles 11
                    numRows 932
                    partition_columns year
                    partition_columns.types int
                    rawDataSize 849748
                    serialization.ddl struct tracks_part { string id, string name, string album, string album_id, string artists, string artist_ids, i32 track_number, i32 disc_number, bool explicit, double danceability, double energy, i32 key, double loudness, i32 mode, double speechiness, double acousticness, double instrumentalness, double liveness, double valence, double tempo, i32 duration_ms, double time_signature, string release_date}
                    serialization.format 1
                    serialization.lib org.apache.hadoop.hive.ql.io.orc.OrcSerde
                    totalSize 234811
                    transient_lastDdlTime 1778427549
                  serde: org.apache.hadoop.hive.ql.io.orc.OrcSerde
                
                    input format: org.apache.hadoop.hive.ql.io.orc.OrcInputFormat
                    output format: org.apache.hadoop.hive.ql.io.orc.OrcOutputFormat
                    properties:
                      EXTERNAL TRUE
                      bucket_count 11
                      bucket_field_name id
                      bucketing_version 2
                      column.name.delimiter ,
                      columns id,name,album,album_id,artists,artist_ids,track_number,disc_number,explicit,danceability,energy,key,loudness,mode,speechiness,acousticness,instrumentalness,liveness,valence,tempo,duration_ms,time_signature,release_date
                      columns.comments 
                      columns.types string:string:string:string:string:string:int:int:boolean:double:double:int:double:int:double:double:double:double:double:double:int:double:string
                      file.inputformat org.apache.hadoop.hive.ql.io.orc.OrcInputFormat
                      file.outputformat org.apache.hadoop.hive.ql.io.orc.OrcOutputFormat
                      location hdfs://hadoop-02.uni.innopolis.ru:8020/user/team11/project/hive/warehouse/tracks_part
                      name team11_projectdb.tracks_part
                      orc.compress SNAPPY
                      partition_columns year
                      partition_columns.types int
                      serialization.ddl struct tracks_part { string id, string name, string album, string album_id, string artists, string artist_ids, i32 track_number, i32 disc_number, bool explicit, double danceability, double energy, i32 key, double loudness, i32 mode, double speechiness, double acousticness, double instrumentalness, double liveness, double valence, double tempo, i32 duration_ms, double time_signature, string release_date}
                      serialization.format 1
                      serialization.lib org.apache.hadoop.hive.ql.io.orc.OrcSerde
                      transient_lastDdlTime 1778427516
                    serde: org.apache.hadoop.hive.ql.io.orc.OrcSerde
                    name: team11_projectdb.tracks_part
                  name: team11_projectdb.tracks_part
              hdfs://hadoop-02.uni.innopolis.ru:8020/user/team11/project/hive/warehouse/tracks_part/year=1967 
                Partition
                  base file name: year=1967
                  input format: org.apache.hadoop.hive.ql.io.orc.OrcInputFormat
                  output format: org.apache.hadoop.hive.ql.io.orc.OrcOutputFormat
                  partition values:
                    year 1967
                  properties:
                    COLUMN_STATS_ACCURATE {"BASIC_STATS":"true","COLUMN_STATS":{"acousticness":"true","album":"true","album_id":"true","artist_ids":"true","artists":"true","danceability":"true","disc_number":"true","duration_ms":"true","energy":"true","explicit":"true","id":"true","instrumentalness":"true","key":"true","liveness":"true","loudness":"true","mode":"true","name":"true","release_date":"true","speechiness":"true","tempo":"true","time_signature":"true","track_number":"true","valence":"true"}}
                    bucket_count 11
                    bucket_field_name id
                    file.inputformat org.apache.hadoop.hive.ql.io.orc.OrcInputFormat
                    file.outputformat org.apache.hadoop.hive.ql.io.orc.OrcOutputFormat
                    location hdfs://hadoop-02.uni.innopolis.ru:8020/user/team11/project/hive/warehouse/tracks_part/year=1967
                    name team11_projectdb.tracks_part
                    numFiles 11
                    numRows 916
                    partition_columns year
                    partition_columns.types int
                    rawDataSize 800474
                    serialization.ddl struct tracks_part { string id, string name, string album, string album_id, string artists, string artist_ids, i32 track_number, i32 disc_number, bool explicit, double danceability, double energy, i32 key, double loudness, i32 mode, double speechiness, double acousticness, double instrumentalness, double liveness, double valence, double tempo, i32 duration_ms, double time_signature, string release_date}
                    serialization.format 1
                    serialization.lib org.apache.hadoop.hive.ql.io.orc.OrcSerde
                    totalSize 210657
                    transient_lastDdlTime 1778427549
                  serde: org.apache.hadoop.hive.ql.io.orc.OrcSerde
                
                    input format: org.apache.hadoop.hive.ql.io.orc.OrcInputFormat
                    output format: org.apache.hadoop.hive.ql.io.orc.OrcOutputFormat
                    properties:
                      EXTERNAL TRUE
                      bucket_count 11
                      bucket_field_name id
                      bucketing_version 2
                      column.name.delimiter ,
                      columns id,name,album,album_id,artists,artist_ids,track_number,disc_number,explicit,danceability,energy,key,loudness,mode,speechiness,acousticness,instrumentalness,liveness,valence,tempo,duration_ms,time_signature,release_date
                      columns.comments 
                      columns.types string:string:string:string:string:string:int:int:boolean:double:double:int:double:int:double:double:double:double:double:double:int:double:string
                      file.inputformat org.apache.hadoop.hive.ql.io.orc.OrcInputFormat
                      file.outputformat org.apache.hadoop.hive.ql.io.orc.OrcOutputFormat
                      location hdfs://hadoop-02.uni.innopolis.ru:8020/user/team11/project/hive/warehouse/tracks_part
                      name team11_projectdb.tracks_part
                      orc.compress SNAPPY
                      partition_columns year
                      partition_columns.types int
                      serialization.ddl struct tracks_part { string id, string name, string album, string album_id, string artists, string artist_ids, i32 track_number, i32 disc_number, bool explicit, double danceability, double energy, i32 key, double loudness, i32 mode, double speechiness, double acousticness, double instrumentalness, double liveness, double valence, double tempo, i32 duration_ms, double time_signature, string release_date}
                      serialization.format 1
                      serialization.lib org.apache.hadoop.hive.ql.io.orc.OrcSerde
                      transient_lastDdlTime 1778427516
                    serde: org.apache.hadoop.hive.ql.io.orc.OrcSerde
                    name: team11_projectdb.tracks_part
                  name: team11_projectdb.tracks_part
              hdfs://hadoop-02.uni.innopolis.ru:8020/user/team11/project/hive/warehouse/tracks_part/year=1968 
                Partition
                  base file name: year=1968
                  input format: org.apache.hadoop.hive.ql.io.orc.OrcInputFormat
                  output format: org.apache.hadoop.hive.ql.io.orc.OrcOutputFormat
                  partition values:
                    year 1968
                  properties:
                    COLUMN_STATS_ACCURATE {"BASIC_STATS":"true","COLUMN_STATS":{"acousticness":"true","album":"true","album_id":"true","artist_ids":"true","artists":"true","danceability":"true","disc_number":"true","duration_ms":"true","energy":"true","explicit":"true","id":"true","instrumentalness":"true","key":"true","liveness":"true","loudness":"true","mode":"true","name":"true","release_date":"true","speechiness":"true","tempo":"true","time_signature":"true","track_number":"true","valence":"true"}}
                    bucket_count 11
                    bucket_field_name id
                    file.inputformat org.apache.hadoop.hive.ql.io.orc.OrcInputFormat
                    file.outputformat org.apache.hadoop.hive.ql.io.orc.OrcOutputFormat
                    location hdfs://hadoop-02.uni.innopolis.ru:8020/user/team11/project/hive/warehouse/tracks_part/year=1968
                    name team11_projectdb.tracks_part
                    numFiles 11
                    numRows 930
                    partition_columns year
                    partition_columns.types int
                    rawDataSize 798731
                    serialization.ddl struct tracks_part { string id, string name, string album, string album_id, string artists, string artist_ids, i32 track_number, i32 disc_number, bool explicit, double danceability, double energy, i32 key, double loudness, i32 mode, double speechiness, double acousticness, double instrumentalness, double liveness, double valence, double tempo, i32 duration_ms, double time_signature, string release_date}
                    serialization.format 1
                    serialization.lib org.apache.hadoop.hive.ql.io.orc.OrcSerde
                    totalSize 211738
                    transient_lastDdlTime 1778427549
                  serde: org.apache.hadoop.hive.ql.io.orc.OrcSerde
                
                    input format: org.apache.hadoop.hive.ql.io.orc.OrcInputFormat
                    output format: org.apache.hadoop.hive.ql.io.orc.OrcOutputFormat
                    properties:
                      EXTERNAL TRUE
                      bucket_count 11
                      bucket_field_name id
                      bucketing_version 2
                      column.name.delimiter ,
                      columns id,name,album,album_id,artists,artist_ids,track_number,disc_number,explicit,danceability,energy,key,loudness,mode,speechiness,acousticness,instrumentalness,liveness,valence,tempo,duration_ms,time_signature,release_date
                      columns.comments 
                      columns.types string:string:string:string:string:string:int:int:boolean:double:double:int:double:int:double:double:double:double:double:double:int:double:string
                      file.inputformat org.apache.hadoop.hive.ql.io.orc.OrcInputFormat
                      file.outputformat org.apache.hadoop.hive.ql.io.orc.OrcOutputFormat
                      location hdfs://hadoop-02.uni.innopolis.ru:8020/user/team11/project/hive/warehouse/tracks_part
                      name team11_projectdb.tracks_part
                      orc.compress SNAPPY
                      partition_columns year
                      partition_columns.types int
                      serialization.ddl struct tracks_part { string id, string name, string album, string album_id, string artists, string artist_ids, i32 track_number, i32 disc_number, bool explicit, double danceability, double energy, i32 key, double loudness, i32 mode, double speechiness, double acousticness, double instrumentalness, double liveness, double valence, double tempo, i32 duration_ms, double time_signature, string release_date}
                      serialization.format 1
                      serialization.lib org.apache.hadoop.hive.ql.io.orc.OrcSerde
                      transient_lastDdlTime 1778427516
                    serde: org.apache.hadoop.hive.ql.io.orc.OrcSerde
                    name: team11_projectdb.tracks_part
                  name: team11_projectdb.tracks_part
              hdfs://hadoop-02.uni.innopolis.ru:8020/user/team11/project/hive/warehouse/tracks_part/year=1969 
                Partition
                  base file name: year=1969
                  input format: org.apache.hadoop.hive.ql.io.orc.OrcInputFormat
                  output format: org.apache.hadoop.hive.ql.io.orc.OrcOutputFormat
                  partition values:
                    year 1969
                  properties:
                    COLUMN_STATS_ACCURATE {"BASIC_STATS":"true","COLUMN_STATS":{"acousticness":"true","album":"true","album_id":"true","artist_ids":"true","artists":"true","danceability":"true","disc_number":"true","duration_ms":"true","energy":"true","explicit":"true","id":"true","instrumentalness":"true","key":"true","liveness":"true","loudness":"true","mode":"true","name":"true","release_date":"true","speechiness":"true","tempo":"true","time_signature":"true","track_number":"true","valence":"true"}}
                    bucket_count 11
                    bucket_field_name id
                    file.inputformat org.apache.hadoop.hive.ql.io.orc.OrcInputFormat
                    file.outputformat org.apache.hadoop.hive.ql.io.orc.OrcOutputFormat
                    location hdfs://hadoop-02.uni.innopolis.ru:8020/user/team11/project/hive/warehouse/tracks_part/year=1969
                    name team11_projectdb.tracks_part
                    numFiles 11
                    numRows 1247
                    partition_columns year
                    partition_columns.types int
                    rawDataSize 1061504
                    serialization.ddl struct tracks_part { string id, string name, string album, string album_id, string artists, string artist_ids, i32 track_number, i32 disc_number, bool explicit, double danceability, double energy, i32 key, double loudness, i32 mode, double speechiness, double acousticness, double instrumentalness, double liveness, double valence, double tempo, i32 duration_ms, double time_signature, string release_date}
                    serialization.format 1
                    serialization.lib org.apache.hadoop.hive.ql.io.orc.OrcSerde
                    totalSize 252022
                    transient_lastDdlTime 1778427549
                  serde: org.apache.hadoop.hive.ql.io.orc.OrcSerde
                
                    input format: org.apache.hadoop.hive.ql.io.orc.OrcInputFormat
                    output format: org.apache.hadoop.hive.ql.io.orc.OrcOutputFormat
                    properties:
                      EXTERNAL TRUE
                      bucket_count 11
                      bucket_field_name id
                      bucketing_version 2
                      column.name.delimiter ,
                      columns id,name,album,album_id,artists,artist_ids,track_number,disc_number,explicit,danceability,energy,key,loudness,mode,speechiness,acousticness,instrumentalness,liveness,valence,tempo,duration_ms,time_signature,release_date
                      columns.comments 
                      columns.types string:string:string:string:string:string:int:int:boolean:double:double:int:double:int:double:double:double:double:double:double:int:double:string
                      file.inputformat org.apache.hadoop.hive.ql.io.orc.OrcInputFormat
                      file.outputformat org.apache.hadoop.hive.ql.io.orc.OrcOutputFormat
                      location hdfs://hadoop-02.uni.innopolis.ru:8020/user/team11/project/hive/warehouse/tracks_part
                      name team11_projectdb.tracks_part
                      orc.compress SNAPPY
                      partition_columns year
                      partition_columns.types int
                      serialization.ddl struct tracks_part { string id, string name, string album, string album_id, string artists, string artist_ids, i32 track_number, i32 disc_number, bool explicit, double danceability, double energy, i32 key, double loudness, i32 mode, double speechiness, double acousticness, double instrumentalness, double liveness, double valence, double tempo, i32 duration_ms, double time_signature, string release_date}
                      serialization.format 1
                      serialization.lib org.apache.hadoop.hive.ql.io.orc.OrcSerde
                      transient_lastDdlTime 1778427516
                    serde: org.apache.hadoop.hive.ql.io.orc.OrcSerde
                    name: team11_projectdb.tracks_part
                  name: team11_projectdb.tracks_part
              hdfs://hadoop-02.uni.innopolis.ru:8020/user/team11/project/hive/warehouse/tracks_part/year=1970 
                Partition
                  base file name: year=1970
                  input format: org.apache.hadoop.hive.ql.io.orc.OrcInputFormat
                  output format: org.apache.hadoop.hive.ql.io.orc.OrcOutputFormat
                  partition values:
                    year 1970
                  properties:
                    COLUMN_STATS_ACCURATE {"BASIC_STATS":"true","COLUMN_STATS":{"acousticness":"true","album":"true","album_id":"true","artist_ids":"true","artists":"true","danceability":"true","disc_number":"true","duration_ms":"true","energy":"true","explicit":"true","id":"true","instrumentalness":"true","key":"true","liveness":"true","loudness":"true","mode":"true","name":"true","release_date":"true","speechiness":"true","tempo":"true","time_signature":"true","track_number":"true","valence":"true"}}
                    bucket_count 11
                    bucket_field_name id
                    file.inputformat org.apache.hadoop.hive.ql.io.orc.OrcInputFormat
                    file.outputformat org.apache.hadoop.hive.ql.io.orc.OrcOutputFormat
                    location hdfs://hadoop-02.uni.innopolis.ru:8020/user/team11/project/hive/warehouse/tracks_part/year=1970
                    name team11_projectdb.tracks_part
                    numFiles 11
                    numRows 1110
                    partition_columns year
                    partition_columns.types int
                    rawDataSize 946826
                    serialization.ddl struct tracks_part { string id, string name, string album, string album_id, string artists, string artist_ids, i32 track_number, i32 disc_number, bool explicit, double danceability, double energy, i32 key, double loudness, i32 mode, double speechiness, double acousticness, double instrumentalness, double liveness, double valence, double tempo, i32 duration_ms, double time_signature, string release_date}
                    serialization.format 1
                    serialization.lib org.apache.hadoop.hive.ql.io.orc.OrcSerde
                    totalSize 230675
                    transient_lastDdlTime 1778427549
                  serde: org.apache.hadoop.hive.ql.io.orc.OrcSerde
                
                    input format: org.apache.hadoop.hive.ql.io.orc.OrcInputFormat
                    output format: org.apache.hadoop.hive.ql.io.orc.OrcOutputFormat
                    properties:
                      EXTERNAL TRUE
                      bucket_count 11
                      bucket_field_name id
                      bucketing_version 2
                      column.name.delimiter ,
                      columns id,name,album,album_id,artists,artist_ids,track_number,disc_number,explicit,danceability,energy,key,loudness,mode,speechiness,acousticness,instrumentalness,liveness,valence,tempo,duration_ms,time_signature,release_date
                      columns.comments 
                      columns.types string:string:string:string:string:string:int:int:boolean:double:double:int:double:int:double:double:double:double:double:double:int:double:string
                      file.inputformat org.apache.hadoop.hive.ql.io.orc.OrcInputFormat
                      file.outputformat org.apache.hadoop.hive.ql.io.orc.OrcOutputFormat
                      location hdfs://hadoop-02.uni.innopolis.ru:8020/user/team11/project/hive/warehouse/tracks_part
                      name team11_projectdb.tracks_part
                      orc.compress SNAPPY
                      partition_columns year
                      partition_columns.types int
                      serialization.ddl struct tracks_part { string id, string name, string album, string album_id, string artists, string artist_ids, i32 track_number, i32 disc_number, bool explicit, double danceability, double energy, i32 key, double loudness, i32 mode, double speechiness, double acousticness, double instrumentalness, double liveness, double valence, double tempo, i32 duration_ms, double time_signature, string release_date}
                      serialization.format 1
                      serialization.lib org.apache.hadoop.hive.ql.io.orc.OrcSerde
                      transient_lastDdlTime 1778427516
                    serde: org.apache.hadoop.hive.ql.io.orc.OrcSerde
                    name: team11_projectdb.tracks_part
                  name: team11_projectdb.tracks_part
              hdfs://hadoop-02.uni.innopolis.ru:8020/user/team11/project/hive/warehouse/tracks_part/year=1971 
                Partition
                  base file name: year=1971
                  input format: org.apache.hadoop.hive.ql.io.orc.OrcInputFormat
                  output format: org.apache.hadoop.hive.ql.io.orc.OrcOutputFormat
                  partition values:
                    year 1971
                  properties:
                    COLUMN_STATS_ACCURATE {"BASIC_STATS":"true","COLUMN_STATS":{"acousticness":"true","album":"true","album_id":"true","artist_ids":"true","artists":"true","danceability":"true","disc_number":"true","duration_ms":"true","energy":"true","explicit":"true","id":"true","instrumentalness":"true","key":"true","liveness":"true","loudness":"true","mode":"true","name":"true","release_date":"true","speechiness":"true","tempo":"true","time_signature":"true","track_number":"true","valence":"true"}}
                    bucket_count 11
                    bucket_field_name id
                    file.inputformat org.apache.hadoop.hive.ql.io.orc.OrcInputFormat
                    file.outputformat org.apache.hadoop.hive.ql.io.orc.OrcOutputFormat
                    location hdfs://hadoop-02.uni.innopolis.ru:8020/user/team11/project/hive/warehouse/tracks_part/year=1971
                    name team11_projectdb.tracks_part
                    numFiles 11
                    numRows 1202
                    partition_columns year
                    partition_columns.types int
                    rawDataSize 1039653
                    serialization.ddl struct tracks_part { string id, string name, string album, string album_id, string artists, string artist_ids, i32 track_number, i32 disc_number, bool explicit, double danceability, double energy, i32 key, double loudness, i32 mode, double speechiness, double acousticness, double instrumentalness, double liveness, double valence, double tempo, i32 duration_ms, double time_signature, string release_date}
                    serialization.format 1
                    serialization.lib org.apache.hadoop.hive.ql.io.orc.OrcSerde
                    totalSize 251985
                    transient_lastDdlTime 1778427549
                  serde: org.apache.hadoop.hive.ql.io.orc.OrcSerde
                
                    input format: org.apache.hadoop.hive.ql.io.orc.OrcInputFormat
                    output format: org.apache.hadoop.hive.ql.io.orc.OrcOutputFormat
                    properties:
                      EXTERNAL TRUE
                      bucket_count 11
                      bucket_field_name id
                      bucketing_version 2
                      column.name.delimiter ,
                      columns id,name,album,album_id,artists,artist_ids,track_number,disc_number,explicit,danceability,energy,key,loudness,mode,speechiness,acousticness,instrumentalness,liveness,valence,tempo,duration_ms,time_signature,release_date
                      columns.comments 
                      columns.types string:string:string:string:string:string:int:int:boolean:double:double:int:double:int:double:double:double:double:double:double:int:double:string
                      file.inputformat org.apache.hadoop.hive.ql.io.orc.OrcInputFormat
                      file.outputformat org.apache.hadoop.hive.ql.io.orc.OrcOutputFormat
                      location hdfs://hadoop-02.uni.innopolis.ru:8020/user/team11/project/hive/warehouse/tracks_part
                      name team11_projectdb.tracks_part
                      orc.compress SNAPPY
                      partition_columns year
                      partition_columns.types int
                      serialization.ddl struct tracks_part { string id, string name, string album, string album_id, string artists, string artist_ids, i32 track_number, i32 disc_number, bool explicit, double danceability, double energy, i32 key, double loudness, i32 mode, double speechiness, double acousticness, double instrumentalness, double liveness, double valence, double tempo, i32 duration_ms, double time_signature, string release_date}
                      serialization.format 1
                      serialization.lib org.apache.hadoop.hive.ql.io.orc.OrcSerde
                      transient_lastDdlTime 1778427516
                    serde: org.apache.hadoop.hive.ql.io.orc.OrcSerde
                    name: team11_projectdb.tracks_part
                  name: team11_projectdb.tracks_part
              hdfs://hadoop-02.uni.innopolis.ru:8020/user/team11/project/hive/warehouse/tracks_part/year=1972 
                Partition
                  base file name: year=1972
                  input format: org.apache.hadoop.hive.ql.io.orc.OrcInputFormat
                  output format: org.apache.hadoop.hive.ql.io.orc.OrcOutputFormat
                  partition values:
                    year 1972
                  properties:
                    COLUMN_STATS_ACCURATE {"BASIC_STATS":"true","COLUMN_STATS":{"acousticness":"true","album":"true","album_id":"true","artist_ids":"true","artists":"true","danceability":"true","disc_number":"true","duration_ms":"true","energy":"true","explicit":"true","id":"true","instrumentalness":"true","key":"true","liveness":"true","loudness":"true","mode":"true","name":"true","release_date":"true","speechiness":"true","tempo":"true","time_signature":"true","track_number":"true","valence":"true"}}
                    bucket_count 11
                    bucket_field_name id
                    file.inputformat org.apache.hadoop.hive.ql.io.orc.OrcInputFormat
                    file.outputformat org.apache.hadoop.hive.ql.io.orc.OrcOutputFormat
                    location hdfs://hadoop-02.uni.innopolis.ru:8020/user/team11/project/hive/warehouse/tracks_part/year=1972
                    name team11_projectdb.tracks_part
                    numFiles 11
                    numRows 1938
                    partition_columns year
                    partition_columns.types int
                    rawDataSize 1652940
                    serialization.ddl struct tracks_part { string id, string name, string album, string album_id, string artists, string artist_ids, i32 track_number, i32 disc_number, bool explicit, double danceability, double energy, i32 key, double loudness, i32 mode, double speechiness, double acousticness, double instrumentalness, double liveness, double valence, double tempo, i32 duration_ms, double time_signature, string release_date}
                    serialization.format 1
                    serialization.lib org.apache.hadoop.hive.ql.io.orc.OrcSerde
                    totalSize 369979
                    transient_lastDdlTime 1778427549
                  serde: org.apache.hadoop.hive.ql.io.orc.OrcSerde
                
                    input format: org.apache.hadoop.hive.ql.io.orc.OrcInputFormat
                    output format: org.apache.hadoop.hive.ql.io.orc.OrcOutputFormat
                    properties:
                      EXTERNAL TRUE
                      bucket_count 11
                      bucket_field_name id
                      bucketing_version 2
                      column.name.delimiter ,
                      columns id,name,album,album_id,artists,artist_ids,track_number,disc_number,explicit,danceability,energy,key,loudness,mode,speechiness,acousticness,instrumentalness,liveness,valence,tempo,duration_ms,time_signature,release_date
                      columns.comments 
                      columns.types string:string:string:string:string:string:int:int:boolean:double:double:int:double:int:double:double:double:double:double:double:int:double:string
                      file.inputformat org.apache.hadoop.hive.ql.io.orc.OrcInputFormat
                      file.outputformat org.apache.hadoop.hive.ql.io.orc.OrcOutputFormat
                      location hdfs://hadoop-02.uni.innopolis.ru:8020/user/team11/project/hive/warehouse/tracks_part
                      name team11_projectdb.tracks_part
                      orc.compress SNAPPY
                      partition_columns year
                      partition_columns.types int
                      serialization.ddl struct tracks_part { string id, string name, string album, string album_id, string artists, string artist_ids, i32 track_number, i32 disc_number, bool explicit, double danceability, double energy, i32 key, double loudness, i32 mode, double speechiness, double acousticness, double instrumentalness, double liveness, double valence, double tempo, i32 duration_ms, double time_signature, string release_date}
                      serialization.format 1
                      serialization.lib org.apache.hadoop.hive.ql.io.orc.OrcSerde
                      transient_lastDdlTime 1778427516
                    serde: org.apache.hadoop.hive.ql.io.orc.OrcSerde
                    name: team11_projectdb.tracks_part
                  name: team11_projectdb.tracks_part
              hdfs://hadoop-02.uni.innopolis.ru:8020/user/team11/project/hive/warehouse/tracks_part/year=1973 
                Partition
                  base file name: year=1973
                  input format: org.apache.hadoop.hive.ql.io.orc.OrcInputFormat
                  output format: org.apache.hadoop.hive.ql.io.orc.OrcOutputFormat
                  partition values:
                    year 1973
                  properties:
                    COLUMN_STATS_ACCURATE {"BASIC_STATS":"true","COLUMN_STATS":{"acousticness":"true","album":"true","album_id":"true","artist_ids":"true","artists":"true","danceability":"true","disc_number":"true","duration_ms":"true","energy":"true","explicit":"true","id":"true","instrumentalness":"true","key":"true","liveness":"true","loudness":"true","mode":"true","name":"true","release_date":"true","speechiness":"true","tempo":"true","time_signature":"true","track_number":"true","valence":"true"}}
                    bucket_count 11
                    bucket_field_name id
                    file.inputformat org.apache.hadoop.hive.ql.io.orc.OrcInputFormat
                    file.outputformat org.apache.hadoop.hive.ql.io.orc.OrcOutputFormat
                    location hdfs://hadoop-02.uni.innopolis.ru:8020/user/team11/project/hive/warehouse/tracks_part/year=1973
                    name team11_projectdb.tracks_part
                    numFiles 11
                    numRows 1762
                    partition_columns year
                    partition_columns.types int
                    rawDataSize 1512711
                    serialization.ddl struct tracks_part { string id, string name, string album, string album_id, string artists, string artist_ids, i32 track_number, i32 disc_number, bool explicit, double danceability, double energy, i32 key, double loudness, i32 mode, double speechiness, double acousticness, double instrumentalness, double liveness, double valence, double tempo, i32 duration_ms, double time_signature, string release_date}
                    serialization.format 1
                    serialization.lib org.apache.hadoop.hive.ql.io.orc.OrcSerde
                    totalSize 342382
                    transient_lastDdlTime 1778427549
                  serde: org.apache.hadoop.hive.ql.io.orc.OrcSerde
                
                    input format: org.apache.hadoop.hive.ql.io.orc.OrcInputFormat
                    output format: org.apache.hadoop.hive.ql.io.orc.OrcOutputFormat
                    properties:
                      EXTERNAL TRUE
                      bucket_count 11
                      bucket_field_name id
                      bucketing_version 2
                      column.name.delimiter ,
                      columns id,name,album,album_id,artists,artist_ids,track_number,disc_number,explicit,danceability,energy,key,loudness,mode,speechiness,acousticness,instrumentalness,liveness,valence,tempo,duration_ms,time_signature,release_date
                      columns.comments 
                      columns.types string:string:string:string:string:string:int:int:boolean:double:double:int:double:int:double:double:double:double:double:double:int:double:string
                      file.inputformat org.apache.hadoop.hive.ql.io.orc.OrcInputFormat
                      file.outputformat org.apache.hadoop.hive.ql.io.orc.OrcOutputFormat
                      location hdfs://hadoop-02.uni.innopolis.ru:8020/user/team11/project/hive/warehouse/tracks_part
                      name team11_projectdb.tracks_part
                      orc.compress SNAPPY
                      partition_columns year
                      partition_columns.types int
                      serialization.ddl struct tracks_part { string id, string name, string album, string album_id, string artists, string artist_ids, i32 track_number, i32 disc_number, bool explicit, double danceability, double energy, i32 key, double loudness, i32 mode, double speechiness, double acousticness, double instrumentalness, double liveness, double valence, double tempo, i32 duration_ms, double time_signature, string release_date}
                      serialization.format 1
                      serialization.lib org.apache.hadoop.hive.ql.io.orc.OrcSerde
                      transient_lastDdlTime 1778427516
                    serde: org.apache.hadoop.hive.ql.io.orc.OrcSerde
                    name: team11_projectdb.tracks_part
                  name: team11_projectdb.tracks_part
              hdfs://hadoop-02.uni.innopolis.ru:8020/user/team11/project/hive/warehouse/tracks_part/year=1974 
                Partition
                  base file name: year=1974
                  input format: org.apache.hadoop.hive.ql.io.orc.OrcInputFormat
                  output format: org.apache.hadoop.hive.ql.io.orc.OrcOutputFormat
                  partition values:
                    year 1974
                  properties:
                    COLUMN_STATS_ACCURATE {"BASIC_STATS":"true","COLUMN_STATS":{"acousticness":"true","album":"true","album_id":"true","artist_ids":"true","artists":"true","danceability":"true","disc_number":"true","duration_ms":"true","energy":"true","explicit":"true","id":"true","instrumentalness":"true","key":"true","liveness":"true","loudness":"true","mode":"true","name":"true","release_date":"true","speechiness":"true","tempo":"true","time_signature":"true","track_number":"true","valence":"true"}}
                    bucket_count 11
                    bucket_field_name id
                    file.inputformat org.apache.hadoop.hive.ql.io.orc.OrcInputFormat
                    file.outputformat org.apache.hadoop.hive.ql.io.orc.OrcOutputFormat
                    location hdfs://hadoop-02.uni.innopolis.ru:8020/user/team11/project/hive/warehouse/tracks_part/year=1974
                    name team11_projectdb.tracks_part
                    numFiles 11
                    numRows 1389
                    partition_columns year
                    partition_columns.types int
                    rawDataSize 1192570
                    serialization.ddl struct tracks_part { string id, string name, string album, string album_id, string artists, string artist_ids, i32 track_number, i32 disc_number, bool explicit, double danceability, double energy, i32 key, double loudness, i32 mode, double speechiness, double acousticness, double instrumentalness, double liveness, double valence, double tempo, i32 duration_ms, double time_signature, string release_date}
                    serialization.format 1
                    serialization.lib org.apache.hadoop.hive.ql.io.orc.OrcSerde
                    totalSize 282387
                    transient_lastDdlTime 1778427549
                  serde: org.apache.hadoop.hive.ql.io.orc.OrcSerde
                
                    input format: org.apache.hadoop.hive.ql.io.orc.OrcInputFormat
                    output format: org.apache.hadoop.hive.ql.io.orc.OrcOutputFormat
                    properties:
                      EXTERNAL TRUE
                      bucket_count 11
                      bucket_field_name id
                      bucketing_version 2
                      column.name.delimiter ,
                      columns id,name,album,album_id,artists,artist_ids,track_number,disc_number,explicit,danceability,energy,key,loudness,mode,speechiness,acousticness,instrumentalness,liveness,valence,tempo,duration_ms,time_signature,release_date
                      columns.comments 
                      columns.types string:string:string:string:string:string:int:int:boolean:double:double:int:double:int:double:double:double:double:double:double:int:double:string
                      file.inputformat org.apache.hadoop.hive.ql.io.orc.OrcInputFormat
                      file.outputformat org.apache.hadoop.hive.ql.io.orc.OrcOutputFormat
                      location hdfs://hadoop-02.uni.innopolis.ru:8020/user/team11/project/hive/warehouse/tracks_part
                      name team11_projectdb.tracks_part
                      orc.compress SNAPPY
                      partition_columns year
                      partition_columns.types int
                      serialization.ddl struct tracks_part { string id, string name, string album, string album_id, string artists, string artist_ids, i32 track_number, i32 disc_number, bool explicit, double danceability, double energy, i32 key, double loudness, i32 mode, double speechiness, double acousticness, double instrumentalness, double liveness, double valence, double tempo, i32 duration_ms, double time_signature, string release_date}
                      serialization.format 1
                      serialization.lib org.apache.hadoop.hive.ql.io.orc.OrcSerde
                      transient_lastDdlTime 1778427516
                    serde: org.apache.hadoop.hive.ql.io.orc.OrcSerde
                    name: team11_projectdb.tracks_part
                  name: team11_projectdb.tracks_part
              hdfs://hadoop-02.uni.innopolis.ru:8020/user/team11/project/hive/warehouse/tracks_part/year=1975 
                Partition
                  base file name: year=1975
                  input format: org.apache.hadoop.hive.ql.io.orc.OrcInputFormat
                  output format: org.apache.hadoop.hive.ql.io.orc.OrcOutputFormat
                  partition values:
                    year 1975
                  properties:
                    COLUMN_STATS_ACCURATE {"BASIC_STATS":"true","COLUMN_STATS":{"acousticness":"true","album":"true","album_id":"true","artist_ids":"true","artists":"true","danceability":"true","disc_number":"true","duration_ms":"true","energy":"true","explicit":"true","id":"true","instrumentalness":"true","key":"true","liveness":"true","loudness":"true","mode":"true","name":"true","release_date":"true","speechiness":"true","tempo":"true","time_signature":"true","track_number":"true","valence":"true"}}
                    bucket_count 11
                    bucket_field_name id
                    file.inputformat org.apache.hadoop.hive.ql.io.orc.OrcInputFormat
                    file.outputformat org.apache.hadoop.hive.ql.io.orc.OrcOutputFormat
                    location hdfs://hadoop-02.uni.innopolis.ru:8020/user/team11/project/hive/warehouse/tracks_part/year=1975
                    name team11_projectdb.tracks_part
                    numFiles 11
                    numRows 1806
                    partition_columns year
                    partition_columns.types int
                    rawDataSize 1554169
                    serialization.ddl struct tracks_part { string id, string name, string album, string album_id, string artists, string artist_ids, i32 track_number, i32 disc_number, bool explicit, double danceability, double energy, i32 key, double loudness, i32 mode, double speechiness, double acousticness, double instrumentalness, double liveness, double valence, double tempo, i32 duration_ms, double time_signature, string release_date}
                    serialization.format 1
                    serialization.lib org.apache.hadoop.hive.ql.io.orc.OrcSerde
                    totalSize 356689
                    transient_lastDdlTime 1778427549
                  serde: org.apache.hadoop.hive.ql.io.orc.OrcSerde
                
                    input format: org.apache.hadoop.hive.ql.io.orc.OrcInputFormat
                    output format: org.apache.hadoop.hive.ql.io.orc.OrcOutputFormat
                    properties:
                      EXTERNAL TRUE
                      bucket_count 11
                      bucket_field_name id
                      bucketing_version 2
                      column.name.delimiter ,
                      columns id,name,album,album_id,artists,artist_ids,track_number,disc_number,explicit,danceability,energy,key,loudness,mode,speechiness,acousticness,instrumentalness,liveness,valence,tempo,duration_ms,time_signature,release_date
                      columns.comments 
                      columns.types string:string:string:string:string:string:int:int:boolean:double:double:int:double:int:double:double:double:double:double:double:int:double:string
                      file.inputformat org.apache.hadoop.hive.ql.io.orc.OrcInputFormat
                      file.outputformat org.apache.hadoop.hive.ql.io.orc.OrcOutputFormat
                      location hdfs://hadoop-02.uni.innopolis.ru:8020/user/team11/project/hive/warehouse/tracks_part
                      name team11_projectdb.tracks_part
                      orc.compress SNAPPY
                      partition_columns year
                      partition_columns.types int
                      serialization.ddl struct tracks_part { string id, string name, string album, string album_id, string artists, string artist_ids, i32 track_number, i32 disc_number, bool explicit, double danceability, double energy, i32 key, double loudness, i32 mode, double speechiness, double acousticness, double instrumentalness, double liveness, double valence, double tempo, i32 duration_ms, double time_signature, string release_date}
                      serialization.format 1
                      serialization.lib org.apache.hadoop.hive.ql.io.orc.OrcSerde
                      transient_lastDdlTime 1778427516
                    serde: org.apache.hadoop.hive.ql.io.orc.OrcSerde
                    name: team11_projectdb.tracks_part
                  name: team11_projectdb.tracks_part
              hdfs://hadoop-02.uni.innopolis.ru:8020/user/team11/project/hive/warehouse/tracks_part/year=1976 
                Partition
                  base file name: year=1976
                  input format: org.apache.hadoop.hive.ql.io.orc.OrcInputFormat
                  output format: org.apache.hadoop.hive.ql.io.orc.OrcOutputFormat
                  partition values:
                    year 1976
                  properties:
                    COLUMN_STATS_ACCURATE {"BASIC_STATS":"true","COLUMN_STATS":{"acousticness":"true","album":"true","album_id":"true","artist_ids":"true","artists":"true","danceability":"true","disc_number":"true","duration_ms":"true","energy":"true","explicit":"true","id":"true","instrumentalness":"true","key":"true","liveness":"true","loudness":"true","mode":"true","name":"true","release_date":"true","speechiness":"true","tempo":"true","time_signature":"true","track_number":"true","valence":"true"}}
                    bucket_count 11
                    bucket_field_name id
                    file.inputformat org.apache.hadoop.hive.ql.io.orc.OrcInputFormat
                    file.outputformat org.apache.hadoop.hive.ql.io.orc.OrcOutputFormat
                    location hdfs://hadoop-02.uni.innopolis.ru:8020/user/team11/project/hive/warehouse/tracks_part/year=1976
                    name team11_projectdb.tracks_part
                    numFiles 11
                    numRows 1985
                    partition_columns year
                    partition_columns.types int
                    rawDataSize 1717714
                    serialization.ddl struct tracks_part { string id, string name, string album, string album_id, string artists, string artist_ids, i32 track_number, i32 disc_number, bool explicit, double danceability, double energy, i32 key, double loudness, i32 mode, double speechiness, double acousticness, double instrumentalness, double liveness, double valence, double tempo, i32 duration_ms, double time_signature, string release_date}
                    serialization.format 1
                    serialization.lib org.apache.hadoop.hive.ql.io.orc.OrcSerde
                    totalSize 386755
                    transient_lastDdlTime 1778427549
                  serde: org.apache.hadoop.hive.ql.io.orc.OrcSerde
                
                    input format: org.apache.hadoop.hive.ql.io.orc.OrcInputFormat
                    output format: org.apache.hadoop.hive.ql.io.orc.OrcOutputFormat
                    properties:
                      EXTERNAL TRUE
                      bucket_count 11
                      bucket_field_name id
                      bucketing_version 2
                      column.name.delimiter ,
                      columns id,name,album,album_id,artists,artist_ids,track_number,disc_number,explicit,danceability,energy,key,loudness,mode,speechiness,acousticness,instrumentalness,liveness,valence,tempo,duration_ms,time_signature,release_date
                      columns.comments 
                      columns.types string:string:string:string:string:string:int:int:boolean:double:double:int:double:int:double:double:double:double:double:double:int:double:string
                      file.inputformat org.apache.hadoop.hive.ql.io.orc.OrcInputFormat
                      file.outputformat org.apache.hadoop.hive.ql.io.orc.OrcOutputFormat
                      location hdfs://hadoop-02.uni.innopolis.ru:8020/user/team11/project/hive/warehouse/tracks_part
                      name team11_projectdb.tracks_part
                      orc.compress SNAPPY
                      partition_columns year
                      partition_columns.types int
                      serialization.ddl struct tracks_part { string id, string name, string album, string album_id, string artists, string artist_ids, i32 track_number, i32 disc_number, bool explicit, double danceability, double energy, i32 key, double loudness, i32 mode, double speechiness, double acousticness, double instrumentalness, double liveness, double valence, double tempo, i32 duration_ms, double time_signature, string release_date}
                      serialization.format 1
                      serialization.lib org.apache.hadoop.hive.ql.io.orc.OrcSerde
                      transient_lastDdlTime 1778427516
                    serde: org.apache.hadoop.hive.ql.io.orc.OrcSerde
                    name: team11_projectdb.tracks_part
                  name: team11_projectdb.tracks_part
              hdfs://hadoop-02.uni.innopolis.ru:8020/user/team11/project/hive/warehouse/tracks_part/year=1977 
                Partition
                  base file name: year=1977
                  input format: org.apache.hadoop.hive.ql.io.orc.OrcInputFormat
                  output format: org.apache.hadoop.hive.ql.io.orc.OrcOutputFormat
                  partition values:
                    year 1977
                  properties:
                    COLUMN_STATS_ACCURATE {"BASIC_STATS":"true","COLUMN_STATS":{"acousticness":"true","album":"true","album_id":"true","artist_ids":"true","artists":"true","danceability":"true","disc_number":"true","duration_ms":"true","energy":"true","explicit":"true","id":"true","instrumentalness":"true","key":"true","liveness":"true","loudness":"true","mode":"true","name":"true","release_date":"true","speechiness":"true","tempo":"true","time_signature":"true","track_number":"true","valence":"true"}}
                    bucket_count 11
                    bucket_field_name id
                    file.inputformat org.apache.hadoop.hive.ql.io.orc.OrcInputFormat
                    file.outputformat org.apache.hadoop.hive.ql.io.orc.OrcOutputFormat
                    location hdfs://hadoop-02.uni.innopolis.ru:8020/user/team11/project/hive/warehouse/tracks_part/year=1977
                    name team11_projectdb.tracks_part
                    numFiles 11
                    numRows 1962
                    partition_columns year
                    partition_columns.types int
                    rawDataSize 1654744
                    serialization.ddl struct tracks_part { string id, string name, string album, string album_id, string artists, string artist_ids, i32 track_number, i32 disc_number, bool explicit, double danceability, double energy, i32 key, double loudness, i32 mode, double speechiness, double acousticness, double instrumentalness, double liveness, double valence, double tempo, i32 duration_ms, double time_signature, string release_date}
                    serialization.format 1
                    serialization.lib org.apache.hadoop.hive.ql.io.orc.OrcSerde
                    totalSize 363638
                    transient_lastDdlTime 1778427549
                  serde: org.apache.hadoop.hive.ql.io.orc.OrcSerde
                
                    input format: org.apache.hadoop.hive.ql.io.orc.OrcInputFormat
                    output format: org.apache.hadoop.hive.ql.io.orc.OrcOutputFormat
                    properties:
                      EXTERNAL TRUE
                      bucket_count 11
                      bucket_field_name id
                      bucketing_version 2
                      column.name.delimiter ,
                      columns id,name,album,album_id,artists,artist_ids,track_number,disc_number,explicit,danceability,energy,key,loudness,mode,speechiness,acousticness,instrumentalness,liveness,valence,tempo,duration_ms,time_signature,release_date
                      columns.comments 
                      columns.types string:string:string:string:string:string:int:int:boolean:double:double:int:double:int:double:double:double:double:double:double:int:double:string
                      file.inputformat org.apache.hadoop.hive.ql.io.orc.OrcInputFormat
                      file.outputformat org.apache.hadoop.hive.ql.io.orc.OrcOutputFormat
                      location hdfs://hadoop-02.uni.innopolis.ru:8020/user/team11/project/hive/warehouse/tracks_part
                      name team11_projectdb.tracks_part
                      orc.compress SNAPPY
                      partition_columns year
                      partition_columns.types int
                      serialization.ddl struct tracks_part { string id, string name, string album, string album_id, string artists, string artist_ids, i32 track_number, i32 disc_number, bool explicit, double danceability, double energy, i32 key, double loudness, i32 mode, double speechiness, double acousticness, double instrumentalness, double liveness, double valence, double tempo, i32 duration_ms, double time_signature, string release_date}
                      serialization.format 1
                      serialization.lib org.apache.hadoop.hive.ql.io.orc.OrcSerde
                      transient_lastDdlTime 1778427516
                    serde: org.apache.hadoop.hive.ql.io.orc.OrcSerde
                    name: team11_projectdb.tracks_part
                  name: team11_projectdb.tracks_part
              hdfs://hadoop-02.uni.innopolis.ru:8020/user/team11/project/hive/warehouse/tracks_part/year=1978 
                Partition
                  base file name: year=1978
                  input format: org.apache.hadoop.hive.ql.io.orc.OrcInputFormat
                  output format: org.apache.hadoop.hive.ql.io.orc.OrcOutputFormat
                  partition values:
                    year 1978
                  properties:
                    COLUMN_STATS_ACCURATE {"BASIC_STATS":"true","COLUMN_STATS":{"acousticness":"true","album":"true","album_id":"true","artist_ids":"true","artists":"true","danceability":"true","disc_number":"true","duration_ms":"true","energy":"true","explicit":"true","id":"true","instrumentalness":"true","key":"true","liveness":"true","loudness":"true","mode":"true","name":"true","release_date":"true","speechiness":"true","tempo":"true","time_signature":"true","track_number":"true","valence":"true"}}
                    bucket_count 11
                    bucket_field_name id
                    file.inputformat org.apache.hadoop.hive.ql.io.orc.OrcInputFormat
                    file.outputformat org.apache.hadoop.hive.ql.io.orc.OrcOutputFormat
                    location hdfs://hadoop-02.uni.innopolis.ru:8020/user/team11/project/hive/warehouse/tracks_part/year=1978
                    name team11_projectdb.tracks_part
                    numFiles 11
                    numRows 1923
                    partition_columns year
                    partition_columns.types int
                    rawDataSize 1661914
                    serialization.ddl struct tracks_part { string id, string name, string album, string album_id, string artists, string artist_ids, i32 track_number, i32 disc_number, bool explicit, double danceability, double energy, i32 key, double loudness, i32 mode, double speechiness, double acousticness, double instrumentalness, double liveness, double valence, double tempo, i32 duration_ms, double time_signature, string release_date}
                    serialization.format 1
                    serialization.lib org.apache.hadoop.hive.ql.io.orc.OrcSerde
                    totalSize 391625
                    transient_lastDdlTime 1778427549
                  serde: org.apache.hadoop.hive.ql.io.orc.OrcSerde
                
                    input format: org.apache.hadoop.hive.ql.io.orc.OrcInputFormat
                    output format: org.apache.hadoop.hive.ql.io.orc.OrcOutputFormat
                    properties:
                      EXTERNAL TRUE
                      bucket_count 11
                      bucket_field_name id
                      bucketing_version 2
                      column.name.delimiter ,
                      columns id,name,album,album_id,artists,artist_ids,track_number,disc_number,explicit,danceability,energy,key,loudness,mode,speechiness,acousticness,instrumentalness,liveness,valence,tempo,duration_ms,time_signature,release_date
                      columns.comments 
                      columns.types string:string:string:string:string:string:int:int:boolean:double:double:int:double:int:double:double:double:double:double:double:int:double:string
                      file.inputformat org.apache.hadoop.hive.ql.io.orc.OrcInputFormat
                      file.outputformat org.apache.hadoop.hive.ql.io.orc.OrcOutputFormat
                      location hdfs://hadoop-02.uni.innopolis.ru:8020/user/team11/project/hive/warehouse/tracks_part
                      name team11_projectdb.tracks_part
                      orc.compress SNAPPY
                      partition_columns year
                      partition_columns.types int
                      serialization.ddl struct tracks_part { string id, string name, string album, string album_id, string artists, string artist_ids, i32 track_number, i32 disc_number, bool explicit, double danceability, double energy, i32 key, double loudness, i32 mode, double speechiness, double acousticness, double instrumentalness, double liveness, double valence, double tempo, i32 duration_ms, double time_signature, string release_date}
                      serialization.format 1
                      serialization.lib org.apache.hadoop.hive.ql.io.orc.OrcSerde
                      transient_lastDdlTime 1778427516
                    serde: org.apache.hadoop.hive.ql.io.orc.OrcSerde
                    name: team11_projectdb.tracks_part
                  name: team11_projectdb.tracks_part
              hdfs://hadoop-02.uni.innopolis.ru:8020/user/team11/project/hive/warehouse/tracks_part/year=1979 
                Partition
                  base file name: year=1979
                  input format: org.apache.hadoop.hive.ql.io.orc.OrcInputFormat
                  output format: org.apache.hadoop.hive.ql.io.orc.OrcOutputFormat
                  partition values:
                    year 1979
                  properties:
                    COLUMN_STATS_ACCURATE {"BASIC_STATS":"true","COLUMN_STATS":{"acousticness":"true","album":"true","album_id":"true","artist_ids":"true","artists":"true","danceability":"true","disc_number":"true","duration_ms":"true","energy":"true","explicit":"true","id":"true","instrumentalness":"true","key":"true","liveness":"true","loudness":"true","mode":"true","name":"true","release_date":"true","speechiness":"true","tempo":"true","time_signature":"true","track_number":"true","valence":"true"}}
                    bucket_count 11
                    bucket_field_name id
                    file.inputformat org.apache.hadoop.hive.ql.io.orc.OrcInputFormat
                    file.outputformat org.apache.hadoop.hive.ql.io.orc.OrcOutputFormat
                    location hdfs://hadoop-02.uni.innopolis.ru:8020/user/team11/project/hive/warehouse/tracks_part/year=1979
                    name team11_projectdb.tracks_part
                    numFiles 11
                    numRows 2106
                    partition_columns year
                    partition_columns.types int
                    rawDataSize 1809152
                    serialization.ddl struct tracks_part { string id, string name, string album, string album_id, string artists, string artist_ids, i32 track_number, i32 disc_number, bool explicit, double danceability, double energy, i32 key, double loudness, i32 mode, double speechiness, double acousticness, double instrumentalness, double liveness, double valence, double tempo, i32 duration_ms, double time_signature, string release_date}
                    serialization.format 1
                    serialization.lib org.apache.hadoop.hive.ql.io.orc.OrcSerde
                    totalSize 397270
                    transient_lastDdlTime 1778427549
                  serde: org.apache.hadoop.hive.ql.io.orc.OrcSerde
                
                    input format: org.apache.hadoop.hive.ql.io.orc.OrcInputFormat
                    output format: org.apache.hadoop.hive.ql.io.orc.OrcOutputFormat
                    properties:
                      EXTERNAL TRUE
                      bucket_count 11
                      bucket_field_name id
                      bucketing_version 2
                      column.name.delimiter ,
                      columns id,name,album,album_id,artists,artist_ids,track_number,disc_number,explicit,danceability,energy,key,loudness,mode,speechiness,acousticness,instrumentalness,liveness,valence,tempo,duration_ms,time_signature,release_date
                      columns.comments 
                      columns.types string:string:string:string:string:string:int:int:boolean:double:double:int:double:int:double:double:double:double:double:double:int:double:string
                      file.inputformat org.apache.hadoop.hive.ql.io.orc.OrcInputFormat
                      file.outputformat org.apache.hadoop.hive.ql.io.orc.OrcOutputFormat
                      location hdfs://hadoop-02.uni.innopolis.ru:8020/user/team11/project/hive/warehouse/tracks_part
                      name team11_projectdb.tracks_part
                      orc.compress SNAPPY
                      partition_columns year
                      partition_columns.types int
                      serialization.ddl struct tracks_part { string id, string name, string album, string album_id, string artists, string artist_ids, i32 track_number, i32 disc_number, bool explicit, double danceability, double energy, i32 key, double loudness, i32 mode, double speechiness, double acousticness, double instrumentalness, double liveness, double valence, double tempo, i32 duration_ms, double time_signature, string release_date}
                      serialization.format 1
                      serialization.lib org.apache.hadoop.hive.ql.io.orc.OrcSerde
                      transient_lastDdlTime 1778427516
                    serde: org.apache.hadoop.hive.ql.io.orc.OrcSerde
                    name: team11_projectdb.tracks_part
                  name: team11_projectdb.tracks_part
              hdfs://hadoop-02.uni.innopolis.ru:8020/user/team11/project/hive/warehouse/tracks_part/year=1980 
                Partition
                  base file name: year=1980
                  input format: org.apache.hadoop.hive.ql.io.orc.OrcInputFormat
                  output format: org.apache.hadoop.hive.ql.io.orc.OrcOutputFormat
                  partition values:
                    year 1980
                  properties:
                    COLUMN_STATS_ACCURATE {"BASIC_STATS":"true","COLUMN_STATS":{"acousticness":"true","album":"true","album_id":"true","artist_ids":"true","artists":"true","danceability":"true","disc_number":"true","duration_ms":"true","energy":"true","explicit":"true","id":"true","instrumentalness":"true","key":"true","liveness":"true","loudness":"true","mode":"true","name":"true","release_date":"true","speechiness":"true","tempo":"true","time_signature":"true","track_number":"true","valence":"true"}}
                    bucket_count 11
                    bucket_field_name id
                    file.inputformat org.apache.hadoop.hive.ql.io.orc.OrcInputFormat
                    file.outputformat org.apache.hadoop.hive.ql.io.orc.OrcOutputFormat
                    location hdfs://hadoop-02.uni.innopolis.ru:8020/user/team11/project/hive/warehouse/tracks_part/year=1980
                    name team11_projectdb.tracks_part
                    numFiles 11
                    numRows 2119
                    partition_columns year
                    partition_columns.types int
                    rawDataSize 1774531
                    serialization.ddl struct tracks_part { string id, string name, string album, string album_id, string artists, string artist_ids, i32 track_number, i32 disc_number, bool explicit, double danceability, double energy, i32 key, double loudness, i32 mode, double speechiness, double acousticness, double instrumentalness, double liveness, double valence, double tempo, i32 duration_ms, double time_signature, string release_date}
                    serialization.format 1
                    serialization.lib org.apache.hadoop.hive.ql.io.orc.OrcSerde
                    totalSize 382708
                    transient_lastDdlTime 1778427549
                  serde: org.apache.hadoop.hive.ql.io.orc.OrcSerde
                
                    input format: org.apache.hadoop.hive.ql.io.orc.OrcInputFormat
                    output format: org.apache.hadoop.hive.ql.io.orc.OrcOutputFormat
                    properties:
                      EXTERNAL TRUE
                      bucket_count 11
                      bucket_field_name id
                      bucketing_version 2
                      column.name.delimiter ,
                      columns id,name,album,album_id,artists,artist_ids,track_number,disc_number,explicit,danceability,energy,key,loudness,mode,speechiness,acousticness,instrumentalness,liveness,valence,tempo,duration_ms,time_signature,release_date
                      columns.comments 
                      columns.types string:string:string:string:string:string:int:int:boolean:double:double:int:double:int:double:double:double:double:double:double:int:double:string
                      file.inputformat org.apache.hadoop.hive.ql.io.orc.OrcInputFormat
                      file.outputformat org.apache.hadoop.hive.ql.io.orc.OrcOutputFormat
                      location hdfs://hadoop-02.uni.innopolis.ru:8020/user/team11/project/hive/warehouse/tracks_part
                      name team11_projectdb.tracks_part
                      orc.compress SNAPPY
                      partition_columns year
                      partition_columns.types int
                      serialization.ddl struct tracks_part { string id, string name, string album, string album_id, string artists, string artist_ids, i32 track_number, i32 disc_number, bool explicit, double danceability, double energy, i32 key, double loudness, i32 mode, double speechiness, double acousticness, double instrumentalness, double liveness, double valence, double tempo, i32 duration_ms, double time_signature, string release_date}
                      serialization.format 1
                      serialization.lib org.apache.hadoop.hive.ql.io.orc.OrcSerde
                      transient_lastDdlTime 1778427516
                    serde: org.apache.hadoop.hive.ql.io.orc.OrcSerde
                    name: team11_projectdb.tracks_part
                  name: team11_projectdb.tracks_part
              hdfs://hadoop-02.uni.innopolis.ru:8020/user/team11/project/hive/warehouse/tracks_part/year=1981 
                Partition
                  base file name: year=1981
                  input format: org.apache.hadoop.hive.ql.io.orc.OrcInputFormat
                  output format: org.apache.hadoop.hive.ql.io.orc.OrcOutputFormat
                  partition values:
                    year 1981
                  properties:
                    COLUMN_STATS_ACCURATE {"BASIC_STATS":"true","COLUMN_STATS":{"acousticness":"true","album":"true","album_id":"true","artist_ids":"true","artists":"true","danceability":"true","disc_number":"true","duration_ms":"true","energy":"true","explicit":"true","id":"true","instrumentalness":"true","key":"true","liveness":"true","loudness":"true","mode":"true","name":"true","release_date":"true","speechiness":"true","tempo":"true","time_signature":"true","track_number":"true","valence":"true"}}
                    bucket_count 11
                    bucket_field_name id
                    file.inputformat org.apache.hadoop.hive.ql.io.orc.OrcInputFormat
                    file.outputformat org.apache.hadoop.hive.ql.io.orc.OrcOutputFormat
                    location hdfs://hadoop-02.uni.innopolis.ru:8020/user/team11/project/hive/warehouse/tracks_part/year=1981
                    name team11_projectdb.tracks_part
                    numFiles 11
                    numRows 1897
                    partition_columns year
                    partition_columns.types int
                    rawDataSize 1615624
                    serialization.ddl struct tracks_part { string id, string name, string album, string album_id, string artists, string artist_ids, i32 track_number, i32 disc_number, bool explicit, double danceability, double energy, i32 key, double loudness, i32 mode, double speechiness, double acousticness, double instrumentalness, double liveness, double valence, double tempo, i32 duration_ms, double time_signature, string release_date}
                    serialization.format 1
                    serialization.lib org.apache.hadoop.hive.ql.io.orc.OrcSerde
                    totalSize 360130
                    transient_lastDdlTime 1778427549
                  serde: org.apache.hadoop.hive.ql.io.orc.OrcSerde
                
                    input format: org.apache.hadoop.hive.ql.io.orc.OrcInputFormat
                    output format: org.apache.hadoop.hive.ql.io.orc.OrcOutputFormat
                    properties:
                      EXTERNAL TRUE
                      bucket_count 11
                      bucket_field_name id
                      bucketing_version 2
                      column.name.delimiter ,
                      columns id,name,album,album_id,artists,artist_ids,track_number,disc_number,explicit,danceability,energy,key,loudness,mode,speechiness,acousticness,instrumentalness,liveness,valence,tempo,duration_ms,time_signature,release_date
                      columns.comments 
                      columns.types string:string:string:string:string:string:int:int:boolean:double:double:int:double:int:double:double:double:double:double:double:int:double:string
                      file.inputformat org.apache.hadoop.hive.ql.io.orc.OrcInputFormat
                      file.outputformat org.apache.hadoop.hive.ql.io.orc.OrcOutputFormat
                      location hdfs://hadoop-02.uni.innopolis.ru:8020/user/team11/project/hive/warehouse/tracks_part
                      name team11_projectdb.tracks_part
                      orc.compress SNAPPY
                      partition_columns year
                      partition_columns.types int
                      serialization.ddl struct tracks_part { string id, string name, string album, string album_id, string artists, string artist_ids, i32 track_number, i32 disc_number, bool explicit, double danceability, double energy, i32 key, double loudness, i32 mode, double speechiness, double acousticness, double instrumentalness, double liveness, double valence, double tempo, i32 duration_ms, double time_signature, string release_date}
                      serialization.format 1
                      serialization.lib org.apache.hadoop.hive.ql.io.orc.OrcSerde
                      transient_lastDdlTime 1778427516
                    serde: org.apache.hadoop.hive.ql.io.orc.OrcSerde
                    name: team11_projectdb.tracks_part
                  name: team11_projectdb.tracks_part
              hdfs://hadoop-02.uni.innopolis.ru:8020/user/team11/project/hive/warehouse/tracks_part/year=1982 
                Partition
                  base file name: year=1982
                  input format: org.apache.hadoop.hive.ql.io.orc.OrcInputFormat
                  output format: org.apache.hadoop.hive.ql.io.orc.OrcOutputFormat
                  partition values:
                    year 1982
                  properties:
                    COLUMN_STATS_ACCURATE {"BASIC_STATS":"true","COLUMN_STATS":{"acousticness":"true","album":"true","album_id":"true","artist_ids":"true","artists":"true","danceability":"true","disc_number":"true","duration_ms":"true","energy":"true","explicit":"true","id":"true","instrumentalness":"true","key":"true","liveness":"true","loudness":"true","mode":"true","name":"true","release_date":"true","speechiness":"true","tempo":"true","time_signature":"true","track_number":"true","valence":"true"}}
                    bucket_count 11
                    bucket_field_name id
                    file.inputformat org.apache.hadoop.hive.ql.io.orc.OrcInputFormat
                    file.outputformat org.apache.hadoop.hive.ql.io.orc.OrcOutputFormat
                    location hdfs://hadoop-02.uni.innopolis.ru:8020/user/team11/project/hive/warehouse/tracks_part/year=1982
                    name team11_projectdb.tracks_part
                    numFiles 11
                    numRows 1754
                    partition_columns year
                    partition_columns.types int
                    rawDataSize 1484721
                    serialization.ddl struct tracks_part { string id, string name, string album, string album_id, string artists, string artist_ids, i32 track_number, i32 disc_number, bool explicit, double danceability, double energy, i32 key, double loudness, i32 mode, double speechiness, double acousticness, double instrumentalness, double liveness, double valence, double tempo, i32 duration_ms, double time_signature, string release_date}
                    serialization.format 1
                    serialization.lib org.apache.hadoop.hive.ql.io.orc.OrcSerde
                    totalSize 344928
                    transient_lastDdlTime 1778427549
                  serde: org.apache.hadoop.hive.ql.io.orc.OrcSerde
                
                    input format: org.apache.hadoop.hive.ql.io.orc.OrcInputFormat
                    output format: org.apache.hadoop.hive.ql.io.orc.OrcOutputFormat
                    properties:
                      EXTERNAL TRUE
                      bucket_count 11
                      bucket_field_name id
                      bucketing_version 2
                      column.name.delimiter ,
                      columns id,name,album,album_id,artists,artist_ids,track_number,disc_number,explicit,danceability,energy,key,loudness,mode,speechiness,acousticness,instrumentalness,liveness,valence,tempo,duration_ms,time_signature,release_date
                      columns.comments 
                      columns.types string:string:string:string:string:string:int:int:boolean:double:double:int:double:int:double:double:double:double:double:double:int:double:string
                      file.inputformat org.apache.hadoop.hive.ql.io.orc.OrcInputFormat
                      file.outputformat org.apache.hadoop.hive.ql.io.orc.OrcOutputFormat
                      location hdfs://hadoop-02.uni.innopolis.ru:8020/user/team11/project/hive/warehouse/tracks_part
                      name team11_projectdb.tracks_part
                      orc.compress SNAPPY
                      partition_columns year
                      partition_columns.types int
                      serialization.ddl struct tracks_part { string id, string name, string album, string album_id, string artists, string artist_ids, i32 track_number, i32 disc_number, bool explicit, double danceability, double energy, i32 key, double loudness, i32 mode, double speechiness, double acousticness, double instrumentalness, double liveness, double valence, double tempo, i32 duration_ms, double time_signature, string release_date}
                      serialization.format 1
                      serialization.lib org.apache.hadoop.hive.ql.io.orc.OrcSerde
                      transient_lastDdlTime 1778427516
                    serde: org.apache.hadoop.hive.ql.io.orc.OrcSerde
                    name: team11_projectdb.tracks_part
                  name: team11_projectdb.tracks_part
              hdfs://hadoop-02.uni.innopolis.ru:8020/user/team11/project/hive/warehouse/tracks_part/year=1983 
                Partition
                  base file name: year=1983
                  input format: org.apache.hadoop.hive.ql.io.orc.OrcInputFormat
                  output format: org.apache.hadoop.hive.ql.io.orc.OrcOutputFormat
                  partition values:
                    year 1983
                  properties:
                    COLUMN_STATS_ACCURATE {"BASIC_STATS":"true","COLUMN_STATS":{"acousticness":"true","album":"true","album_id":"true","artist_ids":"true","artists":"true","danceability":"true","disc_number":"true","duration_ms":"true","energy":"true","explicit":"true","id":"true","instrumentalness":"true","key":"true","liveness":"true","loudness":"true","mode":"true","name":"true","release_date":"true","speechiness":"true","tempo":"true","time_signature":"true","track_number":"true","valence":"true"}}
                    bucket_count 11
                    bucket_field_name id
                    file.inputformat org.apache.hadoop.hive.ql.io.orc.OrcInputFormat
                    file.outputformat org.apache.hadoop.hive.ql.io.orc.OrcOutputFormat
                    location hdfs://hadoop-02.uni.innopolis.ru:8020/user/team11/project/hive/warehouse/tracks_part/year=1983
                    name team11_projectdb.tracks_part
                    numFiles 11
                    numRows 1977
                    partition_columns year
                    partition_columns.types int
                    rawDataSize 1652623
                    serialization.ddl struct tracks_part { string id, string name, string album, string album_id, string artists, string artist_ids, i32 track_number, i32 disc_number, bool explicit, double danceability, double energy, i32 key, double loudness, i32 mode, double speechiness, double acousticness, double instrumentalness, double liveness, double valence, double tempo, i32 duration_ms, double time_signature, string release_date}
                    serialization.format 1
                    serialization.lib org.apache.hadoop.hive.ql.io.orc.OrcSerde
                    totalSize 362398
                    transient_lastDdlTime 1778427549
                  serde: org.apache.hadoop.hive.ql.io.orc.OrcSerde
                
                    input format: org.apache.hadoop.hive.ql.io.orc.OrcInputFormat
                    output format: org.apache.hadoop.hive.ql.io.orc.OrcOutputFormat
                    properties:
                      EXTERNAL TRUE
                      bucket_count 11
                      bucket_field_name id
                      bucketing_version 2
                      column.name.delimiter ,
                      columns id,name,album,album_id,artists,artist_ids,track_number,disc_number,explicit,danceability,energy,key,loudness,mode,speechiness,acousticness,instrumentalness,liveness,valence,tempo,duration_ms,time_signature,release_date
                      columns.comments 
                      columns.types string:string:string:string:string:string:int:int:boolean:double:double:int:double:int:double:double:double:double:double:double:int:double:string
                      file.inputformat org.apache.hadoop.hive.ql.io.orc.OrcInputFormat
                      file.outputformat org.apache.hadoop.hive.ql.io.orc.OrcOutputFormat
                      location hdfs://hadoop-02.uni.innopolis.ru:8020/user/team11/project/hive/warehouse/tracks_part
                      name team11_projectdb.tracks_part
                      orc.compress SNAPPY
                      partition_columns year
                      partition_columns.types int
                      serialization.ddl struct tracks_part { string id, string name, string album, string album_id, string artists, string artist_ids, i32 track_number, i32 disc_number, bool explicit, double danceability, double energy, i32 key, double loudness, i32 mode, double speechiness, double acousticness, double instrumentalness, double liveness, double valence, double tempo, i32 duration_ms, double time_signature, string release_date}
                      serialization.format 1
                      serialization.lib org.apache.hadoop.hive.ql.io.orc.OrcSerde
                      transient_lastDdlTime 1778427516
                    serde: org.apache.hadoop.hive.ql.io.orc.OrcSerde
                    name: team11_projectdb.tracks_part
                  name: team11_projectdb.tracks_part
              hdfs://hadoop-02.uni.innopolis.ru:8020/user/team11/project/hive/warehouse/tracks_part/year=1984 
                Partition
                  base file name: year=1984
                  input format: org.apache.hadoop.hive.ql.io.orc.OrcInputFormat
                  output format: org.apache.hadoop.hive.ql.io.orc.OrcOutputFormat
                  partition values:
                    year 1984
                  properties:
                    COLUMN_STATS_ACCURATE {"BASIC_STATS":"true","COLUMN_STATS":{"acousticness":"true","album":"true","album_id":"true","artist_ids":"true","artists":"true","danceability":"true","disc_number":"true","duration_ms":"true","energy":"true","explicit":"true","id":"true","instrumentalness":"true","key":"true","liveness":"true","loudness":"true","mode":"true","name":"true","release_date":"true","speechiness":"true","tempo":"true","time_signature":"true","track_number":"true","valence":"true"}}
                    bucket_count 11
                    bucket_field_name id
                    file.inputformat org.apache.hadoop.hive.ql.io.orc.OrcInputFormat
                    file.outputformat org.apache.hadoop.hive.ql.io.orc.OrcOutputFormat
                    location hdfs://hadoop-02.uni.innopolis.ru:8020/user/team11/project/hive/warehouse/tracks_part/year=1984
                    name team11_projectdb.tracks_part
                    numFiles 11
                    numRows 2571
                    partition_columns year
                    partition_columns.types int
                    rawDataSize 2215046
                    serialization.ddl struct tracks_part { string id, string name, string album, string album_id, string artists, string artist_ids, i32 track_number, i32 disc_number, bool explicit, double danceability, double energy, i32 key, double loudness, i32 mode, double speechiness, double acousticness, double instrumentalness, double liveness, double valence, double tempo, i32 duration_ms, double time_signature, string release_date}
                    serialization.format 1
                    serialization.lib org.apache.hadoop.hive.ql.io.orc.OrcSerde
                    totalSize 484713
                    transient_lastDdlTime 1778427549
                  serde: org.apache.hadoop.hive.ql.io.orc.OrcSerde
                
                    input format: org.apache.hadoop.hive.ql.io.orc.OrcInputFormat
                    output format: org.apache.hadoop.hive.ql.io.orc.OrcOutputFormat
                    properties:
                      EXTERNAL TRUE
                      bucket_count 11
                      bucket_field_name id
                      bucketing_version 2
                      column.name.delimiter ,
                      columns id,name,album,album_id,artists,artist_ids,track_number,disc_number,explicit,danceability,energy,key,loudness,mode,speechiness,acousticness,instrumentalness,liveness,valence,tempo,duration_ms,time_signature,release_date
                      columns.comments 
                      columns.types string:string:string:string:string:string:int:int:boolean:double:double:int:double:int:double:double:double:double:double:double:int:double:string
                      file.inputformat org.apache.hadoop.hive.ql.io.orc.OrcInputFormat
                      file.outputformat org.apache.hadoop.hive.ql.io.orc.OrcOutputFormat
                      location hdfs://hadoop-02.uni.innopolis.ru:8020/user/team11/project/hive/warehouse/tracks_part
                      name team11_projectdb.tracks_part
                      orc.compress SNAPPY
                      partition_columns year
                      partition_columns.types int
                      serialization.ddl struct tracks_part { string id, string name, string album, string album_id, string artists, string artist_ids, i32 track_number, i32 disc_number, bool explicit, double danceability, double energy, i32 key, double loudness, i32 mode, double speechiness, double acousticness, double instrumentalness, double liveness, double valence, double tempo, i32 duration_ms, double time_signature, string release_date}
                      serialization.format 1
                      serialization.lib org.apache.hadoop.hive.ql.io.orc.OrcSerde
                      transient_lastDdlTime 1778427516
                    serde: org.apache.hadoop.hive.ql.io.orc.OrcSerde
                    name: team11_projectdb.tracks_part
                  name: team11_projectdb.tracks_part
              hdfs://hadoop-02.uni.innopolis.ru:8020/user/team11/project/hive/warehouse/tracks_part/year=1985 
                Partition
                  base file name: year=1985
                  input format: org.apache.hadoop.hive.ql.io.orc.OrcInputFormat
                  output format: org.apache.hadoop.hive.ql.io.orc.OrcOutputFormat
                  partition values:
                    year 1985
                  properties:
                    COLUMN_STATS_ACCURATE {"BASIC_STATS":"true","COLUMN_STATS":{"acousticness":"true","album":"true","album_id":"true","artist_ids":"true","artists":"true","danceability":"true","disc_number":"true","duration_ms":"true","energy":"true","explicit":"true","id":"true","instrumentalness":"true","key":"true","liveness":"true","loudness":"true","mode":"true","name":"true","release_date":"true","speechiness":"true","tempo":"true","time_signature":"true","track_number":"true","valence":"true"}}
                    bucket_count 11
                    bucket_field_name id
                    file.inputformat org.apache.hadoop.hive.ql.io.orc.OrcInputFormat
                    file.outputformat org.apache.hadoop.hive.ql.io.orc.OrcOutputFormat
                    location hdfs://hadoop-02.uni.innopolis.ru:8020/user/team11/project/hive/warehouse/tracks_part/year=1985
                    name team11_projectdb.tracks_part
                    numFiles 11
                    numRows 2596
                    partition_columns year
                    partition_columns.types int
                    rawDataSize 2226240
                    serialization.ddl struct tracks_part { string id, string name, string album, string album_id, string artists, string artist_ids, i32 track_number, i32 disc_number, bool explicit, double danceability, double energy, i32 key, double loudness, i32 mode, double speechiness, double acousticness, double instrumentalness, double liveness, double valence, double tempo, i32 duration_ms, double time_signature, string release_date}
                    serialization.format 1
                    serialization.lib org.apache.hadoop.hive.ql.io.orc.OrcSerde
                    totalSize 474446
                    transient_lastDdlTime 1778427549
                  serde: org.apache.hadoop.hive.ql.io.orc.OrcSerde
                
                    input format: org.apache.hadoop.hive.ql.io.orc.OrcInputFormat
                    output format: org.apache.hadoop.hive.ql.io.orc.OrcOutputFormat
                    properties:
                      EXTERNAL TRUE
                      bucket_count 11
                      bucket_field_name id
                      bucketing_version 2
                      column.name.delimiter ,
                      columns id,name,album,album_id,artists,artist_ids,track_number,disc_number,explicit,danceability,energy,key,loudness,mode,speechiness,acousticness,instrumentalness,liveness,valence,tempo,duration_ms,time_signature,release_date
                      columns.comments 
                      columns.types string:string:string:string:string:string:int:int:boolean:double:double:int:double:int:double:double:double:double:double:double:int:double:string
                      file.inputformat org.apache.hadoop.hive.ql.io.orc.OrcInputFormat
                      file.outputformat org.apache.hadoop.hive.ql.io.orc.OrcOutputFormat
                      location hdfs://hadoop-02.uni.innopolis.ru:8020/user/team11/project/hive/warehouse/tracks_part
                      name team11_projectdb.tracks_part
                      orc.compress SNAPPY
                      partition_columns year
                      partition_columns.types int
                      serialization.ddl struct tracks_part { string id, string name, string album, string album_id, string artists, string artist_ids, i32 track_number, i32 disc_number, bool explicit, double danceability, double energy, i32 key, double loudness, i32 mode, double speechiness, double acousticness, double instrumentalness, double liveness, double valence, double tempo, i32 duration_ms, double time_signature, string release_date}
                      serialization.format 1
                      serialization.lib org.apache.hadoop.hive.ql.io.orc.OrcSerde
                      transient_lastDdlTime 1778427516
                    serde: org.apache.hadoop.hive.ql.io.orc.OrcSerde
                    name: team11_projectdb.tracks_part
                  name: team11_projectdb.tracks_part
              hdfs://hadoop-02.uni.innopolis.ru:8020/user/team11/project/hive/warehouse/tracks_part/year=1986 
                Partition
                  base file name: year=1986
                  input format: org.apache.hadoop.hive.ql.io.orc.OrcInputFormat
                  output format: org.apache.hadoop.hive.ql.io.orc.OrcOutputFormat
                  partition values:
                    year 1986
                  properties:
                    COLUMN_STATS_ACCURATE {"BASIC_STATS":"true","COLUMN_STATS":{"acousticness":"true","album":"true","album_id":"true","artist_ids":"true","artists":"true","danceability":"true","disc_number":"true","duration_ms":"true","energy":"true","explicit":"true","id":"true","instrumentalness":"true","key":"true","liveness":"true","loudness":"true","mode":"true","name":"true","release_date":"true","speechiness":"true","tempo":"true","time_signature":"true","track_number":"true","valence":"true"}}
                    bucket_count 11
                    bucket_field_name id
                    file.inputformat org.apache.hadoop.hive.ql.io.orc.OrcInputFormat
                    file.outputformat org.apache.hadoop.hive.ql.io.orc.OrcOutputFormat
                    location hdfs://hadoop-02.uni.innopolis.ru:8020/user/team11/project/hive/warehouse/tracks_part/year=1986
                    name team11_projectdb.tracks_part
                    numFiles 11
                    numRows 2727
                    partition_columns year
                    partition_columns.types int
                    rawDataSize 2307032
                    serialization.ddl struct tracks_part { string id, string name, string album, string album_id, string artists, string artist_ids, i32 track_number, i32 disc_number, bool explicit, double danceability, double energy, i32 key, double loudness, i32 mode, double speechiness, double acousticness, double instrumentalness, double liveness, double valence, double tempo, i32 duration_ms, double time_signature, string release_date}
                    serialization.format 1
                    serialization.lib org.apache.hadoop.hive.ql.io.orc.OrcSerde
                    totalSize 490980
                    transient_lastDdlTime 1778427549
                  serde: org.apache.hadoop.hive.ql.io.orc.OrcSerde
                
                    input format: org.apache.hadoop.hive.ql.io.orc.OrcInputFormat
                    output format: org.apache.hadoop.hive.ql.io.orc.OrcOutputFormat
                    properties:
                      EXTERNAL TRUE
                      bucket_count 11
                      bucket_field_name id
                      bucketing_version 2
                      column.name.delimiter ,
                      columns id,name,album,album_id,artists,artist_ids,track_number,disc_number,explicit,danceability,energy,key,loudness,mode,speechiness,acousticness,instrumentalness,liveness,valence,tempo,duration_ms,time_signature,release_date
                      columns.comments 
                      columns.types string:string:string:string:string:string:int:int:boolean:double:double:int:double:int:double:double:double:double:double:double:int:double:string
                      file.inputformat org.apache.hadoop.hive.ql.io.orc.OrcInputFormat
                      file.outputformat org.apache.hadoop.hive.ql.io.orc.OrcOutputFormat
                      location hdfs://hadoop-02.uni.innopolis.ru:8020/user/team11/project/hive/warehouse/tracks_part
                      name team11_projectdb.tracks_part
                      orc.compress SNAPPY
                      partition_columns year
                      partition_columns.types int
                      serialization.ddl struct tracks_part { string id, string name, string album, string album_id, string artists, string artist_ids, i32 track_number, i32 disc_number, bool explicit, double danceability, double energy, i32 key, double loudness, i32 mode, double speechiness, double acousticness, double instrumentalness, double liveness, double valence, double tempo, i32 duration_ms, double time_signature, string release_date}
                      serialization.format 1
                      serialization.lib org.apache.hadoop.hive.ql.io.orc.OrcSerde
                      transient_lastDdlTime 1778427516
                    serde: org.apache.hadoop.hive.ql.io.orc.OrcSerde
                    name: team11_projectdb.tracks_part
                  name: team11_projectdb.tracks_part
              hdfs://hadoop-02.uni.innopolis.ru:8020/user/team11/project/hive/warehouse/tracks_part/year=1987 
                Partition
                  base file name: year=1987
                  input format: org.apache.hadoop.hive.ql.io.orc.OrcInputFormat
                  output format: org.apache.hadoop.hive.ql.io.orc.OrcOutputFormat
                  partition values:
                    year 1987
                  properties:
                    COLUMN_STATS_ACCURATE {"BASIC_STATS":"true","COLUMN_STATS":{"acousticness":"true","album":"true","album_id":"true","artist_ids":"true","artists":"true","danceability":"true","disc_number":"true","duration_ms":"true","energy":"true","explicit":"true","id":"true","instrumentalness":"true","key":"true","liveness":"true","loudness":"true","mode":"true","name":"true","release_date":"true","speechiness":"true","tempo":"true","time_signature":"true","track_number":"true","valence":"true"}}
                    bucket_count 11
                    bucket_field_name id
                    file.inputformat org.apache.hadoop.hive.ql.io.orc.OrcInputFormat
                    file.outputformat org.apache.hadoop.hive.ql.io.orc.OrcOutputFormat
                    location hdfs://hadoop-02.uni.innopolis.ru:8020/user/team11/project/hive/warehouse/tracks_part/year=1987
                    name team11_projectdb.tracks_part
                    numFiles 11
                    numRows 3314
                    partition_columns year
                    partition_columns.types int
                    rawDataSize 2848237
                    serialization.ddl struct tracks_part { string id, string name, string album, string album_id, string artists, string artist_ids, i32 track_number, i32 disc_number, bool explicit, double danceability, double energy, i32 key, double loudness, i32 mode, double speechiness, double acousticness, double instrumentalness, double liveness, double valence, double tempo, i32 duration_ms, double time_signature, string release_date}
                    serialization.format 1
                    serialization.lib org.apache.hadoop.hive.ql.io.orc.OrcSerde
                    totalSize 599962
                    transient_lastDdlTime 1778427549
                  serde: org.apache.hadoop.hive.ql.io.orc.OrcSerde
                
                    input format: org.apache.hadoop.hive.ql.io.orc.OrcInputFormat
                    output format: org.apache.hadoop.hive.ql.io.orc.OrcOutputFormat
                    properties:
                      EXTERNAL TRUE
                      bucket_count 11
                      bucket_field_name id
                      bucketing_version 2
                      column.name.delimiter ,
                      columns id,name,album,album_id,artists,artist_ids,track_number,disc_number,explicit,danceability,energy,key,loudness,mode,speechiness,acousticness,instrumentalness,liveness,valence,tempo,duration_ms,time_signature,release_date
                      columns.comments 
                      columns.types string:string:string:string:string:string:int:int:boolean:double:double:int:double:int:double:double:double:double:double:double:int:double:string
                      file.inputformat org.apache.hadoop.hive.ql.io.orc.OrcInputFormat
                      file.outputformat org.apache.hadoop.hive.ql.io.orc.OrcOutputFormat
                      location hdfs://hadoop-02.uni.innopolis.ru:8020/user/team11/project/hive/warehouse/tracks_part
                      name team11_projectdb.tracks_part
                      orc.compress SNAPPY
                      partition_columns year
                      partition_columns.types int
                      serialization.ddl struct tracks_part { string id, string name, string album, string album_id, string artists, string artist_ids, i32 track_number, i32 disc_number, bool explicit, double danceability, double energy, i32 key, double loudness, i32 mode, double speechiness, double acousticness, double instrumentalness, double liveness, double valence, double tempo, i32 duration_ms, double time_signature, string release_date}
                      serialization.format 1
                      serialization.lib org.apache.hadoop.hive.ql.io.orc.OrcSerde
                      transient_lastDdlTime 1778427516
                    serde: org.apache.hadoop.hive.ql.io.orc.OrcSerde
                    name: team11_projectdb.tracks_part
                  name: team11_projectdb.tracks_part
              hdfs://hadoop-02.uni.innopolis.ru:8020/user/team11/project/hive/warehouse/tracks_part/year=1988 
                Partition
                  base file name: year=1988
                  input format: org.apache.hadoop.hive.ql.io.orc.OrcInputFormat
                  output format: org.apache.hadoop.hive.ql.io.orc.OrcOutputFormat
                  partition values:
                    year 1988
                  properties:
                    COLUMN_STATS_ACCURATE {"BASIC_STATS":"true","COLUMN_STATS":{"acousticness":"true","album":"true","album_id":"true","artist_ids":"true","artists":"true","danceability":"true","disc_number":"true","duration_ms":"true","energy":"true","explicit":"true","id":"true","instrumentalness":"true","key":"true","liveness":"true","loudness":"true","mode":"true","name":"true","release_date":"true","speechiness":"true","tempo":"true","time_signature":"true","track_number":"true","valence":"true"}}
                    bucket_count 11
                    bucket_field_name id
                    file.inputformat org.apache.hadoop.hive.ql.io.orc.OrcInputFormat
                    file.outputformat org.apache.hadoop.hive.ql.io.orc.OrcOutputFormat
                    location hdfs://hadoop-02.uni.innopolis.ru:8020/user/team11/project/hive/warehouse/tracks_part/year=1988
                    name team11_projectdb.tracks_part
                    numFiles 11
                    numRows 4545
                    partition_columns year
                    partition_columns.types int
                    rawDataSize 3960412
                    serialization.ddl struct tracks_part { string id, string name, string album, string album_id, string artists, string artist_ids, i32 track_number, i32 disc_number, bool explicit, double danceability, double energy, i32 key, double loudness, i32 mode, double speechiness, double acousticness, double instrumentalness, double liveness, double valence, double tempo, i32 duration_ms, double time_signature, string release_date}
                    serialization.format 1
                    serialization.lib org.apache.hadoop.hive.ql.io.orc.OrcSerde
                    totalSize 795932
                    transient_lastDdlTime 1778427549
                  serde: org.apache.hadoop.hive.ql.io.orc.OrcSerde
                
                    input format: org.apache.hadoop.hive.ql.io.orc.OrcInputFormat
                    output format: org.apache.hadoop.hive.ql.io.orc.OrcOutputFormat
                    properties:
                      EXTERNAL TRUE
                      bucket_count 11
                      bucket_field_name id
                      bucketing_version 2
                      column.name.delimiter ,
                      columns id,name,album,album_id,artists,artist_ids,track_number,disc_number,explicit,danceability,energy,key,loudness,mode,speechiness,acousticness,instrumentalness,liveness,valence,tempo,duration_ms,time_signature,release_date
                      columns.comments 
                      columns.types string:string:string:string:string:string:int:int:boolean:double:double:int:double:int:double:double:double:double:double:double:int:double:string
                      file.inputformat org.apache.hadoop.hive.ql.io.orc.OrcInputFormat
                      file.outputformat org.apache.hadoop.hive.ql.io.orc.OrcOutputFormat
                      location hdfs://hadoop-02.uni.innopolis.ru:8020/user/team11/project/hive/warehouse/tracks_part
                      name team11_projectdb.tracks_part
                      orc.compress SNAPPY
                      partition_columns year
                      partition_columns.types int
                      serialization.ddl struct tracks_part { string id, string name, string album, string album_id, string artists, string artist_ids, i32 track_number, i32 disc_number, bool explicit, double danceability, double energy, i32 key, double loudness, i32 mode, double speechiness, double acousticness, double instrumentalness, double liveness, double valence, double tempo, i32 duration_ms, double time_signature, string release_date}
                      serialization.format 1
                      serialization.lib org.apache.hadoop.hive.ql.io.orc.OrcSerde
                      transient_lastDdlTime 1778427516
                    serde: org.apache.hadoop.hive.ql.io.orc.OrcSerde
                    name: team11_projectdb.tracks_part
                  name: team11_projectdb.tracks_part
              hdfs://hadoop-02.uni.innopolis.ru:8020/user/team11/project/hive/warehouse/tracks_part/year=1989 
                Partition
                  base file name: year=1989
                  input format: org.apache.hadoop.hive.ql.io.orc.OrcInputFormat
                  output format: org.apache.hadoop.hive.ql.io.orc.OrcOutputFormat
                  partition values:
                    year 1989
                  properties:
                    COLUMN_STATS_ACCURATE {"BASIC_STATS":"true","COLUMN_STATS":{"acousticness":"true","album":"true","album_id":"true","artist_ids":"true","artists":"true","danceability":"true","disc_number":"true","duration_ms":"true","energy":"true","explicit":"true","id":"true","instrumentalness":"true","key":"true","liveness":"true","loudness":"true","mode":"true","name":"true","release_date":"true","speechiness":"true","tempo":"true","time_signature":"true","track_number":"true","valence":"true"}}
                    bucket_count 11
                    bucket_field_name id
                    file.inputformat org.apache.hadoop.hive.ql.io.orc.OrcInputFormat
                    file.outputformat org.apache.hadoop.hive.ql.io.orc.OrcOutputFormat
                    location hdfs://hadoop-02.uni.innopolis.ru:8020/user/team11/project/hive/warehouse/tracks_part/year=1989
                    name team11_projectdb.tracks_part
                    numFiles 11
                    numRows 5095
                    partition_columns year
                    partition_columns.types int
                    rawDataSize 4490547
                    serialization.ddl struct tracks_part { string id, string name, string album, string album_id, string artists, string artist_ids, i32 track_number, i32 disc_number, bool explicit, double danceability, double energy, i32 key, double loudness, i32 mode, double speechiness, double acousticness, double instrumentalness, double liveness, double valence, double tempo, i32 duration_ms, double time_signature, string release_date}
                    serialization.format 1
                    serialization.lib org.apache.hadoop.hive.ql.io.orc.OrcSerde
                    totalSize 906213
                    transient_lastDdlTime 1778427549
                  serde: org.apache.hadoop.hive.ql.io.orc.OrcSerde
                
                    input format: org.apache.hadoop.hive.ql.io.orc.OrcInputFormat
                    output format: org.apache.hadoop.hive.ql.io.orc.OrcOutputFormat
                    properties:
                      EXTERNAL TRUE
                      bucket_count 11
                      bucket_field_name id
                      bucketing_version 2
                      column.name.delimiter ,
                      columns id,name,album,album_id,artists,artist_ids,track_number,disc_number,explicit,danceability,energy,key,loudness,mode,speechiness,acousticness,instrumentalness,liveness,valence,tempo,duration_ms,time_signature,release_date
                      columns.comments 
                      columns.types string:string:string:string:string:string:int:int:boolean:double:double:int:double:int:double:double:double:double:double:double:int:double:string
                      file.inputformat org.apache.hadoop.hive.ql.io.orc.OrcInputFormat
                      file.outputformat org.apache.hadoop.hive.ql.io.orc.OrcOutputFormat
                      location hdfs://hadoop-02.uni.innopolis.ru:8020/user/team11/project/hive/warehouse/tracks_part
                      name team11_projectdb.tracks_part
                      orc.compress SNAPPY
                      partition_columns year
                      partition_columns.types int
                      serialization.ddl struct tracks_part { string id, string name, string album, string album_id, string artists, string artist_ids, i32 track_number, i32 disc_number, bool explicit, double danceability, double energy, i32 key, double loudness, i32 mode, double speechiness, double acousticness, double instrumentalness, double liveness, double valence, double tempo, i32 duration_ms, double time_signature, string release_date}
                      serialization.format 1
                      serialization.lib org.apache.hadoop.hive.ql.io.orc.OrcSerde
                      transient_lastDdlTime 1778427516
                    serde: org.apache.hadoop.hive.ql.io.orc.OrcSerde
                    name: team11_projectdb.tracks_part
                  name: team11_projectdb.tracks_part
              hdfs://hadoop-02.uni.innopolis.ru:8020/user/team11/project/hive/warehouse/tracks_part/year=1990 
                Partition
                  base file name: year=1990
                  input format: org.apache.hadoop.hive.ql.io.orc.OrcInputFormat
                  output format: org.apache.hadoop.hive.ql.io.orc.OrcOutputFormat
                  partition values:
                    year 1990
                  properties:
                    COLUMN_STATS_ACCURATE {"BASIC_STATS":"true","COLUMN_STATS":{"acousticness":"true","album":"true","album_id":"true","artist_ids":"true","artists":"true","danceability":"true","disc_number":"true","duration_ms":"true","energy":"true","explicit":"true","id":"true","instrumentalness":"true","key":"true","liveness":"true","loudness":"true","mode":"true","name":"true","release_date":"true","speechiness":"true","tempo":"true","time_signature":"true","track_number":"true","valence":"true"}}
                    bucket_count 11
                    bucket_field_name id
                    file.inputformat org.apache.hadoop.hive.ql.io.orc.OrcInputFormat
                    file.outputformat org.apache.hadoop.hive.ql.io.orc.OrcOutputFormat
                    location hdfs://hadoop-02.uni.innopolis.ru:8020/user/team11/project/hive/warehouse/tracks_part/year=1990
                    name team11_projectdb.tracks_part
                    numFiles 11
                    numRows 7453
                    partition_columns year
                    partition_columns.types int
                    rawDataSize 6603121
                    serialization.ddl struct tracks_part { string id, string name, string album, string album_id, string artists, string artist_ids, i32 track_number, i32 disc_number, bool explicit, double danceability, double energy, i32 key, double loudness, i32 mode, double speechiness, double acousticness, double instrumentalness, double liveness, double valence, double tempo, i32 duration_ms, double time_signature, string release_date}
                    serialization.format 1
                    serialization.lib org.apache.hadoop.hive.ql.io.orc.OrcSerde
                    totalSize 1291961
                    transient_lastDdlTime 1778427549
                  serde: org.apache.hadoop.hive.ql.io.orc.OrcSerde
                
                    input format: org.apache.hadoop.hive.ql.io.orc.OrcInputFormat
                    output format: org.apache.hadoop.hive.ql.io.orc.OrcOutputFormat
                    properties:
                      EXTERNAL TRUE
                      bucket_count 11
                      bucket_field_name id
                      bucketing_version 2
                      column.name.delimiter ,
                      columns id,name,album,album_id,artists,artist_ids,track_number,disc_number,explicit,danceability,energy,key,loudness,mode,speechiness,acousticness,instrumentalness,liveness,valence,tempo,duration_ms,time_signature,release_date
                      columns.comments 
                      columns.types string:string:string:string:string:string:int:int:boolean:double:double:int:double:int:double:double:double:double:double:double:int:double:string
                      file.inputformat org.apache.hadoop.hive.ql.io.orc.OrcInputFormat
                      file.outputformat org.apache.hadoop.hive.ql.io.orc.OrcOutputFormat
                      location hdfs://hadoop-02.uni.innopolis.ru:8020/user/team11/project/hive/warehouse/tracks_part
                      name team11_projectdb.tracks_part
                      orc.compress SNAPPY
                      partition_columns year
                      partition_columns.types int
                      serialization.ddl struct tracks_part { string id, string name, string album, string album_id, string artists, string artist_ids, i32 track_number, i32 disc_number, bool explicit, double danceability, double energy, i32 key, double loudness, i32 mode, double speechiness, double acousticness, double instrumentalness, double liveness, double valence, double tempo, i32 duration_ms, double time_signature, string release_date}
                      serialization.format 1
                      serialization.lib org.apache.hadoop.hive.ql.io.orc.OrcSerde
                      transient_lastDdlTime 1778427516
                    serde: org.apache.hadoop.hive.ql.io.orc.OrcSerde
                    name: team11_projectdb.tracks_part
                  name: team11_projectdb.tracks_part
              hdfs://hadoop-02.uni.innopolis.ru:8020/user/team11/project/hive/warehouse/tracks_part/year=1991 
                Partition
                  base file name: year=1991
                  input format: org.apache.hadoop.hive.ql.io.orc.OrcInputFormat
                  output format: org.apache.hadoop.hive.ql.io.orc.OrcOutputFormat
                  partition values:
                    year 1991
                  properties:
                    COLUMN_STATS_ACCURATE {"BASIC_STATS":"true","COLUMN_STATS":{"acousticness":"true","album":"true","album_id":"true","artist_ids":"true","artists":"true","danceability":"true","disc_number":"true","duration_ms":"true","energy":"true","explicit":"true","id":"true","instrumentalness":"true","key":"true","liveness":"true","loudness":"true","mode":"true","name":"true","release_date":"true","speechiness":"true","tempo":"true","time_signature":"true","track_number":"true","valence":"true"}}
                    bucket_count 11
                    bucket_field_name id
                    file.inputformat org.apache.hadoop.hive.ql.io.orc.OrcInputFormat
                    file.outputformat org.apache.hadoop.hive.ql.io.orc.OrcOutputFormat
                    location hdfs://hadoop-02.uni.innopolis.ru:8020/user/team11/project/hive/warehouse/tracks_part/year=1991
                    name team11_projectdb.tracks_part
                    numFiles 11
                    numRows 8380
                    partition_columns year
                    partition_columns.types int
                    rawDataSize 7447261
                    serialization.ddl struct tracks_part { string id, string name, string album, string album_id, string artists, string artist_ids, i32 track_number, i32 disc_number, bool explicit, double danceability, double energy, i32 key, double loudness, i32 mode, double speechiness, double acousticness, double instrumentalness, double liveness, double valence, double tempo, i32 duration_ms, double time_signature, string release_date}
                    serialization.format 1
                    serialization.lib org.apache.hadoop.hive.ql.io.orc.OrcSerde
                    totalSize 1426244
                    transient_lastDdlTime 1778427549
                  serde: org.apache.hadoop.hive.ql.io.orc.OrcSerde
                
                    input format: org.apache.hadoop.hive.ql.io.orc.OrcInputFormat
                    output format: org.apache.hadoop.hive.ql.io.orc.OrcOutputFormat
                    properties:
                      EXTERNAL TRUE
                      bucket_count 11
                      bucket_field_name id
                      bucketing_version 2
                      column.name.delimiter ,
                      columns id,name,album,album_id,artists,artist_ids,track_number,disc_number,explicit,danceability,energy,key,loudness,mode,speechiness,acousticness,instrumentalness,liveness,valence,tempo,duration_ms,time_signature,release_date
                      columns.comments 
                      columns.types string:string:string:string:string:string:int:int:boolean:double:double:int:double:int:double:double:double:double:double:double:int:double:string
                      file.inputformat org.apache.hadoop.hive.ql.io.orc.OrcInputFormat
                      file.outputformat org.apache.hadoop.hive.ql.io.orc.OrcOutputFormat
                      location hdfs://hadoop-02.uni.innopolis.ru:8020/user/team11/project/hive/warehouse/tracks_part
                      name team11_projectdb.tracks_part
                      orc.compress SNAPPY
                      partition_columns year
                      partition_columns.types int
                      serialization.ddl struct tracks_part { string id, string name, string album, string album_id, string artists, string artist_ids, i32 track_number, i32 disc_number, bool explicit, double danceability, double energy, i32 key, double loudness, i32 mode, double speechiness, double acousticness, double instrumentalness, double liveness, double valence, double tempo, i32 duration_ms, double time_signature, string release_date}
                      serialization.format 1
                      serialization.lib org.apache.hadoop.hive.ql.io.orc.OrcSerde
                      transient_lastDdlTime 1778427516
                    serde: org.apache.hadoop.hive.ql.io.orc.OrcSerde
                    name: team11_projectdb.tracks_part
                  name: team11_projectdb.tracks_part
              hdfs://hadoop-02.uni.innopolis.ru:8020/user/team11/project/hive/warehouse/tracks_part/year=1992 
                Partition
                  base file name: year=1992
                  input format: org.apache.hadoop.hive.ql.io.orc.OrcInputFormat
                  output format: org.apache.hadoop.hive.ql.io.orc.OrcOutputFormat
                  partition values:
                    year 1992
                  properties:
                    COLUMN_STATS_ACCURATE {"BASIC_STATS":"true","COLUMN_STATS":{"acousticness":"true","album":"true","album_id":"true","artist_ids":"true","artists":"true","danceability":"true","disc_number":"true","duration_ms":"true","energy":"true","explicit":"true","id":"true","instrumentalness":"true","key":"true","liveness":"true","loudness":"true","mode":"true","name":"true","release_date":"true","speechiness":"true","tempo":"true","time_signature":"true","track_number":"true","valence":"true"}}
                    bucket_count 11
                    bucket_field_name id
                    file.inputformat org.apache.hadoop.hive.ql.io.orc.OrcInputFormat
                    file.outputformat org.apache.hadoop.hive.ql.io.orc.OrcOutputFormat
                    location hdfs://hadoop-02.uni.innopolis.ru:8020/user/team11/project/hive/warehouse/tracks_part/year=1992
                    name team11_projectdb.tracks_part
                    numFiles 11
                    numRows 9639
                    partition_columns year
                    partition_columns.types int
                    rawDataSize 8445369
                    serialization.ddl struct tracks_part { string id, string name, string album, string album_id, string artists, string artist_ids, i32 track_number, i32 disc_number, bool explicit, double danceability, double energy, i32 key, double loudness, i32 mode, double speechiness, double acousticness, double instrumentalness, double liveness, double valence, double tempo, i32 duration_ms, double time_signature, string release_date}
                    serialization.format 1
                    serialization.lib org.apache.hadoop.hive.ql.io.orc.OrcSerde
                    totalSize 1605032
                    transient_lastDdlTime 1778427549
                  serde: org.apache.hadoop.hive.ql.io.orc.OrcSerde
                
                    input format: org.apache.hadoop.hive.ql.io.orc.OrcInputFormat
                    output format: org.apache.hadoop.hive.ql.io.orc.OrcOutputFormat
                    properties:
                      EXTERNAL TRUE
                      bucket_count 11
                      bucket_field_name id
                      bucketing_version 2
                      column.name.delimiter ,
                      columns id,name,album,album_id,artists,artist_ids,track_number,disc_number,explicit,danceability,energy,key,loudness,mode,speechiness,acousticness,instrumentalness,liveness,valence,tempo,duration_ms,time_signature,release_date
                      columns.comments 
                      columns.types string:string:string:string:string:string:int:int:boolean:double:double:int:double:int:double:double:double:double:double:double:int:double:string
                      file.inputformat org.apache.hadoop.hive.ql.io.orc.OrcInputFormat
                      file.outputformat org.apache.hadoop.hive.ql.io.orc.OrcOutputFormat
                      location hdfs://hadoop-02.uni.innopolis.ru:8020/user/team11/project/hive/warehouse/tracks_part
                      name team11_projectdb.tracks_part
                      orc.compress SNAPPY
                      partition_columns year
                      partition_columns.types int
                      serialization.ddl struct tracks_part { string id, string name, string album, string album_id, string artists, string artist_ids, i32 track_number, i32 disc_number, bool explicit, double danceability, double energy, i32 key, double loudness, i32 mode, double speechiness, double acousticness, double instrumentalness, double liveness, double valence, double tempo, i32 duration_ms, double time_signature, string release_date}
                      serialization.format 1
                      serialization.lib org.apache.hadoop.hive.ql.io.orc.OrcSerde
                      transient_lastDdlTime 1778427516
                    serde: org.apache.hadoop.hive.ql.io.orc.OrcSerde
                    name: team11_projectdb.tracks_part
                  name: team11_projectdb.tracks_part
              hdfs://hadoop-02.uni.innopolis.ru:8020/user/team11/project/hive/warehouse/tracks_part/year=1993 
                Partition
                  base file name: year=1993
                  input format: org.apache.hadoop.hive.ql.io.orc.OrcInputFormat
                  output format: org.apache.hadoop.hive.ql.io.orc.OrcOutputFormat
                  partition values:
                    year 1993
                  properties:
                    COLUMN_STATS_ACCURATE {"BASIC_STATS":"true","COLUMN_STATS":{"acousticness":"true","album":"true","album_id":"true","artist_ids":"true","artists":"true","danceability":"true","disc_number":"true","duration_ms":"true","energy":"true","explicit":"true","id":"true","instrumentalness":"true","key":"true","liveness":"true","loudness":"true","mode":"true","name":"true","release_date":"true","speechiness":"true","tempo":"true","time_signature":"true","track_number":"true","valence":"true"}}
                    bucket_count 11
                    bucket_field_name id
                    file.inputformat org.apache.hadoop.hive.ql.io.orc.OrcInputFormat
                    file.outputformat org.apache.hadoop.hive.ql.io.orc.OrcOutputFormat
                    location hdfs://hadoop-02.uni.innopolis.ru:8020/user/team11/project/hive/warehouse/tracks_part/year=1993
                    name team11_projectdb.tracks_part
                    numFiles 11
                    numRows 11017
                    partition_columns year
                    partition_columns.types int
                    rawDataSize 9651008
                    serialization.ddl struct tracks_part { string id, string name, string album, string album_id, string artists, string artist_ids, i32 track_number, i32 disc_number, bool explicit, double danceability, double energy, i32 key, double loudness, i32 mode, double speechiness, double acousticness, double instrumentalness, double liveness, double valence, double tempo, i32 duration_ms, double time_signature, string release_date}
                    serialization.format 1
                    serialization.lib org.apache.hadoop.hive.ql.io.orc.OrcSerde
                    totalSize 1815816
                    transient_lastDdlTime 1778427549
                  serde: org.apache.hadoop.hive.ql.io.orc.OrcSerde
                
                    input format: org.apache.hadoop.hive.ql.io.orc.OrcInputFormat
                    output format: org.apache.hadoop.hive.ql.io.orc.OrcOutputFormat
                    properties:
                      EXTERNAL TRUE
                      bucket_count 11
                      bucket_field_name id
                      bucketing_version 2
                      column.name.delimiter ,
                      columns id,name,album,album_id,artists,artist_ids,track_number,disc_number,explicit,danceability,energy,key,loudness,mode,speechiness,acousticness,instrumentalness,liveness,valence,tempo,duration_ms,time_signature,release_date
                      columns.comments 
                      columns.types string:string:string:string:string:string:int:int:boolean:double:double:int:double:int:double:double:double:double:double:double:int:double:string
                      file.inputformat org.apache.hadoop.hive.ql.io.orc.OrcInputFormat
                      file.outputformat org.apache.hadoop.hive.ql.io.orc.OrcOutputFormat
                      location hdfs://hadoop-02.uni.innopolis.ru:8020/user/team11/project/hive/warehouse/tracks_part
                      name team11_projectdb.tracks_part
                      orc.compress SNAPPY
                      partition_columns year
                      partition_columns.types int
                      serialization.ddl struct tracks_part { string id, string name, string album, string album_id, string artists, string artist_ids, i32 track_number, i32 disc_number, bool explicit, double danceability, double energy, i32 key, double loudness, i32 mode, double speechiness, double acousticness, double instrumentalness, double liveness, double valence, double tempo, i32 duration_ms, double time_signature, string release_date}
                      serialization.format 1
                      serialization.lib org.apache.hadoop.hive.ql.io.orc.OrcSerde
                      transient_lastDdlTime 1778427516
                    serde: org.apache.hadoop.hive.ql.io.orc.OrcSerde
                    name: team11_projectdb.tracks_part
                  name: team11_projectdb.tracks_part
              hdfs://hadoop-02.uni.innopolis.ru:8020/user/team11/project/hive/warehouse/tracks_part/year=1994 
                Partition
                  base file name: year=1994
                  input format: org.apache.hadoop.hive.ql.io.orc.OrcInputFormat
                  output format: org.apache.hadoop.hive.ql.io.orc.OrcOutputFormat
                  partition values:
                    year 1994
                  properties:
                    COLUMN_STATS_ACCURATE {"BASIC_STATS":"true","COLUMN_STATS":{"acousticness":"true","album":"true","album_id":"true","artist_ids":"true","artists":"true","danceability":"true","disc_number":"true","duration_ms":"true","energy":"true","explicit":"true","id":"true","instrumentalness":"true","key":"true","liveness":"true","loudness":"true","mode":"true","name":"true","release_date":"true","speechiness":"true","tempo":"true","time_signature":"true","track_number":"true","valence":"true"}}
                    bucket_count 11
                    bucket_field_name id
                    file.inputformat org.apache.hadoop.hive.ql.io.orc.OrcInputFormat
                    file.outputformat org.apache.hadoop.hive.ql.io.orc.OrcOutputFormat
                    location hdfs://hadoop-02.uni.innopolis.ru:8020/user/team11/project/hive/warehouse/tracks_part/year=1994
                    name team11_projectdb.tracks_part
                    numFiles 11
                    numRows 14130
                    partition_columns year
                    partition_columns.types int
                    rawDataSize 12416203
                    serialization.ddl struct tracks_part { string id, string name, string album, string album_id, string artists, string artist_ids, i32 track_number, i32 disc_number, bool explicit, double danceability, double energy, i32 key, double loudness, i32 mode, double speechiness, double acousticness, double instrumentalness, double liveness, double valence, double tempo, i32 duration_ms, double time_signature, string release_date}
                    serialization.format 1
                    serialization.lib org.apache.hadoop.hive.ql.io.orc.OrcSerde
                    totalSize 2314768
                    transient_lastDdlTime 1778427549
                  serde: org.apache.hadoop.hive.ql.io.orc.OrcSerde
                
                    input format: org.apache.hadoop.hive.ql.io.orc.OrcInputFormat
                    output format: org.apache.hadoop.hive.ql.io.orc.OrcOutputFormat
                    properties:
                      EXTERNAL TRUE
                      bucket_count 11
                      bucket_field_name id
                      bucketing_version 2
                      column.name.delimiter ,
                      columns id,name,album,album_id,artists,artist_ids,track_number,disc_number,explicit,danceability,energy,key,loudness,mode,speechiness,acousticness,instrumentalness,liveness,valence,tempo,duration_ms,time_signature,release_date
                      columns.comments 
                      columns.types string:string:string:string:string:string:int:int:boolean:double:double:int:double:int:double:double:double:double:double:double:int:double:string
                      file.inputformat org.apache.hadoop.hive.ql.io.orc.OrcInputFormat
                      file.outputformat org.apache.hadoop.hive.ql.io.orc.OrcOutputFormat
                      location hdfs://hadoop-02.uni.innopolis.ru:8020/user/team11/project/hive/warehouse/tracks_part
                      name team11_projectdb.tracks_part
                      orc.compress SNAPPY
                      partition_columns year
                      partition_columns.types int
                      serialization.ddl struct tracks_part { string id, string name, string album, string album_id, string artists, string artist_ids, i32 track_number, i32 disc_number, bool explicit, double danceability, double energy, i32 key, double loudness, i32 mode, double speechiness, double acousticness, double instrumentalness, double liveness, double valence, double tempo, i32 duration_ms, double time_signature, string release_date}
                      serialization.format 1
                      serialization.lib org.apache.hadoop.hive.ql.io.orc.OrcSerde
                      transient_lastDdlTime 1778427516
                    serde: org.apache.hadoop.hive.ql.io.orc.OrcSerde
                    name: team11_projectdb.tracks_part
                  name: team11_projectdb.tracks_part
              hdfs://hadoop-02.uni.innopolis.ru:8020/user/team11/project/hive/warehouse/tracks_part/year=1995 
                Partition
                  base file name: year=1995
                  input format: org.apache.hadoop.hive.ql.io.orc.OrcInputFormat
                  output format: org.apache.hadoop.hive.ql.io.orc.OrcOutputFormat
                  partition values:
                    year 1995
                  properties:
                    COLUMN_STATS_ACCURATE {"BASIC_STATS":"true","COLUMN_STATS":{"acousticness":"true","album":"true","album_id":"true","artist_ids":"true","artists":"true","danceability":"true","disc_number":"true","duration_ms":"true","energy":"true","explicit":"true","id":"true","instrumentalness":"true","key":"true","liveness":"true","loudness":"true","mode":"true","name":"true","release_date":"true","speechiness":"true","tempo":"true","time_signature":"true","track_number":"true","valence":"true"}}
                    bucket_count 11
                    bucket_field_name id
                    file.inputformat org.apache.hadoop.hive.ql.io.orc.OrcInputFormat
                    file.outputformat org.apache.hadoop.hive.ql.io.orc.OrcOutputFormat
                    location hdfs://hadoop-02.uni.innopolis.ru:8020/user/team11/project/hive/warehouse/tracks_part/year=1995
                    name team11_projectdb.tracks_part
                    numFiles 11
                    numRows 17417
                    partition_columns year
                    partition_columns.types int
                    rawDataSize 15472856
                    serialization.ddl struct tracks_part { string id, string name, string album, string album_id, string artists, string artist_ids, i32 track_number, i32 disc_number, bool explicit, double danceability, double energy, i32 key, double loudness, i32 mode, double speechiness, double acousticness, double instrumentalness, double liveness, double valence, double tempo, i32 duration_ms, double time_signature, string release_date}
                    serialization.format 1
                    serialization.lib org.apache.hadoop.hive.ql.io.orc.OrcSerde
                    totalSize 2814403
                    transient_lastDdlTime 1778427549
                  serde: org.apache.hadoop.hive.ql.io.orc.OrcSerde
                
                    input format: org.apache.hadoop.hive.ql.io.orc.OrcInputFormat
                    output format: org.apache.hadoop.hive.ql.io.orc.OrcOutputFormat
                    properties:
                      EXTERNAL TRUE
                      bucket_count 11
                      bucket_field_name id
                      bucketing_version 2
                      column.name.delimiter ,
                      columns id,name,album,album_id,artists,artist_ids,track_number,disc_number,explicit,danceability,energy,key,loudness,mode,speechiness,acousticness,instrumentalness,liveness,valence,tempo,duration_ms,time_signature,release_date
                      columns.comments 
                      columns.types string:string:string:string:string:string:int:int:boolean:double:double:int:double:int:double:double:double:double:double:double:int:double:string
                      file.inputformat org.apache.hadoop.hive.ql.io.orc.OrcInputFormat
                      file.outputformat org.apache.hadoop.hive.ql.io.orc.OrcOutputFormat
                      location hdfs://hadoop-02.uni.innopolis.ru:8020/user/team11/project/hive/warehouse/tracks_part
                      name team11_projectdb.tracks_part
                      orc.compress SNAPPY
                      partition_columns year
                      partition_columns.types int
                      serialization.ddl struct tracks_part { string id, string name, string album, string album_id, string artists, string artist_ids, i32 track_number, i32 disc_number, bool explicit, double danceability, double energy, i32 key, double loudness, i32 mode, double speechiness, double acousticness, double instrumentalness, double liveness, double valence, double tempo, i32 duration_ms, double time_signature, string release_date}
                      serialization.format 1
                      serialization.lib org.apache.hadoop.hive.ql.io.orc.OrcSerde
                      transient_lastDdlTime 1778427516
                    serde: org.apache.hadoop.hive.ql.io.orc.OrcSerde
                    name: team11_projectdb.tracks_part
                  name: team11_projectdb.tracks_part
              hdfs://hadoop-02.uni.innopolis.ru:8020/user/team11/project/hive/warehouse/tracks_part/year=1996 
                Partition
                  base file name: year=1996
                  input format: org.apache.hadoop.hive.ql.io.orc.OrcInputFormat
                  output format: org.apache.hadoop.hive.ql.io.orc.OrcOutputFormat
                  partition values:
                    year 1996
                  properties:
                    COLUMN_STATS_ACCURATE {"BASIC_STATS":"true","COLUMN_STATS":{"acousticness":"true","album":"true","album_id":"true","artist_ids":"true","artists":"true","danceability":"true","disc_number":"true","duration_ms":"true","energy":"true","explicit":"true","id":"true","instrumentalness":"true","key":"true","liveness":"true","loudness":"true","mode":"true","name":"true","release_date":"true","speechiness":"true","tempo":"true","time_signature":"true","track_number":"true","valence":"true"}}
                    bucket_count 11
                    bucket_field_name id
                    file.inputformat org.apache.hadoop.hive.ql.io.orc.OrcInputFormat
                    file.outputformat org.apache.hadoop.hive.ql.io.orc.OrcOutputFormat
                    location hdfs://hadoop-02.uni.innopolis.ru:8020/user/team11/project/hive/warehouse/tracks_part/year=1996
                    name team11_projectdb.tracks_part
                    numFiles 11
                    numRows 17840
                    partition_columns year
                    partition_columns.types int
                    rawDataSize 15412290
                    serialization.ddl struct tracks_part { string id, string name, string album, string album_id, string artists, string artist_ids, i32 track_number, i32 disc_number, bool explicit, double danceability, double energy, i32 key, double loudness, i32 mode, double speechiness, double acousticness, double instrumentalness, double liveness, double valence, double tempo, i32 duration_ms, double time_signature, string release_date}
                    serialization.format 1
                    serialization.lib org.apache.hadoop.hive.ql.io.orc.OrcSerde
                    totalSize 2797279
                    transient_lastDdlTime 1778427549
                  serde: org.apache.hadoop.hive.ql.io.orc.OrcSerde
                
                    input format: org.apache.hadoop.hive.ql.io.orc.OrcInputFormat
                    output format: org.apache.hadoop.hive.ql.io.orc.OrcOutputFormat
                    properties:
                      EXTERNAL TRUE
                      bucket_count 11
                      bucket_field_name id
                      bucketing_version 2
                      column.name.delimiter ,
                      columns id,name,album,album_id,artists,artist_ids,track_number,disc_number,explicit,danceability,energy,key,loudness,mode,speechiness,acousticness,instrumentalness,liveness,valence,tempo,duration_ms,time_signature,release_date
                      columns.comments 
                      columns.types string:string:string:string:string:string:int:int:boolean:double:double:int:double:int:double:double:double:double:double:double:int:double:string
                      file.inputformat org.apache.hadoop.hive.ql.io.orc.OrcInputFormat
                      file.outputformat org.apache.hadoop.hive.ql.io.orc.OrcOutputFormat
                      location hdfs://hadoop-02.uni.innopolis.ru:8020/user/team11/project/hive/warehouse/tracks_part
                      name team11_projectdb.tracks_part
                      orc.compress SNAPPY
                      partition_columns year
                      partition_columns.types int
                      serialization.ddl struct tracks_part { string id, string name, string album, string album_id, string artists, string artist_ids, i32 track_number, i32 disc_number, bool explicit, double danceability, double energy, i32 key, double loudness, i32 mode, double speechiness, double acousticness, double instrumentalness, double liveness, double valence, double tempo, i32 duration_ms, double time_signature, string release_date}
                      serialization.format 1
                      serialization.lib org.apache.hadoop.hive.ql.io.orc.OrcSerde
                      transient_lastDdlTime 1778427516
                    serde: org.apache.hadoop.hive.ql.io.orc.OrcSerde
                    name: team11_projectdb.tracks_part
                  name: team11_projectdb.tracks_part
              hdfs://hadoop-02.uni.innopolis.ru:8020/user/team11/project/hive/warehouse/tracks_part/year=1997 
                Partition
                  base file name: year=1997
                  input format: org.apache.hadoop.hive.ql.io.orc.OrcInputFormat
                  output format: org.apache.hadoop.hive.ql.io.orc.OrcOutputFormat
                  partition values:
                    year 1997
                  properties:
                    COLUMN_STATS_ACCURATE {"BASIC_STATS":"true","COLUMN_STATS":{"acousticness":"true","album":"true","album_id":"true","artist_ids":"true","artists":"true","danceability":"true","disc_number":"true","duration_ms":"true","energy":"true","explicit":"true","id":"true","instrumentalness":"true","key":"true","liveness":"true","loudness":"true","mode":"true","name":"true","release_date":"true","speechiness":"true","tempo":"true","time_signature":"true","track_number":"true","valence":"true"}}
                    bucket_count 11
                    bucket_field_name id
                    file.inputformat org.apache.hadoop.hive.ql.io.orc.OrcInputFormat
                    file.outputformat org.apache.hadoop.hive.ql.io.orc.OrcOutputFormat
                    location hdfs://hadoop-02.uni.innopolis.ru:8020/user/team11/project/hive/warehouse/tracks_part/year=1997
                    name team11_projectdb.tracks_part
                    numFiles 11
                    numRows 20229
                    partition_columns year
                    partition_columns.types int
                    rawDataSize 17638774
                    serialization.ddl struct tracks_part { string id, string name, string album, string album_id, string artists, string artist_ids, i32 track_number, i32 disc_number, bool explicit, double danceability, double energy, i32 key, double loudness, i32 mode, double speechiness, double acousticness, double instrumentalness, double liveness, double valence, double tempo, i32 duration_ms, double time_signature, string release_date}
                    serialization.format 1
                    serialization.lib org.apache.hadoop.hive.ql.io.orc.OrcSerde
                    totalSize 3178103
                    transient_lastDdlTime 1778427549
                  serde: org.apache.hadoop.hive.ql.io.orc.OrcSerde
                
                    input format: org.apache.hadoop.hive.ql.io.orc.OrcInputFormat
                    output format: org.apache.hadoop.hive.ql.io.orc.OrcOutputFormat
                    properties:
                      EXTERNAL TRUE
                      bucket_count 11
                      bucket_field_name id
                      bucketing_version 2
                      column.name.delimiter ,
                      columns id,name,album,album_id,artists,artist_ids,track_number,disc_number,explicit,danceability,energy,key,loudness,mode,speechiness,acousticness,instrumentalness,liveness,valence,tempo,duration_ms,time_signature,release_date
                      columns.comments 
                      columns.types string:string:string:string:string:string:int:int:boolean:double:double:int:double:int:double:double:double:double:double:double:int:double:string
                      file.inputformat org.apache.hadoop.hive.ql.io.orc.OrcInputFormat
                      file.outputformat org.apache.hadoop.hive.ql.io.orc.OrcOutputFormat
                      location hdfs://hadoop-02.uni.innopolis.ru:8020/user/team11/project/hive/warehouse/tracks_part
                      name team11_projectdb.tracks_part
                      orc.compress SNAPPY
                      partition_columns year
                      partition_columns.types int
                      serialization.ddl struct tracks_part { string id, string name, string album, string album_id, string artists, string artist_ids, i32 track_number, i32 disc_number, bool explicit, double danceability, double energy, i32 key, double loudness, i32 mode, double speechiness, double acousticness, double instrumentalness, double liveness, double valence, double tempo, i32 duration_ms, double time_signature, string release_date}
                      serialization.format 1
                      serialization.lib org.apache.hadoop.hive.ql.io.orc.OrcSerde
                      transient_lastDdlTime 1778427516
                    serde: org.apache.hadoop.hive.ql.io.orc.OrcSerde
                    name: team11_projectdb.tracks_part
                  name: team11_projectdb.tracks_part
              hdfs://hadoop-02.uni.innopolis.ru:8020/user/team11/project/hive/warehouse/tracks_part/year=1998 
                Partition
                  base file name: year=1998
                  input format: org.apache.hadoop.hive.ql.io.orc.OrcInputFormat
                  output format: org.apache.hadoop.hive.ql.io.orc.OrcOutputFormat
                  partition values:
                    year 1998
                  properties:
                    COLUMN_STATS_ACCURATE {"BASIC_STATS":"true","COLUMN_STATS":{"acousticness":"true","album":"true","album_id":"true","artist_ids":"true","artists":"true","danceability":"true","disc_number":"true","duration_ms":"true","energy":"true","explicit":"true","id":"true","instrumentalness":"true","key":"true","liveness":"true","loudness":"true","mode":"true","name":"true","release_date":"true","speechiness":"true","tempo":"true","time_signature":"true","track_number":"true","valence":"true"}}
                    bucket_count 11
                    bucket_field_name id
                    file.inputformat org.apache.hadoop.hive.ql.io.orc.OrcInputFormat
                    file.outputformat org.apache.hadoop.hive.ql.io.orc.OrcOutputFormat
                    location hdfs://hadoop-02.uni.innopolis.ru:8020/user/team11/project/hive/warehouse/tracks_part/year=1998
                    name team11_projectdb.tracks_part
                    numFiles 11
                    numRows 21013
                    partition_columns year
                    partition_columns.types int
                    rawDataSize 18271587
                    serialization.ddl struct tracks_part { string id, string name, string album, string album_id, string artists, string artist_ids, i32 track_number, i32 disc_number, bool explicit, double danceability, double energy, i32 key, double loudness, i32 mode, double speechiness, double acousticness, double instrumentalness, double liveness, double valence, double tempo, i32 duration_ms, double time_signature, string release_date}
                    serialization.format 1
                    serialization.lib org.apache.hadoop.hive.ql.io.orc.OrcSerde
                    totalSize 3312336
                    transient_lastDdlTime 1778427549
                  serde: org.apache.hadoop.hive.ql.io.orc.OrcSerde
                
                    input format: org.apache.hadoop.hive.ql.io.orc.OrcInputFormat
                    output format: org.apache.hadoop.hive.ql.io.orc.OrcOutputFormat
                    properties:
                      EXTERNAL TRUE
                      bucket_count 11
                      bucket_field_name id
                      bucketing_version 2
                      column.name.delimiter ,
                      columns id,name,album,album_id,artists,artist_ids,track_number,disc_number,explicit,danceability,energy,key,loudness,mode,speechiness,acousticness,instrumentalness,liveness,valence,tempo,duration_ms,time_signature,release_date
                      columns.comments 
                      columns.types string:string:string:string:string:string:int:int:boolean:double:double:int:double:int:double:double:double:double:double:double:int:double:string
                      file.inputformat org.apache.hadoop.hive.ql.io.orc.OrcInputFormat
                      file.outputformat org.apache.hadoop.hive.ql.io.orc.OrcOutputFormat
                      location hdfs://hadoop-02.uni.innopolis.ru:8020/user/team11/project/hive/warehouse/tracks_part
                      name team11_projectdb.tracks_part
                      orc.compress SNAPPY
                      partition_columns year
                      partition_columns.types int
                      serialization.ddl struct tracks_part { string id, string name, string album, string album_id, string artists, string artist_ids, i32 track_number, i32 disc_number, bool explicit, double danceability, double energy, i32 key, double loudness, i32 mode, double speechiness, double acousticness, double instrumentalness, double liveness, double valence, double tempo, i32 duration_ms, double time_signature, string release_date}
                      serialization.format 1
                      serialization.lib org.apache.hadoop.hive.ql.io.orc.OrcSerde
                      transient_lastDdlTime 1778427516
                    serde: org.apache.hadoop.hive.ql.io.orc.OrcSerde
                    name: team11_projectdb.tracks_part
                  name: team11_projectdb.tracks_part
              hdfs://hadoop-02.uni.innopolis.ru:8020/user/team11/project/hive/warehouse/tracks_part/year=1999 
                Partition
                  base file name: year=1999
                  input format: org.apache.hadoop.hive.ql.io.orc.OrcInputFormat
                  output format: org.apache.hadoop.hive.ql.io.orc.OrcOutputFormat
                  partition values:
                    year 1999
                  properties:
                    COLUMN_STATS_ACCURATE {"BASIC_STATS":"true","COLUMN_STATS":{"acousticness":"true","album":"true","album_id":"true","artist_ids":"true","artists":"true","danceability":"true","disc_number":"true","duration_ms":"true","energy":"true","explicit":"true","id":"true","instrumentalness":"true","key":"true","liveness":"true","loudness":"true","mode":"true","name":"true","release_date":"true","speechiness":"true","tempo":"true","time_signature":"true","track_number":"true","valence":"true"}}
                    bucket_count 11
                    bucket_field_name id
                    file.inputformat org.apache.hadoop.hive.ql.io.orc.OrcInputFormat
                    file.outputformat org.apache.hadoop.hive.ql.io.orc.OrcOutputFormat
                    location hdfs://hadoop-02.uni.innopolis.ru:8020/user/team11/project/hive/warehouse/tracks_part/year=1999
                    name team11_projectdb.tracks_part
                    numFiles 11
                    numRows 25931
                    partition_columns year
                    partition_columns.types int
                    rawDataSize 22571851
                    serialization.ddl struct tracks_part { string id, string name, string album, string album_id, string artists, string artist_ids, i32 track_number, i32 disc_number, bool explicit, double danceability, double energy, i32 key, double loudness, i32 mode, double speechiness, double acousticness, double instrumentalness, double liveness, double valence, double tempo, i32 duration_ms, double time_signature, string release_date}
                    serialization.format 1
                    serialization.lib org.apache.hadoop.hive.ql.io.orc.OrcSerde
                    totalSize 4006854
                    transient_lastDdlTime 1778427549
                  serde: org.apache.hadoop.hive.ql.io.orc.OrcSerde
                
                    input format: org.apache.hadoop.hive.ql.io.orc.OrcInputFormat
                    output format: org.apache.hadoop.hive.ql.io.orc.OrcOutputFormat
                    properties:
                      EXTERNAL TRUE
                      bucket_count 11
                      bucket_field_name id
                      bucketing_version 2
                      column.name.delimiter ,
                      columns id,name,album,album_id,artists,artist_ids,track_number,disc_number,explicit,danceability,energy,key,loudness,mode,speechiness,acousticness,instrumentalness,liveness,valence,tempo,duration_ms,time_signature,release_date
                      columns.comments 
                      columns.types string:string:string:string:string:string:int:int:boolean:double:double:int:double:int:double:double:double:double:double:double:int:double:string
                      file.inputformat org.apache.hadoop.hive.ql.io.orc.OrcInputFormat
                      file.outputformat org.apache.hadoop.hive.ql.io.orc.OrcOutputFormat
                      location hdfs://hadoop-02.uni.innopolis.ru:8020/user/team11/project/hive/warehouse/tracks_part
                      name team11_projectdb.tracks_part
                      orc.compress SNAPPY
                      partition_columns year
                      partition_columns.types int
                      serialization.ddl struct tracks_part { string id, string name, string album, string album_id, string artists, string artist_ids, i32 track_number, i32 disc_number, bool explicit, double danceability, double energy, i32 key, double loudness, i32 mode, double speechiness, double acousticness, double instrumentalness, double liveness, double valence, double tempo, i32 duration_ms, double time_signature, string release_date}
                      serialization.format 1
                      serialization.lib org.apache.hadoop.hive.ql.io.orc.OrcSerde
                      transient_lastDdlTime 1778427516
                    serde: org.apache.hadoop.hive.ql.io.orc.OrcSerde
                    name: team11_projectdb.tracks_part
                  name: team11_projectdb.tracks_part
              hdfs://hadoop-02.uni.innopolis.ru:8020/user/team11/project/hive/warehouse/tracks_part/year=2000 
                Partition
                  base file name: year=2000
                  input format: org.apache.hadoop.hive.ql.io.orc.OrcInputFormat
                  output format: org.apache.hadoop.hive.ql.io.orc.OrcOutputFormat
                  partition values:
                    year 2000
                  properties:
                    COLUMN_STATS_ACCURATE {"BASIC_STATS":"true","COLUMN_STATS":{"acousticness":"true","album":"true","album_id":"true","artist_ids":"true","artists":"true","danceability":"true","disc_number":"true","duration_ms":"true","energy":"true","explicit":"true","id":"true","instrumentalness":"true","key":"true","liveness":"true","loudness":"true","mode":"true","name":"true","release_date":"true","speechiness":"true","tempo":"true","time_signature":"true","track_number":"true","valence":"true"}}
                    bucket_count 11
                    bucket_field_name id
                    file.inputformat org.apache.hadoop.hive.ql.io.orc.OrcInputFormat
                    file.outputformat org.apache.hadoop.hive.ql.io.orc.OrcOutputFormat
                    location hdfs://hadoop-02.uni.innopolis.ru:8020/user/team11/project/hive/warehouse/tracks_part/year=2000
                    name team11_projectdb.tracks_part
                    numFiles 11
                    numRows 30575
                    partition_columns year
                    partition_columns.types int
                    rawDataSize 27025375
                    serialization.ddl struct tracks_part { string id, string name, string album, string album_id, string artists, string artist_ids, i32 track_number, i32 disc_number, bool explicit, double danceability, double energy, i32 key, double loudness, i32 mode, double speechiness, double acousticness, double instrumentalness, double liveness, double valence, double tempo, i32 duration_ms, double time_signature, string release_date}
                    serialization.format 1
                    serialization.lib org.apache.hadoop.hive.ql.io.orc.OrcSerde
                    totalSize 4768273
                    transient_lastDdlTime 1778427549
                  serde: org.apache.hadoop.hive.ql.io.orc.OrcSerde
                
                    input format: org.apache.hadoop.hive.ql.io.orc.OrcInputFormat
                    output format: org.apache.hadoop.hive.ql.io.orc.OrcOutputFormat
                    properties:
                      EXTERNAL TRUE
                      bucket_count 11
                      bucket_field_name id
                      bucketing_version 2
                      column.name.delimiter ,
                      columns id,name,album,album_id,artists,artist_ids,track_number,disc_number,explicit,danceability,energy,key,loudness,mode,speechiness,acousticness,instrumentalness,liveness,valence,tempo,duration_ms,time_signature,release_date
                      columns.comments 
                      columns.types string:string:string:string:string:string:int:int:boolean:double:double:int:double:int:double:double:double:double:double:double:int:double:string
                      file.inputformat org.apache.hadoop.hive.ql.io.orc.OrcInputFormat
                      file.outputformat org.apache.hadoop.hive.ql.io.orc.OrcOutputFormat
                      location hdfs://hadoop-02.uni.innopolis.ru:8020/user/team11/project/hive/warehouse/tracks_part
                      name team11_projectdb.tracks_part
                      orc.compress SNAPPY
                      partition_columns year
                      partition_columns.types int
                      serialization.ddl struct tracks_part { string id, string name, string album, string album_id, string artists, string artist_ids, i32 track_number, i32 disc_number, bool explicit, double danceability, double energy, i32 key, double loudness, i32 mode, double speechiness, double acousticness, double instrumentalness, double liveness, double valence, double tempo, i32 duration_ms, double time_signature, string release_date}
                      serialization.format 1
                      serialization.lib org.apache.hadoop.hive.ql.io.orc.OrcSerde
                      transient_lastDdlTime 1778427516
                    serde: org.apache.hadoop.hive.ql.io.orc.OrcSerde
                    name: team11_projectdb.tracks_part
                  name: team11_projectdb.tracks_part
              hdfs://hadoop-02.uni.innopolis.ru:8020/user/team11/project/hive/warehouse/tracks_part/year=2001 
                Partition
                  base file name: year=2001
                  input format: org.apache.hadoop.hive.ql.io.orc.OrcInputFormat
                  output format: org.apache.hadoop.hive.ql.io.orc.OrcOutputFormat
                  partition values:
                    year 2001
                  properties:
                    COLUMN_STATS_ACCURATE {"BASIC_STATS":"true","COLUMN_STATS":{"acousticness":"true","album":"true","album_id":"true","artist_ids":"true","artists":"true","danceability":"true","disc_number":"true","duration_ms":"true","energy":"true","explicit":"true","id":"true","instrumentalness":"true","key":"true","liveness":"true","loudness":"true","mode":"true","name":"true","release_date":"true","speechiness":"true","tempo":"true","time_signature":"true","track_number":"true","valence":"true"}}
                    bucket_count 11
                    bucket_field_name id
                    file.inputformat org.apache.hadoop.hive.ql.io.orc.OrcInputFormat
                    file.outputformat org.apache.hadoop.hive.ql.io.orc.OrcOutputFormat
                    location hdfs://hadoop-02.uni.innopolis.ru:8020/user/team11/project/hive/warehouse/tracks_part/year=2001
                    name team11_projectdb.tracks_part
                    numFiles 11
                    numRows 29378
                    partition_columns year
                    partition_columns.types int
                    rawDataSize 25092333
                    serialization.ddl struct tracks_part { string id, string name, string album, string album_id, string artists, string artist_ids, i32 track_number, i32 disc_number, bool explicit, double danceability, double energy, i32 key, double loudness, i32 mode, double speechiness, double acousticness, double instrumentalness, double liveness, double valence, double tempo, i32 duration_ms, double time_signature, string release_date}
                    serialization.format 1
                    serialization.lib org.apache.hadoop.hive.ql.io.orc.OrcSerde
                    totalSize 4366268
                    transient_lastDdlTime 1778427549
                  serde: org.apache.hadoop.hive.ql.io.orc.OrcSerde
                
                    input format: org.apache.hadoop.hive.ql.io.orc.OrcInputFormat
                    output format: org.apache.hadoop.hive.ql.io.orc.OrcOutputFormat
                    properties:
                      EXTERNAL TRUE
                      bucket_count 11
                      bucket_field_name id
                      bucketing_version 2
                      column.name.delimiter ,
                      columns id,name,album,album_id,artists,artist_ids,track_number,disc_number,explicit,danceability,energy,key,loudness,mode,speechiness,acousticness,instrumentalness,liveness,valence,tempo,duration_ms,time_signature,release_date
                      columns.comments 
                      columns.types string:string:string:string:string:string:int:int:boolean:double:double:int:double:int:double:double:double:double:double:double:int:double:string
                      file.inputformat org.apache.hadoop.hive.ql.io.orc.OrcInputFormat
                      file.outputformat org.apache.hadoop.hive.ql.io.orc.OrcOutputFormat
                      location hdfs://hadoop-02.uni.innopolis.ru:8020/user/team11/project/hive/warehouse/tracks_part
                      name team11_projectdb.tracks_part
                      orc.compress SNAPPY
                      partition_columns year
                      partition_columns.types int
                      serialization.ddl struct tracks_part { string id, string name, string album, string album_id, string artists, string artist_ids, i32 track_number, i32 disc_number, bool explicit, double danceability, double energy, i32 key, double loudness, i32 mode, double speechiness, double acousticness, double instrumentalness, double liveness, double valence, double tempo, i32 duration_ms, double time_signature, string release_date}
                      serialization.format 1
                      serialization.lib org.apache.hadoop.hive.ql.io.orc.OrcSerde
                      transient_lastDdlTime 1778427516
                    serde: org.apache.hadoop.hive.ql.io.orc.OrcSerde
                    name: team11_projectdb.tracks_part
                  name: team11_projectdb.tracks_part
              hdfs://hadoop-02.uni.innopolis.ru:8020/user/team11/project/hive/warehouse/tracks_part/year=2002 
                Partition
                  base file name: year=2002
                  input format: org.apache.hadoop.hive.ql.io.orc.OrcInputFormat
                  output format: org.apache.hadoop.hive.ql.io.orc.OrcOutputFormat
                  partition values:
                    year 2002
                  properties:
                    COLUMN_STATS_ACCURATE {"BASIC_STATS":"true","COLUMN_STATS":{"acousticness":"true","album":"true","album_id":"true","artist_ids":"true","artists":"true","danceability":"true","disc_number":"true","duration_ms":"true","energy":"true","explicit":"true","id":"true","instrumentalness":"true","key":"true","liveness":"true","loudness":"true","mode":"true","name":"true","release_date":"true","speechiness":"true","tempo":"true","time_signature":"true","track_number":"true","valence":"true"}}
                    bucket_count 11
                    bucket_field_name id
                    file.inputformat org.apache.hadoop.hive.ql.io.orc.OrcInputFormat
                    file.outputformat org.apache.hadoop.hive.ql.io.orc.OrcOutputFormat
                    location hdfs://hadoop-02.uni.innopolis.ru:8020/user/team11/project/hive/warehouse/tracks_part/year=2002
                    name team11_projectdb.tracks_part
                    numFiles 11
                    numRows 30861
                    partition_columns year
                    partition_columns.types int
                    rawDataSize 26254741
                    serialization.ddl struct tracks_part { string id, string name, string album, string album_id, string artists, string artist_ids, i32 track_number, i32 disc_number, bool explicit, double danceability, double energy, i32 key, double loudness, i32 mode, double speechiness, double acousticness, double instrumentalness, double liveness, double valence, double tempo, i32 duration_ms, double time_signature, string release_date}
                    serialization.format 1
                    serialization.lib org.apache.hadoop.hive.ql.io.orc.OrcSerde
                    totalSize 4547089
                    transient_lastDdlTime 1778427549
                  serde: org.apache.hadoop.hive.ql.io.orc.OrcSerde
                
                    input format: org.apache.hadoop.hive.ql.io.orc.OrcInputFormat
                    output format: org.apache.hadoop.hive.ql.io.orc.OrcOutputFormat
                    properties:
                      EXTERNAL TRUE
                      bucket_count 11
                      bucket_field_name id
                      bucketing_version 2
                      column.name.delimiter ,
                      columns id,name,album,album_id,artists,artist_ids,track_number,disc_number,explicit,danceability,energy,key,loudness,mode,speechiness,acousticness,instrumentalness,liveness,valence,tempo,duration_ms,time_signature,release_date
                      columns.comments 
                      columns.types string:string:string:string:string:string:int:int:boolean:double:double:int:double:int:double:double:double:double:double:double:int:double:string
                      file.inputformat org.apache.hadoop.hive.ql.io.orc.OrcInputFormat
                      file.outputformat org.apache.hadoop.hive.ql.io.orc.OrcOutputFormat
                      location hdfs://hadoop-02.uni.innopolis.ru:8020/user/team11/project/hive/warehouse/tracks_part
                      name team11_projectdb.tracks_part
                      orc.compress SNAPPY
                      partition_columns year
                      partition_columns.types int
                      serialization.ddl struct tracks_part { string id, string name, string album, string album_id, string artists, string artist_ids, i32 track_number, i32 disc_number, bool explicit, double danceability, double energy, i32 key, double loudness, i32 mode, double speechiness, double acousticness, double instrumentalness, double liveness, double valence, double tempo, i32 duration_ms, double time_signature, string release_date}
                      serialization.format 1
                      serialization.lib org.apache.hadoop.hive.ql.io.orc.OrcSerde
                      transient_lastDdlTime 1778427516
                    serde: org.apache.hadoop.hive.ql.io.orc.OrcSerde
                    name: team11_projectdb.tracks_part
                  name: team11_projectdb.tracks_part
              hdfs://hadoop-02.uni.innopolis.ru:8020/user/team11/project/hive/warehouse/tracks_part/year=2003 
                Partition
                  base file name: year=2003
                  input format: org.apache.hadoop.hive.ql.io.orc.OrcInputFormat
                  output format: org.apache.hadoop.hive.ql.io.orc.OrcOutputFormat
                  partition values:
                    year 2003
                  properties:
                    COLUMN_STATS_ACCURATE {"BASIC_STATS":"true","COLUMN_STATS":{"acousticness":"true","album":"true","album_id":"true","artist_ids":"true","artists":"true","danceability":"true","disc_number":"true","duration_ms":"true","energy":"true","explicit":"true","id":"true","instrumentalness":"true","key":"true","liveness":"true","loudness":"true","mode":"true","name":"true","release_date":"true","speechiness":"true","tempo":"true","time_signature":"true","track_number":"true","valence":"true"}}
                    bucket_count 11
                    bucket_field_name id
                    file.inputformat org.apache.hadoop.hive.ql.io.orc.OrcInputFormat
                    file.outputformat org.apache.hadoop.hive.ql.io.orc.OrcOutputFormat
                    location hdfs://hadoop-02.uni.innopolis.ru:8020/user/team11/project/hive/warehouse/tracks_part/year=2003
                    name team11_projectdb.tracks_part
                    numFiles 11
                    numRows 34996
                    partition_columns year
                    partition_columns.types int
                    rawDataSize 29798002
                    serialization.ddl struct tracks_part { string id, string name, string album, string album_id, string artists, string artist_ids, i32 track_number, i32 disc_number, bool explicit, double danceability, double energy, i32 key, double loudness, i32 mode, double speechiness, double acousticness, double instrumentalness, double liveness, double valence, double tempo, i32 duration_ms, double time_signature, string release_date}
                    serialization.format 1
                    serialization.lib org.apache.hadoop.hive.ql.io.orc.OrcSerde
                    totalSize 5145292
                    transient_lastDdlTime 1778427549
                  serde: org.apache.hadoop.hive.ql.io.orc.OrcSerde
                
                    input format: org.apache.hadoop.hive.ql.io.orc.OrcInputFormat
                    output format: org.apache.hadoop.hive.ql.io.orc.OrcOutputFormat
                    properties:
                      EXTERNAL TRUE
                      bucket_count 11
                      bucket_field_name id
                      bucketing_version 2
                      column.name.delimiter ,
                      columns id,name,album,album_id,artists,artist_ids,track_number,disc_number,explicit,danceability,energy,key,loudness,mode,speechiness,acousticness,instrumentalness,liveness,valence,tempo,duration_ms,time_signature,release_date
                      columns.comments 
                      columns.types string:string:string:string:string:string:int:int:boolean:double:double:int:double:int:double:double:double:double:double:double:int:double:string
                      file.inputformat org.apache.hadoop.hive.ql.io.orc.OrcInputFormat
                      file.outputformat org.apache.hadoop.hive.ql.io.orc.OrcOutputFormat
                      location hdfs://hadoop-02.uni.innopolis.ru:8020/user/team11/project/hive/warehouse/tracks_part
                      name team11_projectdb.tracks_part
                      orc.compress SNAPPY
                      partition_columns year
                      partition_columns.types int
                      serialization.ddl struct tracks_part { string id, string name, string album, string album_id, string artists, string artist_ids, i32 track_number, i32 disc_number, bool explicit, double danceability, double energy, i32 key, double loudness, i32 mode, double speechiness, double acousticness, double instrumentalness, double liveness, double valence, double tempo, i32 duration_ms, double time_signature, string release_date}
                      serialization.format 1
                      serialization.lib org.apache.hadoop.hive.ql.io.orc.OrcSerde
                      transient_lastDdlTime 1778427516
                    serde: org.apache.hadoop.hive.ql.io.orc.OrcSerde
                    name: team11_projectdb.tracks_part
                  name: team11_projectdb.tracks_part
              hdfs://hadoop-02.uni.innopolis.ru:8020/user/team11/project/hive/warehouse/tracks_part/year=2004 
                Partition
                  base file name: year=2004
                  input format: org.apache.hadoop.hive.ql.io.orc.OrcInputFormat
                  output format: org.apache.hadoop.hive.ql.io.orc.OrcOutputFormat
                  partition values:
                    year 2004
                  properties:
                    COLUMN_STATS_ACCURATE {"BASIC_STATS":"true","COLUMN_STATS":{"acousticness":"true","album":"true","album_id":"true","artist_ids":"true","artists":"true","danceability":"true","disc_number":"true","duration_ms":"true","energy":"true","explicit":"true","id":"true","instrumentalness":"true","key":"true","liveness":"true","loudness":"true","mode":"true","name":"true","release_date":"true","speechiness":"true","tempo":"true","time_signature":"true","track_number":"true","valence":"true"}}
                    bucket_count 11
                    bucket_field_name id
                    file.inputformat org.apache.hadoop.hive.ql.io.orc.OrcInputFormat
                    file.outputformat org.apache.hadoop.hive.ql.io.orc.OrcOutputFormat
                    location hdfs://hadoop-02.uni.innopolis.ru:8020/user/team11/project/hive/warehouse/tracks_part/year=2004
                    name team11_projectdb.tracks_part
                    numFiles 11
                    numRows 38696
                    partition_columns year
                    partition_columns.types int
                    rawDataSize 32887585
                    serialization.ddl struct tracks_part { string id, string name, string album, string album_id, string artists, string artist_ids, i32 track_number, i32 disc_number, bool explicit, double danceability, double energy, i32 key, double loudness, i32 mode, double speechiness, double acousticness, double instrumentalness, double liveness, double valence, double tempo, i32 duration_ms, double time_signature, string release_date}
                    serialization.format 1
                    serialization.lib org.apache.hadoop.hive.ql.io.orc.OrcSerde
                    totalSize 5651165
                    transient_lastDdlTime 1778427549
                  serde: org.apache.hadoop.hive.ql.io.orc.OrcSerde
                
                    input format: org.apache.hadoop.hive.ql.io.orc.OrcInputFormat
                    output format: org.apache.hadoop.hive.ql.io.orc.OrcOutputFormat
                    properties:
                      EXTERNAL TRUE
                      bucket_count 11
                      bucket_field_name id
                      bucketing_version 2
                      column.name.delimiter ,
                      columns id,name,album,album_id,artists,artist_ids,track_number,disc_number,explicit,danceability,energy,key,loudness,mode,speechiness,acousticness,instrumentalness,liveness,valence,tempo,duration_ms,time_signature,release_date
                      columns.comments 
                      columns.types string:string:string:string:string:string:int:int:boolean:double:double:int:double:int:double:double:double:double:double:double:int:double:string
                      file.inputformat org.apache.hadoop.hive.ql.io.orc.OrcInputFormat
                      file.outputformat org.apache.hadoop.hive.ql.io.orc.OrcOutputFormat
                      location hdfs://hadoop-02.uni.innopolis.ru:8020/user/team11/project/hive/warehouse/tracks_part
                      name team11_projectdb.tracks_part
                      orc.compress SNAPPY
                      partition_columns year
                      partition_columns.types int
                      serialization.ddl struct tracks_part { string id, string name, string album, string album_id, string artists, string artist_ids, i32 track_number, i32 disc_number, bool explicit, double danceability, double energy, i32 key, double loudness, i32 mode, double speechiness, double acousticness, double instrumentalness, double liveness, double valence, double tempo, i32 duration_ms, double time_signature, string release_date}
                      serialization.format 1
                      serialization.lib org.apache.hadoop.hive.ql.io.orc.OrcSerde
                      transient_lastDdlTime 1778427516
                    serde: org.apache.hadoop.hive.ql.io.orc.OrcSerde
                    name: team11_projectdb.tracks_part
                  name: team11_projectdb.tracks_part
              hdfs://hadoop-02.uni.innopolis.ru:8020/user/team11/project/hive/warehouse/tracks_part/year=2005 
                Partition
                  base file name: year=2005
                  input format: org.apache.hadoop.hive.ql.io.orc.OrcInputFormat
                  output format: org.apache.hadoop.hive.ql.io.orc.OrcOutputFormat
                  partition values:
                    year 2005
                  properties:
                    COLUMN_STATS_ACCURATE {"BASIC_STATS":"true","COLUMN_STATS":{"acousticness":"true","album":"true","album_id":"true","artist_ids":"true","artists":"true","danceability":"true","disc_number":"true","duration_ms":"true","energy":"true","explicit":"true","id":"true","instrumentalness":"true","key":"true","liveness":"true","loudness":"true","mode":"true","name":"true","release_date":"true","speechiness":"true","tempo":"true","time_signature":"true","track_number":"true","valence":"true"}}
                    bucket_count 11
                    bucket_field_name id
                    file.inputformat org.apache.hadoop.hive.ql.io.orc.OrcInputFormat
                    file.outputformat org.apache.hadoop.hive.ql.io.orc.OrcOutputFormat
                    location hdfs://hadoop-02.uni.innopolis.ru:8020/user/team11/project/hive/warehouse/tracks_part/year=2005
                    name team11_projectdb.tracks_part
                    numFiles 11
                    numRows 49977
                    partition_columns year
                    partition_columns.types int
                    rawDataSize 42625780
                    serialization.ddl struct tracks_part { string id, string name, string album, string album_id, string artists, string artist_ids, i32 track_number, i32 disc_number, bool explicit, double danceability, double energy, i32 key, double loudness, i32 mode, double speechiness, double acousticness, double instrumentalness, double liveness, double valence, double tempo, i32 duration_ms, double time_signature, string release_date}
                    serialization.format 1
                    serialization.lib org.apache.hadoop.hive.ql.io.orc.OrcSerde
                    totalSize 7204948
                    transient_lastDdlTime 1778427549
                  serde: org.apache.hadoop.hive.ql.io.orc.OrcSerde
                
                    input format: org.apache.hadoop.hive.ql.io.orc.OrcInputFormat
                    output format: org.apache.hadoop.hive.ql.io.orc.OrcOutputFormat
                    properties:
                      EXTERNAL TRUE
                      bucket_count 11
                      bucket_field_name id
                      bucketing_version 2
                      column.name.delimiter ,
                      columns id,name,album,album_id,artists,artist_ids,track_number,disc_number,explicit,danceability,energy,key,loudness,mode,speechiness,acousticness,instrumentalness,liveness,valence,tempo,duration_ms,time_signature,release_date
                      columns.comments 
                      columns.types string:string:string:string:string:string:int:int:boolean:double:double:int:double:int:double:double:double:double:double:double:int:double:string
                      file.inputformat org.apache.hadoop.hive.ql.io.orc.OrcInputFormat
                      file.outputformat org.apache.hadoop.hive.ql.io.orc.OrcOutputFormat
                      location hdfs://hadoop-02.uni.innopolis.ru:8020/user/team11/project/hive/warehouse/tracks_part
                      name team11_projectdb.tracks_part
                      orc.compress SNAPPY
                      partition_columns year
                      partition_columns.types int
                      serialization.ddl struct tracks_part { string id, string name, string album, string album_id, string artists, string artist_ids, i32 track_number, i32 disc_number, bool explicit, double danceability, double energy, i32 key, double loudness, i32 mode, double speechiness, double acousticness, double instrumentalness, double liveness, double valence, double tempo, i32 duration_ms, double time_signature, string release_date}
                      serialization.format 1
                      serialization.lib org.apache.hadoop.hive.ql.io.orc.OrcSerde
                      transient_lastDdlTime 1778427516
                    serde: org.apache.hadoop.hive.ql.io.orc.OrcSerde
                    name: team11_projectdb.tracks_part
                  name: team11_projectdb.tracks_part
              hdfs://hadoop-02.uni.innopolis.ru:8020/user/team11/project/hive/warehouse/tracks_part/year=2006 
                Partition
                  base file name: year=2006
                  input format: org.apache.hadoop.hive.ql.io.orc.OrcInputFormat
                  output format: org.apache.hadoop.hive.ql.io.orc.OrcOutputFormat
                  partition values:
                    year 2006
                  properties:
                    COLUMN_STATS_ACCURATE {"BASIC_STATS":"true","COLUMN_STATS":{"acousticness":"true","album":"true","album_id":"true","artist_ids":"true","artists":"true","danceability":"true","disc_number":"true","duration_ms":"true","energy":"true","explicit":"true","id":"true","instrumentalness":"true","key":"true","liveness":"true","loudness":"true","mode":"true","name":"true","release_date":"true","speechiness":"true","tempo":"true","time_signature":"true","track_number":"true","valence":"true"}}
                    bucket_count 11
                    bucket_field_name id
                    file.inputformat org.apache.hadoop.hive.ql.io.orc.OrcInputFormat
                    file.outputformat org.apache.hadoop.hive.ql.io.orc.OrcOutputFormat
                    location hdfs://hadoop-02.uni.innopolis.ru:8020/user/team11/project/hive/warehouse/tracks_part/year=2006
                    name team11_projectdb.tracks_part
                    numFiles 11
                    numRows 56945
                    partition_columns year
                    partition_columns.types int
                    rawDataSize 48434299
                    serialization.ddl struct tracks_part { string id, string name, string album, string album_id, string artists, string artist_ids, i32 track_number, i32 disc_number, bool explicit, double danceability, double energy, i32 key, double loudness, i32 mode, double speechiness, double acousticness, double instrumentalness, double liveness, double valence, double tempo, i32 duration_ms, double time_signature, string release_date}
                    serialization.format 1
                    serialization.lib org.apache.hadoop.hive.ql.io.orc.OrcSerde
                    totalSize 8305645
                    transient_lastDdlTime 1778427549
                  serde: org.apache.hadoop.hive.ql.io.orc.OrcSerde
                
                    input format: org.apache.hadoop.hive.ql.io.orc.OrcInputFormat
                    output format: org.apache.hadoop.hive.ql.io.orc.OrcOutputFormat
                    properties:
                      EXTERNAL TRUE
                      bucket_count 11
                      bucket_field_name id
                      bucketing_version 2
                      column.name.delimiter ,
                      columns id,name,album,album_id,artists,artist_ids,track_number,disc_number,explicit,danceability,energy,key,loudness,mode,speechiness,acousticness,instrumentalness,liveness,valence,tempo,duration_ms,time_signature,release_date
                      columns.comments 
                      columns.types string:string:string:string:string:string:int:int:boolean:double:double:int:double:int:double:double:double:double:double:double:int:double:string
                      file.inputformat org.apache.hadoop.hive.ql.io.orc.OrcInputFormat
                      file.outputformat org.apache.hadoop.hive.ql.io.orc.OrcOutputFormat
                      location hdfs://hadoop-02.uni.innopolis.ru:8020/user/team11/project/hive/warehouse/tracks_part
                      name team11_projectdb.tracks_part
                      orc.compress SNAPPY
                      partition_columns year
                      partition_columns.types int
                      serialization.ddl struct tracks_part { string id, string name, string album, string album_id, string artists, string artist_ids, i32 track_number, i32 disc_number, bool explicit, double danceability, double energy, i32 key, double loudness, i32 mode, double speechiness, double acousticness, double instrumentalness, double liveness, double valence, double tempo, i32 duration_ms, double time_signature, string release_date}
                      serialization.format 1
                      serialization.lib org.apache.hadoop.hive.ql.io.orc.OrcSerde
                      transient_lastDdlTime 1778427516
                    serde: org.apache.hadoop.hive.ql.io.orc.OrcSerde
                    name: team11_projectdb.tracks_part
                  name: team11_projectdb.tracks_part
              hdfs://hadoop-02.uni.innopolis.ru:8020/user/team11/project/hive/warehouse/tracks_part/year=2007 
                Partition
                  base file name: year=2007
                  input format: org.apache.hadoop.hive.ql.io.orc.OrcInputFormat
                  output format: org.apache.hadoop.hive.ql.io.orc.OrcOutputFormat
                  partition values:
                    year 2007
                  properties:
                    COLUMN_STATS_ACCURATE {"BASIC_STATS":"true","COLUMN_STATS":{"acousticness":"true","album":"true","album_id":"true","artist_ids":"true","artists":"true","danceability":"true","disc_number":"true","duration_ms":"true","energy":"true","explicit":"true","id":"true","instrumentalness":"true","key":"true","liveness":"true","loudness":"true","mode":"true","name":"true","release_date":"true","speechiness":"true","tempo":"true","time_signature":"true","track_number":"true","valence":"true"}}
                    bucket_count 11
                    bucket_field_name id
                    file.inputformat org.apache.hadoop.hive.ql.io.orc.OrcInputFormat
                    file.outputformat org.apache.hadoop.hive.ql.io.orc.OrcOutputFormat
                    location hdfs://hadoop-02.uni.innopolis.ru:8020/user/team11/project/hive/warehouse/tracks_part/year=2007
                    name team11_projectdb.tracks_part
                    numFiles 11
                    numRows 56287
                    partition_columns year
                    partition_columns.types int
                    rawDataSize 48058896
                    serialization.ddl struct tracks_part { string id, string name, string album, string album_id, string artists, string artist_ids, i32 track_number, i32 disc_number, bool explicit, double danceability, double energy, i32 key, double loudness, i32 mode, double speechiness, double acousticness, double instrumentalness, double liveness, double valence, double tempo, i32 duration_ms, double time_signature, string release_date}
                    serialization.format 1
                    serialization.lib org.apache.hadoop.hive.ql.io.orc.OrcSerde
                    totalSize 8204689
                    transient_lastDdlTime 1778427549
                  serde: org.apache.hadoop.hive.ql.io.orc.OrcSerde
                
                    input format: org.apache.hadoop.hive.ql.io.orc.OrcInputFormat
                    output format: org.apache.hadoop.hive.ql.io.orc.OrcOutputFormat
                    properties:
                      EXTERNAL TRUE
                      bucket_count 11
                      bucket_field_name id
                      bucketing_version 2
                      column.name.delimiter ,
                      columns id,name,album,album_id,artists,artist_ids,track_number,disc_number,explicit,danceability,energy,key,loudness,mode,speechiness,acousticness,instrumentalness,liveness,valence,tempo,duration_ms,time_signature,release_date
                      columns.comments 
                      columns.types string:string:string:string:string:string:int:int:boolean:double:double:int:double:int:double:double:double:double:double:double:int:double:string
                      file.inputformat org.apache.hadoop.hive.ql.io.orc.OrcInputFormat
                      file.outputformat org.apache.hadoop.hive.ql.io.orc.OrcOutputFormat
                      location hdfs://hadoop-02.uni.innopolis.ru:8020/user/team11/project/hive/warehouse/tracks_part
                      name team11_projectdb.tracks_part
                      orc.compress SNAPPY
                      partition_columns year
                      partition_columns.types int
                      serialization.ddl struct tracks_part { string id, string name, string album, string album_id, string artists, string artist_ids, i32 track_number, i32 disc_number, bool explicit, double danceability, double energy, i32 key, double loudness, i32 mode, double speechiness, double acousticness, double instrumentalness, double liveness, double valence, double tempo, i32 duration_ms, double time_signature, string release_date}
                      serialization.format 1
                      serialization.lib org.apache.hadoop.hive.ql.io.orc.OrcSerde
                      transient_lastDdlTime 1778427516
                    serde: org.apache.hadoop.hive.ql.io.orc.OrcSerde
                    name: team11_projectdb.tracks_part
                  name: team11_projectdb.tracks_part
              hdfs://hadoop-02.uni.innopolis.ru:8020/user/team11/project/hive/warehouse/tracks_part/year=2008 
                Partition
                  base file name: year=2008
                  input format: org.apache.hadoop.hive.ql.io.orc.OrcInputFormat
                  output format: org.apache.hadoop.hive.ql.io.orc.OrcOutputFormat
                  partition values:
                    year 2008
                  properties:
                    COLUMN_STATS_ACCURATE {"BASIC_STATS":"true","COLUMN_STATS":{"acousticness":"true","album":"true","album_id":"true","artist_ids":"true","artists":"true","danceability":"true","disc_number":"true","duration_ms":"true","energy":"true","explicit":"true","id":"true","instrumentalness":"true","key":"true","liveness":"true","loudness":"true","mode":"true","name":"true","release_date":"true","speechiness":"true","tempo":"true","time_signature":"true","track_number":"true","valence":"true"}}
                    bucket_count 11
                    bucket_field_name id
                    file.inputformat org.apache.hadoop.hive.ql.io.orc.OrcInputFormat
                    file.outputformat org.apache.hadoop.hive.ql.io.orc.OrcOutputFormat
                    location hdfs://hadoop-02.uni.innopolis.ru:8020/user/team11/project/hive/warehouse/tracks_part/year=2008
                    name team11_projectdb.tracks_part
                    numFiles 11
                    numRows 50475
                    partition_columns year
                    partition_columns.types int
                    rawDataSize 42867226
                    serialization.ddl struct tracks_part { string id, string name, string album, string album_id, string artists, string artist_ids, i32 track_number, i32 disc_number, bool explicit, double danceability, double energy, i32 key, double loudness, i32 mode, double speechiness, double acousticness, double instrumentalness, double liveness, double valence, double tempo, i32 duration_ms, double time_signature, string release_date}
                    serialization.format 1
                    serialization.lib org.apache.hadoop.hive.ql.io.orc.OrcSerde
                    totalSize 7248744
                    transient_lastDdlTime 1778427549
                  serde: org.apache.hadoop.hive.ql.io.orc.OrcSerde
                
                    input format: org.apache.hadoop.hive.ql.io.orc.OrcInputFormat
                    output format: org.apache.hadoop.hive.ql.io.orc.OrcOutputFormat
                    properties:
                      EXTERNAL TRUE
                      bucket_count 11
                      bucket_field_name id
                      bucketing_version 2
                      column.name.delimiter ,
                      columns id,name,album,album_id,artists,artist_ids,track_number,disc_number,explicit,danceability,energy,key,loudness,mode,speechiness,acousticness,instrumentalness,liveness,valence,tempo,duration_ms,time_signature,release_date
                      columns.comments 
                      columns.types string:string:string:string:string:string:int:int:boolean:double:double:int:double:int:double:double:double:double:double:double:int:double:string
                      file.inputformat org.apache.hadoop.hive.ql.io.orc.OrcInputFormat
                      file.outputformat org.apache.hadoop.hive.ql.io.orc.OrcOutputFormat
                      location hdfs://hadoop-02.uni.innopolis.ru:8020/user/team11/project/hive/warehouse/tracks_part
                      name team11_projectdb.tracks_part
                      orc.compress SNAPPY
                      partition_columns year
                      partition_columns.types int
                      serialization.ddl struct tracks_part { string id, string name, string album, string album_id, string artists, string artist_ids, i32 track_number, i32 disc_number, bool explicit, double danceability, double energy, i32 key, double loudness, i32 mode, double speechiness, double acousticness, double instrumentalness, double liveness, double valence, double tempo, i32 duration_ms, double time_signature, string release_date}
                      serialization.format 1
                      serialization.lib org.apache.hadoop.hive.ql.io.orc.OrcSerde
                      transient_lastDdlTime 1778427516
                    serde: org.apache.hadoop.hive.ql.io.orc.OrcSerde
                    name: team11_projectdb.tracks_part
                  name: team11_projectdb.tracks_part
              hdfs://hadoop-02.uni.innopolis.ru:8020/user/team11/project/hive/warehouse/tracks_part/year=2009 
                Partition
                  base file name: year=2009
                  input format: org.apache.hadoop.hive.ql.io.orc.OrcInputFormat
                  output format: org.apache.hadoop.hive.ql.io.orc.OrcOutputFormat
                  partition values:
                    year 2009
                  properties:
                    COLUMN_STATS_ACCURATE {"BASIC_STATS":"true","COLUMN_STATS":{"acousticness":"true","album":"true","album_id":"true","artist_ids":"true","artists":"true","danceability":"true","disc_number":"true","duration_ms":"true","energy":"true","explicit":"true","id":"true","instrumentalness":"true","key":"true","liveness":"true","loudness":"true","mode":"true","name":"true","release_date":"true","speechiness":"true","tempo":"true","time_signature":"true","track_number":"true","valence":"true"}}
                    bucket_count 11
                    bucket_field_name id
                    file.inputformat org.apache.hadoop.hive.ql.io.orc.OrcInputFormat
                    file.outputformat org.apache.hadoop.hive.ql.io.orc.OrcOutputFormat
                    location hdfs://hadoop-02.uni.innopolis.ru:8020/user/team11/project/hive/warehouse/tracks_part/year=2009
                    name team11_projectdb.tracks_part
                    numFiles 11
                    numRows 45563
                    partition_columns year
                    partition_columns.types int
                    rawDataSize 38823709
                    serialization.ddl struct tracks_part { string id, string name, string album, string album_id, string artists, string artist_ids, i32 track_number, i32 disc_number, bool explicit, double danceability, double energy, i32 key, double loudness, i32 mode, double speechiness, double acousticness, double instrumentalness, double liveness, double valence, double tempo, i32 duration_ms, double time_signature, string release_date}
                    serialization.format 1
                    serialization.lib org.apache.hadoop.hive.ql.io.orc.OrcSerde
                    totalSize 6695496
                    transient_lastDdlTime 1778427549
                  serde: org.apache.hadoop.hive.ql.io.orc.OrcSerde
                
                    input format: org.apache.hadoop.hive.ql.io.orc.OrcInputFormat
                    output format: org.apache.hadoop.hive.ql.io.orc.OrcOutputFormat
                    properties:
                      EXTERNAL TRUE
                      bucket_count 11
                      bucket_field_name id
                      bucketing_version 2
                      column.name.delimiter ,
                      columns id,name,album,album_id,artists,artist_ids,track_number,disc_number,explicit,danceability,energy,key,loudness,mode,speechiness,acousticness,instrumentalness,liveness,valence,tempo,duration_ms,time_signature,release_date
                      columns.comments 
                      columns.types string:string:string:string:string:string:int:int:boolean:double:double:int:double:int:double:double:double:double:double:double:int:double:string
                      file.inputformat org.apache.hadoop.hive.ql.io.orc.OrcInputFormat
                      file.outputformat org.apache.hadoop.hive.ql.io.orc.OrcOutputFormat
                      location hdfs://hadoop-02.uni.innopolis.ru:8020/user/team11/project/hive/warehouse/tracks_part
                      name team11_projectdb.tracks_part
                      orc.compress SNAPPY
                      partition_columns year
                      partition_columns.types int
                      serialization.ddl struct tracks_part { string id, string name, string album, string album_id, string artists, string artist_ids, i32 track_number, i32 disc_number, bool explicit, double danceability, double energy, i32 key, double loudness, i32 mode, double speechiness, double acousticness, double instrumentalness, double liveness, double valence, double tempo, i32 duration_ms, double time_signature, string release_date}
                      serialization.format 1
                      serialization.lib org.apache.hadoop.hive.ql.io.orc.OrcSerde
                      transient_lastDdlTime 1778427516
                    serde: org.apache.hadoop.hive.ql.io.orc.OrcSerde
                    name: team11_projectdb.tracks_part
                  name: team11_projectdb.tracks_part
              hdfs://hadoop-02.uni.innopolis.ru:8020/user/team11/project/hive/warehouse/tracks_part/year=2010 
                Partition
                  base file name: year=2010
                  input format: org.apache.hadoop.hive.ql.io.orc.OrcInputFormat
                  output format: org.apache.hadoop.hive.ql.io.orc.OrcOutputFormat
                  partition values:
                    year 2010
                  properties:
                    COLUMN_STATS_ACCURATE {"BASIC_STATS":"true","COLUMN_STATS":{"acousticness":"true","album":"true","album_id":"true","artist_ids":"true","artists":"true","danceability":"true","disc_number":"true","duration_ms":"true","energy":"true","explicit":"true","id":"true","instrumentalness":"true","key":"true","liveness":"true","loudness":"true","mode":"true","name":"true","release_date":"true","speechiness":"true","tempo":"true","time_signature":"true","track_number":"true","valence":"true"}}
                    bucket_count 11
                    bucket_field_name id
                    file.inputformat org.apache.hadoop.hive.ql.io.orc.OrcInputFormat
                    file.outputformat org.apache.hadoop.hive.ql.io.orc.OrcOutputFormat
                    location hdfs://hadoop-02.uni.innopolis.ru:8020/user/team11/project/hive/warehouse/tracks_part/year=2010
                    name team11_projectdb.tracks_part
                    numFiles 11
                    numRows 44550
                    partition_columns year
                    partition_columns.types int
                    rawDataSize 38086125
                    serialization.ddl struct tracks_part { string id, string name, string album, string album_id, string artists, string artist_ids, i32 track_number, i32 disc_number, bool explicit, double danceability, double energy, i32 key, double loudness, i32 mode, double speechiness, double acousticness, double instrumentalness, double liveness, double valence, double tempo, i32 duration_ms, double time_signature, string release_date}
                    serialization.format 1
                    serialization.lib org.apache.hadoop.hive.ql.io.orc.OrcSerde
                    totalSize 6599279
                    transient_lastDdlTime 1778427549
                  serde: org.apache.hadoop.hive.ql.io.orc.OrcSerde
                
                    input format: org.apache.hadoop.hive.ql.io.orc.OrcInputFormat
                    output format: org.apache.hadoop.hive.ql.io.orc.OrcOutputFormat
                    properties:
                      EXTERNAL TRUE
                      bucket_count 11
                      bucket_field_name id
                      bucketing_version 2
                      column.name.delimiter ,
                      columns id,name,album,album_id,artists,artist_ids,track_number,disc_number,explicit,danceability,energy,key,loudness,mode,speechiness,acousticness,instrumentalness,liveness,valence,tempo,duration_ms,time_signature,release_date
                      columns.comments 
                      columns.types string:string:string:string:string:string:int:int:boolean:double:double:int:double:int:double:double:double:double:double:double:int:double:string
                      file.inputformat org.apache.hadoop.hive.ql.io.orc.OrcInputFormat
                      file.outputformat org.apache.hadoop.hive.ql.io.orc.OrcOutputFormat
                      location hdfs://hadoop-02.uni.innopolis.ru:8020/user/team11/project/hive/warehouse/tracks_part
                      name team11_projectdb.tracks_part
                      orc.compress SNAPPY
                      partition_columns year
                      partition_columns.types int
                      serialization.ddl struct tracks_part { string id, string name, string album, string album_id, string artists, string artist_ids, i32 track_number, i32 disc_number, bool explicit, double danceability, double energy, i32 key, double loudness, i32 mode, double speechiness, double acousticness, double instrumentalness, double liveness, double valence, double tempo, i32 duration_ms, double time_signature, string release_date}
                      serialization.format 1
                      serialization.lib org.apache.hadoop.hive.ql.io.orc.OrcSerde
                      transient_lastDdlTime 1778427516
                    serde: org.apache.hadoop.hive.ql.io.orc.OrcSerde
                    name: team11_projectdb.tracks_part
                  name: team11_projectdb.tracks_part
              hdfs://hadoop-02.uni.innopolis.ru:8020/user/team11/project/hive/warehouse/tracks_part/year=2011 
                Partition
                  base file name: year=2011
                  input format: org.apache.hadoop.hive.ql.io.orc.OrcInputFormat
                  output format: org.apache.hadoop.hive.ql.io.orc.OrcOutputFormat
                  partition values:
                    year 2011
                  properties:
                    COLUMN_STATS_ACCURATE {"BASIC_STATS":"true","COLUMN_STATS":{"acousticness":"true","album":"true","album_id":"true","artist_ids":"true","artists":"true","danceability":"true","disc_number":"true","duration_ms":"true","energy":"true","explicit":"true","id":"true","instrumentalness":"true","key":"true","liveness":"true","loudness":"true","mode":"true","name":"true","release_date":"true","speechiness":"true","tempo":"true","time_signature":"true","track_number":"true","valence":"true"}}
                    bucket_count 11
                    bucket_field_name id
                    file.inputformat org.apache.hadoop.hive.ql.io.orc.OrcInputFormat
                    file.outputformat org.apache.hadoop.hive.ql.io.orc.OrcOutputFormat
                    location hdfs://hadoop-02.uni.innopolis.ru:8020/user/team11/project/hive/warehouse/tracks_part/year=2011
                    name team11_projectdb.tracks_part
                    numFiles 11
                    numRows 45642
                    partition_columns year
                    partition_columns.types int
                    rawDataSize 38986018
                    serialization.ddl struct tracks_part { string id, string name, string album, string album_id, string artists, string artist_ids, i32 track_number, i32 disc_number, bool explicit, double danceability, double energy, i32 key, double loudness, i32 mode, double speechiness, double acousticness, double instrumentalness, double liveness, double valence, double tempo, i32 duration_ms, double time_signature, string release_date}
                    serialization.format 1
                    serialization.lib org.apache.hadoop.hive.ql.io.orc.OrcSerde
                    totalSize 6781154
                    transient_lastDdlTime 1778427549
                  serde: org.apache.hadoop.hive.ql.io.orc.OrcSerde
                
                    input format: org.apache.hadoop.hive.ql.io.orc.OrcInputFormat
                    output format: org.apache.hadoop.hive.ql.io.orc.OrcOutputFormat
                    properties:
                      EXTERNAL TRUE
                      bucket_count 11
                      bucket_field_name id
                      bucketing_version 2
                      column.name.delimiter ,
                      columns id,name,album,album_id,artists,artist_ids,track_number,disc_number,explicit,danceability,energy,key,loudness,mode,speechiness,acousticness,instrumentalness,liveness,valence,tempo,duration_ms,time_signature,release_date
                      columns.comments 
                      columns.types string:string:string:string:string:string:int:int:boolean:double:double:int:double:int:double:double:double:double:double:double:int:double:string
                      file.inputformat org.apache.hadoop.hive.ql.io.orc.OrcInputFormat
                      file.outputformat org.apache.hadoop.hive.ql.io.orc.OrcOutputFormat
                      location hdfs://hadoop-02.uni.innopolis.ru:8020/user/team11/project/hive/warehouse/tracks_part
                      name team11_projectdb.tracks_part
                      orc.compress SNAPPY
                      partition_columns year
                      partition_columns.types int
                      serialization.ddl struct tracks_part { string id, string name, string album, string album_id, string artists, string artist_ids, i32 track_number, i32 disc_number, bool explicit, double danceability, double energy, i32 key, double loudness, i32 mode, double speechiness, double acousticness, double instrumentalness, double liveness, double valence, double tempo, i32 duration_ms, double time_signature, string release_date}
                      serialization.format 1
                      serialization.lib org.apache.hadoop.hive.ql.io.orc.OrcSerde
                      transient_lastDdlTime 1778427516
                    serde: org.apache.hadoop.hive.ql.io.orc.OrcSerde
                    name: team11_projectdb.tracks_part
                  name: team11_projectdb.tracks_part
              hdfs://hadoop-02.uni.innopolis.ru:8020/user/team11/project/hive/warehouse/tracks_part/year=2012 
                Partition
                  base file name: year=2012
                  input format: org.apache.hadoop.hive.ql.io.orc.OrcInputFormat
                  output format: org.apache.hadoop.hive.ql.io.orc.OrcOutputFormat
                  partition values:
                    year 2012
                  properties:
                    COLUMN_STATS_ACCURATE {"BASIC_STATS":"true","COLUMN_STATS":{"acousticness":"true","album":"true","album_id":"true","artist_ids":"true","artists":"true","danceability":"true","disc_number":"true","duration_ms":"true","energy":"true","explicit":"true","id":"true","instrumentalness":"true","key":"true","liveness":"true","loudness":"true","mode":"true","name":"true","release_date":"true","speechiness":"true","tempo":"true","time_signature":"true","track_number":"true","valence":"true"}}
                    bucket_count 11
                    bucket_field_name id
                    file.inputformat org.apache.hadoop.hive.ql.io.orc.OrcInputFormat
                    file.outputformat org.apache.hadoop.hive.ql.io.orc.OrcOutputFormat
                    location hdfs://hadoop-02.uni.innopolis.ru:8020/user/team11/project/hive/warehouse/tracks_part/year=2012
                    name team11_projectdb.tracks_part
                    numFiles 11
                    numRows 45108
                    partition_columns year
                    partition_columns.types int
                    rawDataSize 38481382
                    serialization.ddl struct tracks_part { string id, string name, string album, string album_id, string artists, string artist_ids, i32 track_number, i32 disc_number, bool explicit, double danceability, double energy, i32 key, double loudness, i32 mode, double speechiness, double acousticness, double instrumentalness, double liveness, double valence, double tempo, i32 duration_ms, double time_signature, string release_date}
                    serialization.format 1
                    serialization.lib org.apache.hadoop.hive.ql.io.orc.OrcSerde
                    totalSize 6713892
                    transient_lastDdlTime 1778427549
                  serde: org.apache.hadoop.hive.ql.io.orc.OrcSerde
                
                    input format: org.apache.hadoop.hive.ql.io.orc.OrcInputFormat
                    output format: org.apache.hadoop.hive.ql.io.orc.OrcOutputFormat
                    properties:
                      EXTERNAL TRUE
                      bucket_count 11
                      bucket_field_name id
                      bucketing_version 2
                      column.name.delimiter ,
                      columns id,name,album,album_id,artists,artist_ids,track_number,disc_number,explicit,danceability,energy,key,loudness,mode,speechiness,acousticness,instrumentalness,liveness,valence,tempo,duration_ms,time_signature,release_date
                      columns.comments 
                      columns.types string:string:string:string:string:string:int:int:boolean:double:double:int:double:int:double:double:double:double:double:double:int:double:string
                      file.inputformat org.apache.hadoop.hive.ql.io.orc.OrcInputFormat
                      file.outputformat org.apache.hadoop.hive.ql.io.orc.OrcOutputFormat
                      location hdfs://hadoop-02.uni.innopolis.ru:8020/user/team11/project/hive/warehouse/tracks_part
                      name team11_projectdb.tracks_part
                      orc.compress SNAPPY
                      partition_columns year
                      partition_columns.types int
                      serialization.ddl struct tracks_part { string id, string name, string album, string album_id, string artists, string artist_ids, i32 track_number, i32 disc_number, bool explicit, double danceability, double energy, i32 key, double loudness, i32 mode, double speechiness, double acousticness, double instrumentalness, double liveness, double valence, double tempo, i32 duration_ms, double time_signature, string release_date}
                      serialization.format 1
                      serialization.lib org.apache.hadoop.hive.ql.io.orc.OrcSerde
                      transient_lastDdlTime 1778427516
                    serde: org.apache.hadoop.hive.ql.io.orc.OrcSerde
                    name: team11_projectdb.tracks_part
                  name: team11_projectdb.tracks_part
              hdfs://hadoop-02.uni.innopolis.ru:8020/user/team11/project/hive/warehouse/tracks_part/year=2013 
                Partition
                  base file name: year=2013
                  input format: org.apache.hadoop.hive.ql.io.orc.OrcInputFormat
                  output format: org.apache.hadoop.hive.ql.io.orc.OrcOutputFormat
                  partition values:
                    year 2013
                  properties:
                    COLUMN_STATS_ACCURATE {"BASIC_STATS":"true","COLUMN_STATS":{"acousticness":"true","album":"true","album_id":"true","artist_ids":"true","artists":"true","danceability":"true","disc_number":"true","duration_ms":"true","energy":"true","explicit":"true","id":"true","instrumentalness":"true","key":"true","liveness":"true","loudness":"true","mode":"true","name":"true","release_date":"true","speechiness":"true","tempo":"true","time_signature":"true","track_number":"true","valence":"true"}}
                    bucket_count 11
                    bucket_field_name id
                    file.inputformat org.apache.hadoop.hive.ql.io.orc.OrcInputFormat
                    file.outputformat org.apache.hadoop.hive.ql.io.orc.OrcOutputFormat
                    location hdfs://hadoop-02.uni.innopolis.ru:8020/user/team11/project/hive/warehouse/tracks_part/year=2013
                    name team11_projectdb.tracks_part
                    numFiles 11
                    numRows 49048
                    partition_columns year
                    partition_columns.types int
                    rawDataSize 41837960
                    serialization.ddl struct tracks_part { string id, string name, string album, string album_id, string artists, string artist_ids, i32 track_number, i32 disc_number, bool explicit, double danceability, double energy, i32 key, double loudness, i32 mode, double speechiness, double acousticness, double instrumentalness, double liveness, double valence, double tempo, i32 duration_ms, double time_signature, string release_date}
                    serialization.format 1
                    serialization.lib org.apache.hadoop.hive.ql.io.orc.OrcSerde
                    totalSize 7271700
                    transient_lastDdlTime 1778427549
                  serde: org.apache.hadoop.hive.ql.io.orc.OrcSerde
                
                    input format: org.apache.hadoop.hive.ql.io.orc.OrcInputFormat
                    output format: org.apache.hadoop.hive.ql.io.orc.OrcOutputFormat
                    properties:
                      EXTERNAL TRUE
                      bucket_count 11
                      bucket_field_name id
                      bucketing_version 2
                      column.name.delimiter ,
                      columns id,name,album,album_id,artists,artist_ids,track_number,disc_number,explicit,danceability,energy,key,loudness,mode,speechiness,acousticness,instrumentalness,liveness,valence,tempo,duration_ms,time_signature,release_date
                      columns.comments 
                      columns.types string:string:string:string:string:string:int:int:boolean:double:double:int:double:int:double:double:double:double:double:double:int:double:string
                      file.inputformat org.apache.hadoop.hive.ql.io.orc.OrcInputFormat
                      file.outputformat org.apache.hadoop.hive.ql.io.orc.OrcOutputFormat
                      location hdfs://hadoop-02.uni.innopolis.ru:8020/user/team11/project/hive/warehouse/tracks_part
                      name team11_projectdb.tracks_part
                      orc.compress SNAPPY
                      partition_columns year
                      partition_columns.types int
                      serialization.ddl struct tracks_part { string id, string name, string album, string album_id, string artists, string artist_ids, i32 track_number, i32 disc_number, bool explicit, double danceability, double energy, i32 key, double loudness, i32 mode, double speechiness, double acousticness, double instrumentalness, double liveness, double valence, double tempo, i32 duration_ms, double time_signature, string release_date}
                      serialization.format 1
                      serialization.lib org.apache.hadoop.hive.ql.io.orc.OrcSerde
                      transient_lastDdlTime 1778427516
                    serde: org.apache.hadoop.hive.ql.io.orc.OrcSerde
                    name: team11_projectdb.tracks_part
                  name: team11_projectdb.tracks_part
              hdfs://hadoop-02.uni.innopolis.ru:8020/user/team11/project/hive/warehouse/tracks_part/year=2014 
                Partition
                  base file name: year=2014
                  input format: org.apache.hadoop.hive.ql.io.orc.OrcInputFormat
                  output format: org.apache.hadoop.hive.ql.io.orc.OrcOutputFormat
                  partition values:
                    year 2014
                  properties:
                    COLUMN_STATS_ACCURATE {"BASIC_STATS":"true","COLUMN_STATS":{"acousticness":"true","album":"true","album_id":"true","artist_ids":"true","artists":"true","danceability":"true","disc_number":"true","duration_ms":"true","energy":"true","explicit":"true","id":"true","instrumentalness":"true","key":"true","liveness":"true","loudness":"true","mode":"true","name":"true","release_date":"true","speechiness":"true","tempo":"true","time_signature":"true","track_number":"true","valence":"true"}}
                    bucket_count 11
                    bucket_field_name id
                    file.inputformat org.apache.hadoop.hive.ql.io.orc.OrcInputFormat
                    file.outputformat org.apache.hadoop.hive.ql.io.orc.OrcOutputFormat
                    location hdfs://hadoop-02.uni.innopolis.ru:8020/user/team11/project/hive/warehouse/tracks_part/year=2014
                    name team11_projectdb.tracks_part
                    numFiles 11
                    numRows 45005
                    partition_columns year
                    partition_columns.types int
                    rawDataSize 38274777
                    serialization.ddl struct tracks_part { string id, string name, string album, string album_id, string artists, string artist_ids, i32 track_number, i32 disc_number, bool explicit, double danceability, double energy, i32 key, double loudness, i32 mode, double speechiness, double acousticness, double instrumentalness, double liveness, double valence, double tempo, i32 duration_ms, double time_signature, string release_date}
                    serialization.format 1
                    serialization.lib org.apache.hadoop.hive.ql.io.orc.OrcSerde
                    totalSize 6717636
                    transient_lastDdlTime 1778427549
                  serde: org.apache.hadoop.hive.ql.io.orc.OrcSerde
                
                    input format: org.apache.hadoop.hive.ql.io.orc.OrcInputFormat
                    output format: org.apache.hadoop.hive.ql.io.orc.OrcOutputFormat
                    properties:
                      EXTERNAL TRUE
                      bucket_count 11
                      bucket_field_name id
                      bucketing_version 2
                      column.name.delimiter ,
                      columns id,name,album,album_id,artists,artist_ids,track_number,disc_number,explicit,danceability,energy,key,loudness,mode,speechiness,acousticness,instrumentalness,liveness,valence,tempo,duration_ms,time_signature,release_date
                      columns.comments 
                      columns.types string:string:string:string:string:string:int:int:boolean:double:double:int:double:int:double:double:double:double:double:double:int:double:string
                      file.inputformat org.apache.hadoop.hive.ql.io.orc.OrcInputFormat
                      file.outputformat org.apache.hadoop.hive.ql.io.orc.OrcOutputFormat
                      location hdfs://hadoop-02.uni.innopolis.ru:8020/user/team11/project/hive/warehouse/tracks_part
                      name team11_projectdb.tracks_part
                      orc.compress SNAPPY
                      partition_columns year
                      partition_columns.types int
                      serialization.ddl struct tracks_part { string id, string name, string album, string album_id, string artists, string artist_ids, i32 track_number, i32 disc_number, bool explicit, double danceability, double energy, i32 key, double loudness, i32 mode, double speechiness, double acousticness, double instrumentalness, double liveness, double valence, double tempo, i32 duration_ms, double time_signature, string release_date}
                      serialization.format 1
                      serialization.lib org.apache.hadoop.hive.ql.io.orc.OrcSerde
                      transient_lastDdlTime 1778427516
                    serde: org.apache.hadoop.hive.ql.io.orc.OrcSerde
                    name: team11_projectdb.tracks_part
                  name: team11_projectdb.tracks_part
              hdfs://hadoop-02.uni.innopolis.ru:8020/user/team11/project/hive/warehouse/tracks_part/year=2015 
                Partition
                  base file name: year=2015
                  input format: org.apache.hadoop.hive.ql.io.orc.OrcInputFormat
                  output format: org.apache.hadoop.hive.ql.io.orc.OrcOutputFormat
                  partition values:
                    year 2015
                  properties:
                    COLUMN_STATS_ACCURATE {"BASIC_STATS":"true","COLUMN_STATS":{"acousticness":"true","album":"true","album_id":"true","artist_ids":"true","artists":"true","danceability":"true","disc_number":"true","duration_ms":"true","energy":"true","explicit":"true","id":"true","instrumentalness":"true","key":"true","liveness":"true","loudness":"true","mode":"true","name":"true","release_date":"true","speechiness":"true","tempo":"true","time_signature":"true","track_number":"true","valence":"true"}}
                    bucket_count 11
                    bucket_field_name id
                    file.inputformat org.apache.hadoop.hive.ql.io.orc.OrcInputFormat
                    file.outputformat org.apache.hadoop.hive.ql.io.orc.OrcOutputFormat
                    location hdfs://hadoop-02.uni.innopolis.ru:8020/user/team11/project/hive/warehouse/tracks_part/year=2015
                    name team11_projectdb.tracks_part
                    numFiles 11
                    numRows 46558
                    partition_columns year
                    partition_columns.types int
                    rawDataSize 39590717
                    serialization.ddl struct tracks_part { string id, string name, string album, string album_id, string artists, string artist_ids, i32 track_number, i32 disc_number, bool explicit, double danceability, double energy, i32 key, double loudness, i32 mode, double speechiness, double acousticness, double instrumentalness, double liveness, double valence, double tempo, i32 duration_ms, double time_signature, string release_date}
                    serialization.format 1
                    serialization.lib org.apache.hadoop.hive.ql.io.orc.OrcSerde
                    totalSize 6936833
                    transient_lastDdlTime 1778427549
                  serde: org.apache.hadoop.hive.ql.io.orc.OrcSerde
                
                    input format: org.apache.hadoop.hive.ql.io.orc.OrcInputFormat
                    output format: org.apache.hadoop.hive.ql.io.orc.OrcOutputFormat
                    properties:
                      EXTERNAL TRUE
                      bucket_count 11
                      bucket_field_name id
                      bucketing_version 2
                      column.name.delimiter ,
                      columns id,name,album,album_id,artists,artist_ids,track_number,disc_number,explicit,danceability,energy,key,loudness,mode,speechiness,acousticness,instrumentalness,liveness,valence,tempo,duration_ms,time_signature,release_date
                      columns.comments 
                      columns.types string:string:string:string:string:string:int:int:boolean:double:double:int:double:int:double:double:double:double:double:double:int:double:string
                      file.inputformat org.apache.hadoop.hive.ql.io.orc.OrcInputFormat
                      file.outputformat org.apache.hadoop.hive.ql.io.orc.OrcOutputFormat
                      location hdfs://hadoop-02.uni.innopolis.ru:8020/user/team11/project/hive/warehouse/tracks_part
                      name team11_projectdb.tracks_part
                      orc.compress SNAPPY
                      partition_columns year
                      partition_columns.types int
                      serialization.ddl struct tracks_part { string id, string name, string album, string album_id, string artists, string artist_ids, i32 track_number, i32 disc_number, bool explicit, double danceability, double energy, i32 key, double loudness, i32 mode, double speechiness, double acousticness, double instrumentalness, double liveness, double valence, double tempo, i32 duration_ms, double time_signature, string release_date}
                      serialization.format 1
                      serialization.lib org.apache.hadoop.hive.ql.io.orc.OrcSerde
                      transient_lastDdlTime 1778427516
                    serde: org.apache.hadoop.hive.ql.io.orc.OrcSerde
                    name: team11_projectdb.tracks_part
                  name: team11_projectdb.tracks_part
              hdfs://hadoop-02.uni.innopolis.ru:8020/user/team11/project/hive/warehouse/tracks_part/year=2016 
                Partition
                  base file name: year=2016
                  input format: org.apache.hadoop.hive.ql.io.orc.OrcInputFormat
                  output format: org.apache.hadoop.hive.ql.io.orc.OrcOutputFormat
                  partition values:
                    year 2016
                  properties:
                    COLUMN_STATS_ACCURATE {"BASIC_STATS":"true","COLUMN_STATS":{"acousticness":"true","album":"true","album_id":"true","artist_ids":"true","artists":"true","danceability":"true","disc_number":"true","duration_ms":"true","energy":"true","explicit":"true","id":"true","instrumentalness":"true","key":"true","liveness":"true","loudness":"true","mode":"true","name":"true","release_date":"true","speechiness":"true","tempo":"true","time_signature":"true","track_number":"true","valence":"true"}}
                    bucket_count 11
                    bucket_field_name id
                    file.inputformat org.apache.hadoop.hive.ql.io.orc.OrcInputFormat
                    file.outputformat org.apache.hadoop.hive.ql.io.orc.OrcOutputFormat
                    location hdfs://hadoop-02.uni.innopolis.ru:8020/user/team11/project/hive/warehouse/tracks_part/year=2016
                    name team11_projectdb.tracks_part
                    numFiles 11
                    numRows 47427
                    partition_columns year
                    partition_columns.types int
                    rawDataSize 40252901
                    serialization.ddl struct tracks_part { string id, string name, string album, string album_id, string artists, string artist_ids, i32 track_number, i32 disc_number, bool explicit, double danceability, double energy, i32 key, double loudness, i32 mode, double speechiness, double acousticness, double instrumentalness, double liveness, double valence, double tempo, i32 duration_ms, double time_signature, string release_date}
                    serialization.format 1
                    serialization.lib org.apache.hadoop.hive.ql.io.orc.OrcSerde
                    totalSize 7109543
                    transient_lastDdlTime 1778427549
                  serde: org.apache.hadoop.hive.ql.io.orc.OrcSerde
                
                    input format: org.apache.hadoop.hive.ql.io.orc.OrcInputFormat
                    output format: org.apache.hadoop.hive.ql.io.orc.OrcOutputFormat
                    properties:
                      EXTERNAL TRUE
                      bucket_count 11
                      bucket_field_name id
                      bucketing_version 2
                      column.name.delimiter ,
                      columns id,name,album,album_id,artists,artist_ids,track_number,disc_number,explicit,danceability,energy,key,loudness,mode,speechiness,acousticness,instrumentalness,liveness,valence,tempo,duration_ms,time_signature,release_date
                      columns.comments 
                      columns.types string:string:string:string:string:string:int:int:boolean:double:double:int:double:int:double:double:double:double:double:double:int:double:string
                      file.inputformat org.apache.hadoop.hive.ql.io.orc.OrcInputFormat
                      file.outputformat org.apache.hadoop.hive.ql.io.orc.OrcOutputFormat
                      location hdfs://hadoop-02.uni.innopolis.ru:8020/user/team11/project/hive/warehouse/tracks_part
                      name team11_projectdb.tracks_part
                      orc.compress SNAPPY
                      partition_columns year
                      partition_columns.types int
                      serialization.ddl struct tracks_part { string id, string name, string album, string album_id, string artists, string artist_ids, i32 track_number, i32 disc_number, bool explicit, double danceability, double energy, i32 key, double loudness, i32 mode, double speechiness, double acousticness, double instrumentalness, double liveness, double valence, double tempo, i32 duration_ms, double time_signature, string release_date}
                      serialization.format 1
                      serialization.lib org.apache.hadoop.hive.ql.io.orc.OrcSerde
                      transient_lastDdlTime 1778427516
                    serde: org.apache.hadoop.hive.ql.io.orc.OrcSerde
                    name: team11_projectdb.tracks_part
                  name: team11_projectdb.tracks_part
              hdfs://hadoop-02.uni.innopolis.ru:8020/user/team11/project/hive/warehouse/tracks_part/year=2017 
                Partition
                  base file name: year=2017
                  input format: org.apache.hadoop.hive.ql.io.orc.OrcInputFormat
                  output format: org.apache.hadoop.hive.ql.io.orc.OrcOutputFormat
                  partition values:
                    year 2017
                  properties:
                    COLUMN_STATS_ACCURATE {"BASIC_STATS":"true","COLUMN_STATS":{"acousticness":"true","album":"true","album_id":"true","artist_ids":"true","artists":"true","danceability":"true","disc_number":"true","duration_ms":"true","energy":"true","explicit":"true","id":"true","instrumentalness":"true","key":"true","liveness":"true","loudness":"true","mode":"true","name":"true","release_date":"true","speechiness":"true","tempo":"true","time_signature":"true","track_number":"true","valence":"true"}}
                    bucket_count 11
                    bucket_field_name id
                    file.inputformat org.apache.hadoop.hive.ql.io.orc.OrcInputFormat
                    file.outputformat org.apache.hadoop.hive.ql.io.orc.OrcOutputFormat
                    location hdfs://hadoop-02.uni.innopolis.ru:8020/user/team11/project/hive/warehouse/tracks_part/year=2017
                    name team11_projectdb.tracks_part
                    numFiles 11
                    numRows 51308
                    partition_columns year
                    partition_columns.types int
                    rawDataSize 43606234
                    serialization.ddl struct tracks_part { string id, string name, string album, string album_id, string artists, string artist_ids, i32 track_number, i32 disc_number, bool explicit, double danceability, double energy, i32 key, double loudness, i32 mode, double speechiness, double acousticness, double instrumentalness, double liveness, double valence, double tempo, i32 duration_ms, double time_signature, string release_date}
                    serialization.format 1
                    serialization.lib org.apache.hadoop.hive.ql.io.orc.OrcSerde
                    totalSize 7624634
                    transient_lastDdlTime 1778427549
                  serde: org.apache.hadoop.hive.ql.io.orc.OrcSerde
                
                    input format: org.apache.hadoop.hive.ql.io.orc.OrcInputFormat
                    output format: org.apache.hadoop.hive.ql.io.orc.OrcOutputFormat
                    properties:
                      EXTERNAL TRUE
                      bucket_count 11
                      bucket_field_name id
                      bucketing_version 2
                      column.name.delimiter ,
                      columns id,name,album,album_id,artists,artist_ids,track_number,disc_number,explicit,danceability,energy,key,loudness,mode,speechiness,acousticness,instrumentalness,liveness,valence,tempo,duration_ms,time_signature,release_date
                      columns.comments 
                      columns.types string:string:string:string:string:string:int:int:boolean:double:double:int:double:int:double:double:double:double:double:double:int:double:string
                      file.inputformat org.apache.hadoop.hive.ql.io.orc.OrcInputFormat
                      file.outputformat org.apache.hadoop.hive.ql.io.orc.OrcOutputFormat
                      location hdfs://hadoop-02.uni.innopolis.ru:8020/user/team11/project/hive/warehouse/tracks_part
                      name team11_projectdb.tracks_part
                      orc.compress SNAPPY
                      partition_columns year
                      partition_columns.types int
                      serialization.ddl struct tracks_part { string id, string name, string album, string album_id, string artists, string artist_ids, i32 track_number, i32 disc_number, bool explicit, double danceability, double energy, i32 key, double loudness, i32 mode, double speechiness, double acousticness, double instrumentalness, double liveness, double valence, double tempo, i32 duration_ms, double time_signature, string release_date}
                      serialization.format 1
                      serialization.lib org.apache.hadoop.hive.ql.io.orc.OrcSerde
                      transient_lastDdlTime 1778427516
                    serde: org.apache.hadoop.hive.ql.io.orc.OrcSerde
                    name: team11_projectdb.tracks_part
                  name: team11_projectdb.tracks_part
              hdfs://hadoop-02.uni.innopolis.ru:8020/user/team11/project/hive/warehouse/tracks_part/year=2018 
                Partition
                  base file name: year=2018
                  input format: org.apache.hadoop.hive.ql.io.orc.OrcInputFormat
                  output format: org.apache.hadoop.hive.ql.io.orc.OrcOutputFormat
                  partition values:
                    year 2018
                  properties:
                    COLUMN_STATS_ACCURATE {"BASIC_STATS":"true","COLUMN_STATS":{"acousticness":"true","album":"true","album_id":"true","artist_ids":"true","artists":"true","danceability":"true","disc_number":"true","duration_ms":"true","energy":"true","explicit":"true","id":"true","instrumentalness":"true","key":"true","liveness":"true","loudness":"true","mode":"true","name":"true","release_date":"true","speechiness":"true","tempo":"true","time_signature":"true","track_number":"true","valence":"true"}}
                    bucket_count 11
                    bucket_field_name id
                    file.inputformat org.apache.hadoop.hive.ql.io.orc.OrcInputFormat
                    file.outputformat org.apache.hadoop.hive.ql.io.orc.OrcOutputFormat
                    location hdfs://hadoop-02.uni.innopolis.ru:8020/user/team11/project/hive/warehouse/tracks_part/year=2018
                    name team11_projectdb.tracks_part
                    numFiles 11
                    numRows 56167
                    partition_columns year
                    partition_columns.types int
                    rawDataSize 47399763
                    serialization.ddl struct tracks_part { string id, string name, string album, string album_id, string artists, string artist_ids, i32 track_number, i32 disc_number, bool explicit, double danceability, double energy, i32 key, double loudness, i32 mode, double speechiness, double acousticness, double instrumentalness, double liveness, double valence, double tempo, i32 duration_ms, double time_signature, string release_date}
                    serialization.format 1
                    serialization.lib org.apache.hadoop.hive.ql.io.orc.OrcSerde
                    totalSize 8328742
                    transient_lastDdlTime 1778427549
                  serde: org.apache.hadoop.hive.ql.io.orc.OrcSerde
                
                    input format: org.apache.hadoop.hive.ql.io.orc.OrcInputFormat
                    output format: org.apache.hadoop.hive.ql.io.orc.OrcOutputFormat
                    properties:
                      EXTERNAL TRUE
                      bucket_count 11
                      bucket_field_name id
                      bucketing_version 2
                      column.name.delimiter ,
                      columns id,name,album,album_id,artists,artist_ids,track_number,disc_number,explicit,danceability,energy,key,loudness,mode,speechiness,acousticness,instrumentalness,liveness,valence,tempo,duration_ms,time_signature,release_date
                      columns.comments 
                      columns.types string:string:string:string:string:string:int:int:boolean:double:double:int:double:int:double:double:double:double:double:double:int:double:string
                      file.inputformat org.apache.hadoop.hive.ql.io.orc.OrcInputFormat
                      file.outputformat org.apache.hadoop.hive.ql.io.orc.OrcOutputFormat
                      location hdfs://hadoop-02.uni.innopolis.ru:8020/user/team11/project/hive/warehouse/tracks_part
                      name team11_projectdb.tracks_part
                      orc.compress SNAPPY
                      partition_columns year
                      partition_columns.types int
                      serialization.ddl struct tracks_part { string id, string name, string album, string album_id, string artists, string artist_ids, i32 track_number, i32 disc_number, bool explicit, double danceability, double energy, i32 key, double loudness, i32 mode, double speechiness, double acousticness, double instrumentalness, double liveness, double valence, double tempo, i32 duration_ms, double time_signature, string release_date}
                      serialization.format 1
                      serialization.lib org.apache.hadoop.hive.ql.io.orc.OrcSerde
                      transient_lastDdlTime 1778427516
                    serde: org.apache.hadoop.hive.ql.io.orc.OrcSerde
                    name: team11_projectdb.tracks_part
                  name: team11_projectdb.tracks_part
              hdfs://hadoop-02.uni.innopolis.ru:8020/user/team11/project/hive/warehouse/tracks_part/year=2019 
                Partition
                  base file name: year=2019
                  input format: org.apache.hadoop.hive.ql.io.orc.OrcInputFormat
                  output format: org.apache.hadoop.hive.ql.io.orc.OrcOutputFormat
                  partition values:
                    year 2019
                  properties:
                    COLUMN_STATS_ACCURATE {"BASIC_STATS":"true","COLUMN_STATS":{"acousticness":"true","album":"true","album_id":"true","artist_ids":"true","artists":"true","danceability":"true","disc_number":"true","duration_ms":"true","energy":"true","explicit":"true","id":"true","instrumentalness":"true","key":"true","liveness":"true","loudness":"true","mode":"true","name":"true","release_date":"true","speechiness":"true","tempo":"true","time_signature":"true","track_number":"true","valence":"true"}}
                    bucket_count 11
                    bucket_field_name id
                    file.inputformat org.apache.hadoop.hive.ql.io.orc.OrcInputFormat
                    file.outputformat org.apache.hadoop.hive.ql.io.orc.OrcOutputFormat
                    location hdfs://hadoop-02.uni.innopolis.ru:8020/user/team11/project/hive/warehouse/tracks_part/year=2019
                    name team11_projectdb.tracks_part
                    numFiles 11
                    numRows 67276
                    partition_columns year
                    partition_columns.types int
                    rawDataSize 56401908
                    serialization.ddl struct tracks_part { string id, string name, string album, string album_id, string artists, string artist_ids, i32 track_number, i32 disc_number, bool explicit, double danceability, double energy, i32 key, double loudness, i32 mode, double speechiness, double acousticness, double instrumentalness, double liveness, double valence, double tempo, i32 duration_ms, double time_signature, string release_date}
                    serialization.format 1
                    serialization.lib org.apache.hadoop.hive.ql.io.orc.OrcSerde
                    totalSize 9883197
                    transient_lastDdlTime 1778427549
                  serde: org.apache.hadoop.hive.ql.io.orc.OrcSerde
                
                    input format: org.apache.hadoop.hive.ql.io.orc.OrcInputFormat
                    output format: org.apache.hadoop.hive.ql.io.orc.OrcOutputFormat
                    properties:
                      EXTERNAL TRUE
                      bucket_count 11
                      bucket_field_name id
                      bucketing_version 2
                      column.name.delimiter ,
                      columns id,name,album,album_id,artists,artist_ids,track_number,disc_number,explicit,danceability,energy,key,loudness,mode,speechiness,acousticness,instrumentalness,liveness,valence,tempo,duration_ms,time_signature,release_date
                      columns.comments 
                      columns.types string:string:string:string:string:string:int:int:boolean:double:double:int:double:int:double:double:double:double:double:double:int:double:string
                      file.inputformat org.apache.hadoop.hive.ql.io.orc.OrcInputFormat
                      file.outputformat org.apache.hadoop.hive.ql.io.orc.OrcOutputFormat
                      location hdfs://hadoop-02.uni.innopolis.ru:8020/user/team11/project/hive/warehouse/tracks_part
                      name team11_projectdb.tracks_part
                      orc.compress SNAPPY
                      partition_columns year
                      partition_columns.types int
                      serialization.ddl struct tracks_part { string id, string name, string album, string album_id, string artists, string artist_ids, i32 track_number, i32 disc_number, bool explicit, double danceability, double energy, i32 key, double loudness, i32 mode, double speechiness, double acousticness, double instrumentalness, double liveness, double valence, double tempo, i32 duration_ms, double time_signature, string release_date}
                      serialization.format 1
                      serialization.lib org.apache.hadoop.hive.ql.io.orc.OrcSerde
                      transient_lastDdlTime 1778427516
                    serde: org.apache.hadoop.hive.ql.io.orc.OrcSerde
                    name: team11_projectdb.tracks_part
                  name: team11_projectdb.tracks_part
              hdfs://hadoop-02.uni.innopolis.ru:8020/user/team11/project/hive/warehouse/tracks_part/year=2020 
                Partition
                  base file name: year=2020
                  input format: org.apache.hadoop.hive.ql.io.orc.OrcInputFormat
                  output format: org.apache.hadoop.hive.ql.io.orc.OrcOutputFormat
                  partition values:
                    year 2020
                  properties:
                    COLUMN_STATS_ACCURATE {"BASIC_STATS":"true","COLUMN_STATS":{"acousticness":"true","album":"true","album_id":"true","artist_ids":"true","artists":"true","danceability":"true","disc_number":"true","duration_ms":"true","energy":"true","explicit":"true","id":"true","instrumentalness":"true","key":"true","liveness":"true","loudness":"true","mode":"true","name":"true","release_date":"true","speechiness":"true","tempo":"true","time_signature":"true","track_number":"true","valence":"true"}}
                    bucket_count 11
                    bucket_field_name id
                    file.inputformat org.apache.hadoop.hive.ql.io.orc.OrcInputFormat
                    file.outputformat org.apache.hadoop.hive.ql.io.orc.OrcOutputFormat
                    location hdfs://hadoop-02.uni.innopolis.ru:8020/user/team11/project/hive/warehouse/tracks_part/year=2020
                    name team11_projectdb.tracks_part
                    numFiles 11
                    numRows 69726
                    partition_columns year
                    partition_columns.types int
                    rawDataSize 58474354
                    serialization.ddl struct tracks_part { string id, string name, string album, string album_id, string artists, string artist_ids, i32 track_number, i32 disc_number, bool explicit, double danceability, double energy, i32 key, double loudness, i32 mode, double speechiness, double acousticness, double instrumentalness, double liveness, double valence, double tempo, i32 duration_ms, double time_signature, string release_date}
                    serialization.format 1
                    serialization.lib org.apache.hadoop.hive.ql.io.orc.OrcSerde
                    totalSize 10352896
                    transient_lastDdlTime 1778427549
                  serde: org.apache.hadoop.hive.ql.io.orc.OrcSerde
                
                    input format: org.apache.hadoop.hive.ql.io.orc.OrcInputFormat
                    output format: org.apache.hadoop.hive.ql.io.orc.OrcOutputFormat
                    properties:
                      EXTERNAL TRUE
                      bucket_count 11
                      bucket_field_name id
                      bucketing_version 2
                      column.name.delimiter ,
                      columns id,name,album,album_id,artists,artist_ids,track_number,disc_number,explicit,danceability,energy,key,loudness,mode,speechiness,acousticness,instrumentalness,liveness,valence,tempo,duration_ms,time_signature,release_date
                      columns.comments 
                      columns.types string:string:string:string:string:string:int:int:boolean:double:double:int:double:int:double:double:double:double:double:double:int:double:string
                      file.inputformat org.apache.hadoop.hive.ql.io.orc.OrcInputFormat
                      file.outputformat org.apache.hadoop.hive.ql.io.orc.OrcOutputFormat
                      location hdfs://hadoop-02.uni.innopolis.ru:8020/user/team11/project/hive/warehouse/tracks_part
                      name team11_projectdb.tracks_part
                      orc.compress SNAPPY
                      partition_columns year
                      partition_columns.types int
                      serialization.ddl struct tracks_part { string id, string name, string album, string album_id, string artists, string artist_ids, i32 track_number, i32 disc_number, bool explicit, double danceability, double energy, i32 key, double loudness, i32 mode, double speechiness, double acousticness, double instrumentalness, double liveness, double valence, double tempo, i32 duration_ms, double time_signature, string release_date}
                      serialization.format 1
                      serialization.lib org.apache.hadoop.hive.ql.io.orc.OrcSerde
                      transient_lastDdlTime 1778427516
                    serde: org.apache.hadoop.hive.ql.io.orc.OrcSerde
                    name: team11_projectdb.tracks_part
                  name: team11_projectdb.tracks_part
            Truncated Path -> Alias:
              hdfs://hadoop-02.uni.innopolis.ru:8020/user/team11/project/hive/warehouse/tracks_part/year=0 [tracks_part]
              hdfs://hadoop-02.uni.innopolis.ru:8020/user/team11/project/hive/warehouse/tracks_part/year=1900 [tracks_part]
              hdfs://hadoop-02.uni.innopolis.ru:8020/user/team11/project/hive/warehouse/tracks_part/year=1908 [tracks_part]
              hdfs://hadoop-02.uni.innopolis.ru:8020/user/team11/project/hive/warehouse/tracks_part/year=1909 [tracks_part]
              hdfs://hadoop-02.uni.innopolis.ru:8020/user/team11/project/hive/warehouse/tracks_part/year=1917 [tracks_part]
              hdfs://hadoop-02.uni.innopolis.ru:8020/user/team11/project/hive/warehouse/tracks_part/year=1920 [tracks_part]
              hdfs://hadoop-02.uni.innopolis.ru:8020/user/team11/project/hive/warehouse/tracks_part/year=1923 [tracks_part]
              hdfs://hadoop-02.uni.innopolis.ru:8020/user/team11/project/hive/warehouse/tracks_part/year=1924 [tracks_part]
              hdfs://hadoop-02.uni.innopolis.ru:8020/user/team11/project/hive/warehouse/tracks_part/year=1925 [tracks_part]
              hdfs://hadoop-02.uni.innopolis.ru:8020/user/team11/project/hive/warehouse/tracks_part/year=1926 [tracks_part]
              hdfs://hadoop-02.uni.innopolis.ru:8020/user/team11/project/hive/warehouse/tracks_part/year=1927 [tracks_part]
              hdfs://hadoop-02.uni.innopolis.ru:8020/user/team11/project/hive/warehouse/tracks_part/year=1928 [tracks_part]
              hdfs://hadoop-02.uni.innopolis.ru:8020/user/team11/project/hive/warehouse/tracks_part/year=1929 [tracks_part]
              hdfs://hadoop-02.uni.innopolis.ru:8020/user/team11/project/hive/warehouse/tracks_part/year=1930 [tracks_part]
              hdfs://hadoop-02.uni.innopolis.ru:8020/user/team11/project/hive/warehouse/tracks_part/year=1931 [tracks_part]
              hdfs://hadoop-02.uni.innopolis.ru:8020/user/team11/project/hive/warehouse/tracks_part/year=1932 [tracks_part]
              hdfs://hadoop-02.uni.innopolis.ru:8020/user/team11/project/hive/warehouse/tracks_part/year=1933 [tracks_part]
              hdfs://hadoop-02.uni.innopolis.ru:8020/user/team11/project/hive/warehouse/tracks_part/year=1935 [tracks_part]
              hdfs://hadoop-02.uni.innopolis.ru:8020/user/team11/project/hive/warehouse/tracks_part/year=1936 [tracks_part]
              hdfs://hadoop-02.uni.innopolis.ru:8020/user/team11/project/hive/warehouse/tracks_part/year=1937 [tracks_part]
              hdfs://hadoop-02.uni.innopolis.ru:8020/user/team11/project/hive/warehouse/tracks_part/year=1938 [tracks_part]
              hdfs://hadoop-02.uni.innopolis.ru:8020/user/team11/project/hive/warehouse/tracks_part/year=1939 [tracks_part]
              hdfs://hadoop-02.uni.innopolis.ru:8020/user/team11/project/hive/warehouse/tracks_part/year=1942 [tracks_part]
              hdfs://hadoop-02.uni.innopolis.ru:8020/user/team11/project/hive/warehouse/tracks_part/year=1943 [tracks_part]
              hdfs://hadoop-02.uni.innopolis.ru:8020/user/team11/project/hive/warehouse/tracks_part/year=1944 [tracks_part]
              hdfs://hadoop-02.uni.innopolis.ru:8020/user/team11/project/hive/warehouse/tracks_part/year=1945 [tracks_part]
              hdfs://hadoop-02.uni.innopolis.ru:8020/user/team11/project/hive/warehouse/tracks_part/year=1946 [tracks_part]
              hdfs://hadoop-02.uni.innopolis.ru:8020/user/team11/project/hive/warehouse/tracks_part/year=1947 [tracks_part]
              hdfs://hadoop-02.uni.innopolis.ru:8020/user/team11/project/hive/warehouse/tracks_part/year=1948 [tracks_part]
              hdfs://hadoop-02.uni.innopolis.ru:8020/user/team11/project/hive/warehouse/tracks_part/year=1949 [tracks_part]
              hdfs://hadoop-02.uni.innopolis.ru:8020/user/team11/project/hive/warehouse/tracks_part/year=1950 [tracks_part]
              hdfs://hadoop-02.uni.innopolis.ru:8020/user/team11/project/hive/warehouse/tracks_part/year=1951 [tracks_part]
              hdfs://hadoop-02.uni.innopolis.ru:8020/user/team11/project/hive/warehouse/tracks_part/year=1952 [tracks_part]
              hdfs://hadoop-02.uni.innopolis.ru:8020/user/team11/project/hive/warehouse/tracks_part/year=1953 [tracks_part]
              hdfs://hadoop-02.uni.innopolis.ru:8020/user/team11/project/hive/warehouse/tracks_part/year=1954 [tracks_part]
              hdfs://hadoop-02.uni.innopolis.ru:8020/user/team11/project/hive/warehouse/tracks_part/year=1955 [tracks_part]
              hdfs://hadoop-02.uni.innopolis.ru:8020/user/team11/project/hive/warehouse/tracks_part/year=1956 [tracks_part]
              hdfs://hadoop-02.uni.innopolis.ru:8020/user/team11/project/hive/warehouse/tracks_part/year=1957 [tracks_part]
              hdfs://hadoop-02.uni.innopolis.ru:8020/user/team11/project/hive/warehouse/tracks_part/year=1958 [tracks_part]
              hdfs://hadoop-02.uni.innopolis.ru:8020/user/team11/project/hive/warehouse/tracks_part/year=1959 [tracks_part]
              hdfs://hadoop-02.uni.innopolis.ru:8020/user/team11/project/hive/warehouse/tracks_part/year=1960 [tracks_part]
              hdfs://hadoop-02.uni.innopolis.ru:8020/user/team11/project/hive/warehouse/tracks_part/year=1961 [tracks_part]
              hdfs://hadoop-02.uni.innopolis.ru:8020/user/team11/project/hive/warehouse/tracks_part/year=1962 [tracks_part]
              hdfs://hadoop-02.uni.innopolis.ru:8020/user/team11/project/hive/warehouse/tracks_part/year=1963 [tracks_part]
              hdfs://hadoop-02.uni.innopolis.ru:8020/user/team11/project/hive/warehouse/tracks_part/year=1964 [tracks_part]
              hdfs://hadoop-02.uni.innopolis.ru:8020/user/team11/project/hive/warehouse/tracks_part/year=1965 [tracks_part]
              hdfs://hadoop-02.uni.innopolis.ru:8020/user/team11/project/hive/warehouse/tracks_part/year=1966 [tracks_part]
              hdfs://hadoop-02.uni.innopolis.ru:8020/user/team11/project/hive/warehouse/tracks_part/year=1967 [tracks_part]
              hdfs://hadoop-02.uni.innopolis.ru:8020/user/team11/project/hive/warehouse/tracks_part/year=1968 [tracks_part]
              hdfs://hadoop-02.uni.innopolis.ru:8020/user/team11/project/hive/warehouse/tracks_part/year=1969 [tracks_part]
              hdfs://hadoop-02.uni.innopolis.ru:8020/user/team11/project/hive/warehouse/tracks_part/year=1970 [tracks_part]
              hdfs://hadoop-02.uni.innopolis.ru:8020/user/team11/project/hive/warehouse/tracks_part/year=1971 [tracks_part]
              hdfs://hadoop-02.uni.innopolis.ru:8020/user/team11/project/hive/warehouse/tracks_part/year=1972 [tracks_part]
              hdfs://hadoop-02.uni.innopolis.ru:8020/user/team11/project/hive/warehouse/tracks_part/year=1973 [tracks_part]
              hdfs://hadoop-02.uni.innopolis.ru:8020/user/team11/project/hive/warehouse/tracks_part/year=1974 [tracks_part]
              hdfs://hadoop-02.uni.innopolis.ru:8020/user/team11/project/hive/warehouse/tracks_part/year=1975 [tracks_part]
              hdfs://hadoop-02.uni.innopolis.ru:8020/user/team11/project/hive/warehouse/tracks_part/year=1976 [tracks_part]
              hdfs://hadoop-02.uni.innopolis.ru:8020/user/team11/project/hive/warehouse/tracks_part/year=1977 [tracks_part]
              hdfs://hadoop-02.uni.innopolis.ru:8020/user/team11/project/hive/warehouse/tracks_part/year=1978 [tracks_part]
              hdfs://hadoop-02.uni.innopolis.ru:8020/user/team11/project/hive/warehouse/tracks_part/year=1979 [tracks_part]
              hdfs://hadoop-02.uni.innopolis.ru:8020/user/team11/project/hive/warehouse/tracks_part/year=1980 [tracks_part]
              hdfs://hadoop-02.uni.innopolis.ru:8020/user/team11/project/hive/warehouse/tracks_part/year=1981 [tracks_part]
              hdfs://hadoop-02.uni.innopolis.ru:8020/user/team11/project/hive/warehouse/tracks_part/year=1982 [tracks_part]
              hdfs://hadoop-02.uni.innopolis.ru:8020/user/team11/project/hive/warehouse/tracks_part/year=1983 [tracks_part]
              hdfs://hadoop-02.uni.innopolis.ru:8020/user/team11/project/hive/warehouse/tracks_part/year=1984 [tracks_part]
              hdfs://hadoop-02.uni.innopolis.ru:8020/user/team11/project/hive/warehouse/tracks_part/year=1985 [tracks_part]
              hdfs://hadoop-02.uni.innopolis.ru:8020/user/team11/project/hive/warehouse/tracks_part/year=1986 [tracks_part]
              hdfs://hadoop-02.uni.innopolis.ru:8020/user/team11/project/hive/warehouse/tracks_part/year=1987 [tracks_part]
              hdfs://hadoop-02.uni.innopolis.ru:8020/user/team11/project/hive/warehouse/tracks_part/year=1988 [tracks_part]
              hdfs://hadoop-02.uni.innopolis.ru:8020/user/team11/project/hive/warehouse/tracks_part/year=1989 [tracks_part]
              hdfs://hadoop-02.uni.innopolis.ru:8020/user/team11/project/hive/warehouse/tracks_part/year=1990 [tracks_part]
              hdfs://hadoop-02.uni.innopolis.ru:8020/user/team11/project/hive/warehouse/tracks_part/year=1991 [tracks_part]
              hdfs://hadoop-02.uni.innopolis.ru:8020/user/team11/project/hive/warehouse/tracks_part/year=1992 [tracks_part]
              hdfs://hadoop-02.uni.innopolis.ru:8020/user/team11/project/hive/warehouse/tracks_part/year=1993 [tracks_part]
              hdfs://hadoop-02.uni.innopolis.ru:8020/user/team11/project/hive/warehouse/tracks_part/year=1994 [tracks_part]
              hdfs://hadoop-02.uni.innopolis.ru:8020/user/team11/project/hive/warehouse/tracks_part/year=1995 [tracks_part]
              hdfs://hadoop-02.uni.innopolis.ru:8020/user/team11/project/hive/warehouse/tracks_part/year=1996 [tracks_part]
              hdfs://hadoop-02.uni.innopolis.ru:8020/user/team11/project/hive/warehouse/tracks_part/year=1997 [tracks_part]
              hdfs://hadoop-02.uni.innopolis.ru:8020/user/team11/project/hive/warehouse/tracks_part/year=1998 [tracks_part]
              hdfs://hadoop-02.uni.innopolis.ru:8020/user/team11/project/hive/warehouse/tracks_part/year=1999 [tracks_part]
              hdfs://hadoop-02.uni.innopolis.ru:8020/user/team11/project/hive/warehouse/tracks_part/year=2000 [tracks_part]
              hdfs://hadoop-02.uni.innopolis.ru:8020/user/team11/project/hive/warehouse/tracks_part/year=2001 [tracks_part]
              hdfs://hadoop-02.uni.innopolis.ru:8020/user/team11/project/hive/warehouse/tracks_part/year=2002 [tracks_part]
              hdfs://hadoop-02.uni.innopolis.ru:8020/user/team11/project/hive/warehouse/tracks_part/year=2003 [tracks_part]
              hdfs://hadoop-02.uni.innopolis.ru:8020/user/team11/project/hive/warehouse/tracks_part/year=2004 [tracks_part]
              hdfs://hadoop-02.uni.innopolis.ru:8020/user/team11/project/hive/warehouse/tracks_part/year=2005 [tracks_part]
              hdfs://hadoop-02.uni.innopolis.ru:8020/user/team11/project/hive/warehouse/tracks_part/year=2006 [tracks_part]
              hdfs://hadoop-02.uni.innopolis.ru:8020/user/team11/project/hive/warehouse/tracks_part/year=2007 [tracks_part]
              hdfs://hadoop-02.uni.innopolis.ru:8020/user/team11/project/hive/warehouse/tracks_part/year=2008 [tracks_part]
              hdfs://hadoop-02.uni.innopolis.ru:8020/user/team11/project/hive/warehouse/tracks_part/year=2009 [tracks_part]
              hdfs://hadoop-02.uni.innopolis.ru:8020/user/team11/project/hive/warehouse/tracks_part/year=2010 [tracks_part]
              hdfs://hadoop-02.uni.innopolis.ru:8020/user/team11/project/hive/warehouse/tracks_part/year=2011 [tracks_part]
              hdfs://hadoop-02.uni.innopolis.ru:8020/user/team11/project/hive/warehouse/tracks_part/year=2012 [tracks_part]
              hdfs://hadoop-02.uni.innopolis.ru:8020/user/team11/project/hive/warehouse/tracks_part/year=2013 [tracks_part]
              hdfs://hadoop-02.uni.innopolis.ru:8020/user/team11/project/hive/warehouse/tracks_part/year=2014 [tracks_part]
              hdfs://hadoop-02.uni.innopolis.ru:8020/user/team11/project/hive/warehouse/tracks_part/year=2015 [tracks_part]
              hdfs://hadoop-02.uni.innopolis.ru:8020/user/team11/project/hive/warehouse/tracks_part/year=2016 [tracks_part]
              hdfs://hadoop-02.uni.innopolis.ru:8020/user/team11/project/hive/warehouse/tracks_part/year=2017 [tracks_part]
              hdfs://hadoop-02.uni.innopolis.ru:8020/user/team11/project/hive/warehouse/tracks_part/year=2018 [tracks_part]
              hdfs://hadoop-02.uni.innopolis.ru:8020/user/team11/project/hive/warehouse/tracks_part/year=2019 [tracks_part]
              hdfs://hadoop-02.uni.innopolis.ru:8020/user/team11/project/hive/warehouse/tracks_part/year=2020 [tracks_part]
        Reducer 2 
            Execution mode: vectorized
            Needs Tagging: false
            Reduce Operator Tree:
              Group By Operator
                aggregations: count(VALUE._col0)
                mode: mergepartial
                outputColumnNames: _col0
                Statistics: Num rows: 1 Data size: 8 Basic stats: COMPLETE Column stats: NONE
                Select Operator
                  expressions: 'tracks_part' (type: string), _col0 (type: bigint)
                  outputColumnNames: _col0, _col1
                  Statistics: Num rows: 1 Data size: 8 Basic stats: COMPLETE Column stats: NONE
                  File Output Operator
                    compressed: true
                    GlobalTableId: 0
                    directory: hdfs://hadoop-02.uni.innopolis.ru:8020/tmp/hive/team11/60618785-290c-4039-96d8-5fbead9f38ea/hive_2026-05-10_18-39-53_588_8293368230586316385-2224/-mr-10001/.hive-staging_hive_2026-05-10_18-39-53_588_8293368230586316385-2224/-ext-10002
                    NumFilesPerFileSink: 1
                    Statistics: Num rows: 1 Data size: 8 Basic stats: COMPLETE Column stats: NONE
                    Stats Publishing Key Prefix: hdfs://hadoop-02.uni.innopolis.ru:8020/tmp/hive/team11/60618785-290c-4039-96d8-5fbead9f38ea/hive_2026-05-10_18-39-53_588_8293368230586316385-2224/-mr-10001/.hive-staging_hive_2026-05-10_18-39-53_588_8293368230586316385-2224/-ext-10002/
                    table:
                        input format: org.apache.hadoop.mapred.SequenceFileInputFormat
                        output format: org.apache.hadoop.hive.ql.io.HiveSequenceFileOutputFormat
                        properties:
                          columns _col0,_col1
                          columns.types string:bigint
                          escape.delim \
                          hive.serialization.extend.additional.nesting.levels true
                          serialization.escape.crlf true
                          serialization.format 1
                          serialization.lib org.apache.hadoop.hive.serde2.lazy.LazySimpleSerDe
                        serde: org.apache.hadoop.hive.serde2.lazy.LazySimpleSerDe
                    TotalFiles: 1
                    GatherStats: false
                    MultiFileSpray: false

  Stage: Stage-0
    Fetch Operator
      limit: -1
      Processor Tree:
        ListSink


INFO  : Completed compiling command(queryId=hive_20260510183953_2b488829-0683-4260-af38-e7841b6ca2f6); Time taken: 0.404 seconds
INFO  : Executing command(queryId=hive_20260510183953_2b488829-0683-4260-af38-e7841b6ca2f6): SELECT 'tracks_part'       AS metric, COUNT(*) AS value FROM tracks_part
INFO  : Query ID = hive_20260510183953_2b488829-0683-4260-af38-e7841b6ca2f6
INFO  : Total jobs = 1
INFO  : Launching Job 1 out of 1
INFO  : Starting task [Stage-1:MAPRED] in serial mode
INFO  : Subscribed to counters: [] for queryId: hive_20260510183953_2b488829-0683-4260-af38-e7841b6ca2f6
INFO  : Session is already open
INFO  : Dag name: SELECT 'tracks_part'       AS ...tracks_part (Stage-1)
INFO  : Status: Running (Executing on YARN cluster with App id application_1777989965680_4792)

INFO  : Completed executing command(queryId=hive_20260510183953_2b488829-0683-4260-af38-e7841b6ca2f6); Time taken: 5.705 seconds
INFO  : OK
1 row selected (6.205 seconds)
INFO  : Compiling command(queryId=hive_20260510183959_fd342322-7345-471e-b029-473c3dee73b8): SELECT 'interactions_part' AS metric, COUNT(*) AS value FROM interactions_part
INFO  : Semantic Analysis Completed (retrial = false)
INFO  : Returning Hive schema: Schema(fieldSchemas:[FieldSchema(name:metric, type:string, comment:null), FieldSchema(name:value, type:bigint, comment:null)], properties:null)
INFO  : EXPLAIN output for queryid hive_20260510183959_fd342322-7345-471e-b029-473c3dee73b8 : STAGE DEPENDENCIES:
  Stage-1 is a root stage [MAPRED]
  Stage-0 depends on stages: Stage-1 [FETCH]

STAGE PLANS:
  Stage: Stage-1
    Tez
      DagId: hive_20260510183959_fd342322-7345-471e-b029-473c3dee73b8:4559
      Edges:
        Reducer 2 <- Map 1 (CUSTOM_SIMPLE_EDGE)
      DagName: hive_20260510183959_fd342322-7345-471e-b029-473c3dee73b8:4559
      Vertices:
        Map 1 
            Map Operator Tree:
                TableScan
                  alias: interactions_part
                  Statistics: Num rows: 11808554 Data size: 2538839110 Basic stats: COMPLETE Column stats: NONE
                  GatherStats: false
                  Select Operator
                    Statistics: Num rows: 11808554 Data size: 2538839110 Basic stats: COMPLETE Column stats: NONE
                    Group By Operator
                      aggregations: count()
                      mode: hash
                      outputColumnNames: _col0
                      Statistics: Num rows: 1 Data size: 8 Basic stats: COMPLETE Column stats: NONE
                      Reduce Output Operator
                        null sort order: 
                        sort order: 
                        Statistics: Num rows: 1 Data size: 8 Basic stats: COMPLETE Column stats: NONE
                        tag: -1
                        value expressions: _col0 (type: bigint)
                        auto parallelism: false
            Execution mode: vectorized
            Path -> Alias:
              hdfs://hadoop-02.uni.innopolis.ru:8020/user/team11/project/hive/warehouse/interactions_part/interaction_flag=0 [interactions_part]
              hdfs://hadoop-02.uni.innopolis.ru:8020/user/team11/project/hive/warehouse/interactions_part/interaction_flag=1 [interactions_part]
            Path -> Partition:
              hdfs://hadoop-02.uni.innopolis.ru:8020/user/team11/project/hive/warehouse/interactions_part/interaction_flag=0 
                Partition
                  base file name: interaction_flag=0
                  input format: org.apache.hadoop.hive.ql.io.orc.OrcInputFormat
                  output format: org.apache.hadoop.hive.ql.io.orc.OrcOutputFormat
                  partition values:
                    interaction_flag 0
                  properties:
                    COLUMN_STATS_ACCURATE {"BASIC_STATS":"true","COLUMN_STATS":{"id":"true","item_id":"true","ts":"true","user_id":"true"}}
                    bucket_count 11
                    bucket_field_name user_id
                    file.inputformat org.apache.hadoop.hive.ql.io.orc.OrcInputFormat
                    file.outputformat org.apache.hadoop.hive.ql.io.orc.OrcOutputFormat
                    location hdfs://hadoop-02.uni.innopolis.ru:8020/user/team11/project/hive/warehouse/interactions_part/interaction_flag=0
                    name team11_projectdb.interactions_part
                    numFiles 11
                    numRows 3525682
                    partition_columns interaction_flag
                    partition_columns.types int
                    rawDataSize 758021630
                    serialization.ddl struct interactions_part { i32 id, string user_id, string item_id, i64 ts}
                    serialization.format 1
                    serialization.lib org.apache.hadoop.hive.ql.io.orc.OrcSerde
                    totalSize 92283754
                    transient_lastDdlTime 1778427592
                  serde: org.apache.hadoop.hive.ql.io.orc.OrcSerde
                
                    input format: org.apache.hadoop.hive.ql.io.orc.OrcInputFormat
                    output format: org.apache.hadoop.hive.ql.io.orc.OrcOutputFormat
                    properties:
                      EXTERNAL TRUE
                      bucket_count 11
                      bucket_field_name user_id
                      bucketing_version 2
                      column.name.delimiter ,
                      columns id,user_id,item_id,ts
                      columns.comments 
                      columns.types int:string:string:bigint
                      file.inputformat org.apache.hadoop.hive.ql.io.orc.OrcInputFormat
                      file.outputformat org.apache.hadoop.hive.ql.io.orc.OrcOutputFormat
                      location hdfs://hadoop-02.uni.innopolis.ru:8020/user/team11/project/hive/warehouse/interactions_part
                      name team11_projectdb.interactions_part
                      orc.compress SNAPPY
                      partition_columns interaction_flag
                      partition_columns.types int
                      serialization.ddl struct interactions_part { i32 id, string user_id, string item_id, i64 ts}
                      serialization.format 1
                      serialization.lib org.apache.hadoop.hive.ql.io.orc.OrcSerde
                      transient_lastDdlTime 1778427556
                    serde: org.apache.hadoop.hive.ql.io.orc.OrcSerde
                    name: team11_projectdb.interactions_part
                  name: team11_projectdb.interactions_part
              hdfs://hadoop-02.uni.innopolis.ru:8020/user/team11/project/hive/warehouse/interactions_part/interaction_flag=1 
                Partition
                  base file name: interaction_flag=1
                  input format: org.apache.hadoop.hive.ql.io.orc.OrcInputFormat
                  output format: org.apache.hadoop.hive.ql.io.orc.OrcOutputFormat
                  partition values:
                    interaction_flag 1
                  properties:
                    COLUMN_STATS_ACCURATE {"BASIC_STATS":"true","COLUMN_STATS":{"id":"true","item_id":"true","ts":"true","user_id":"true"}}
                    bucket_count 11
                    bucket_field_name user_id
                    file.inputformat org.apache.hadoop.hive.ql.io.orc.OrcInputFormat
                    file.outputformat org.apache.hadoop.hive.ql.io.orc.OrcOutputFormat
                    location hdfs://hadoop-02.uni.innopolis.ru:8020/user/team11/project/hive/warehouse/interactions_part/interaction_flag=1
                    name team11_projectdb.interactions_part
                    numFiles 11
                    numRows 8282872
                    partition_columns interaction_flag
                    partition_columns.types int
                    rawDataSize 1780817480
                    serialization.ddl struct interactions_part { i32 id, string user_id, string item_id, i64 ts}
                    serialization.format 1
                    serialization.lib org.apache.hadoop.hive.ql.io.orc.OrcSerde
                    totalSize 72156538
                    transient_lastDdlTime 1778427592
                  serde: org.apache.hadoop.hive.ql.io.orc.OrcSerde
                
                    input format: org.apache.hadoop.hive.ql.io.orc.OrcInputFormat
                    output format: org.apache.hadoop.hive.ql.io.orc.OrcOutputFormat
                    properties:
                      EXTERNAL TRUE
                      bucket_count 11
                      bucket_field_name user_id
                      bucketing_version 2
                      column.name.delimiter ,
                      columns id,user_id,item_id,ts
                      columns.comments 
                      columns.types int:string:string:bigint
                      file.inputformat org.apache.hadoop.hive.ql.io.orc.OrcInputFormat
                      file.outputformat org.apache.hadoop.hive.ql.io.orc.OrcOutputFormat
                      location hdfs://hadoop-02.uni.innopolis.ru:8020/user/team11/project/hive/warehouse/interactions_part
                      name team11_projectdb.interactions_part
                      orc.compress SNAPPY
                      partition_columns interaction_flag
                      partition_columns.types int
                      serialization.ddl struct interactions_part { i32 id, string user_id, string item_id, i64 ts}
                      serialization.format 1
                      serialization.lib org.apache.hadoop.hive.ql.io.orc.OrcSerde
                      transient_lastDdlTime 1778427556
                    serde: org.apache.hadoop.hive.ql.io.orc.OrcSerde
                    name: team11_projectdb.interactions_part
                  name: team11_projectdb.interactions_part
            Truncated Path -> Alias:
              hdfs://hadoop-02.uni.innopolis.ru:8020/user/team11/project/hive/warehouse/interactions_part/interaction_flag=0 [interactions_part]
              hdfs://hadoop-02.uni.innopolis.ru:8020/user/team11/project/hive/warehouse/interactions_part/interaction_flag=1 [interactions_part]
        Reducer 2 
            Execution mode: vectorized
            Needs Tagging: false
            Reduce Operator Tree:
              Group By Operator
                aggregations: count(VALUE._col0)
                mode: mergepartial
                outputColumnNames: _col0
                Statistics: Num rows: 1 Data size: 8 Basic stats: COMPLETE Column stats: NONE
                Select Operator
                  expressions: 'interactions_part' (type: string), _col0 (type: bigint)
                  outputColumnNames: _col0, _col1
                  Statistics: Num rows: 1 Data size: 8 Basic stats: COMPLETE Column stats: NONE
                  File Output Operator
                    compressed: true
                    GlobalTableId: 0
                    directory: hdfs://hadoop-02.uni.innopolis.ru:8020/tmp/hive/team11/60618785-290c-4039-96d8-5fbead9f38ea/hive_2026-05-10_18-39-59_818_5590759183248507890-2224/-mr-10001/.hive-staging_hive_2026-05-10_18-39-59_818_5590759183248507890-2224/-ext-10002
                    NumFilesPerFileSink: 1
                    Statistics: Num rows: 1 Data size: 8 Basic stats: COMPLETE Column stats: NONE
                    Stats Publishing Key Prefix: hdfs://hadoop-02.uni.innopolis.ru:8020/tmp/hive/team11/60618785-290c-4039-96d8-5fbead9f38ea/hive_2026-05-10_18-39-59_818_5590759183248507890-2224/-mr-10001/.hive-staging_hive_2026-05-10_18-39-59_818_5590759183248507890-2224/-ext-10002/
                    table:
                        input format: org.apache.hadoop.mapred.SequenceFileInputFormat
                        output format: org.apache.hadoop.hive.ql.io.HiveSequenceFileOutputFormat
                        properties:
                          columns _col0,_col1
                          columns.types string:bigint
                          escape.delim \
                          hive.serialization.extend.additional.nesting.levels true
                          serialization.escape.crlf true
                          serialization.format 1
                          serialization.lib org.apache.hadoop.hive.serde2.lazy.LazySimpleSerDe
                        serde: org.apache.hadoop.hive.serde2.lazy.LazySimpleSerDe
                    TotalFiles: 1
                    GatherStats: false
                    MultiFileSpray: false

  Stage: Stage-0
    Fetch Operator
      limit: -1
      Processor Tree:
        ListSink


INFO  : Completed compiling command(queryId=hive_20260510183959_fd342322-7345-471e-b029-473c3dee73b8); Time taken: 0.386 seconds
INFO  : Executing command(queryId=hive_20260510183959_fd342322-7345-471e-b029-473c3dee73b8): SELECT 'interactions_part' AS metric, COUNT(*) AS value FROM interactions_part
INFO  : Query ID = hive_20260510183959_fd342322-7345-471e-b029-473c3dee73b8
INFO  : Total jobs = 1
INFO  : Launching Job 1 out of 1
INFO  : Starting task [Stage-1:MAPRED] in serial mode
INFO  : Subscribed to counters: [] for queryId: hive_20260510183959_fd342322-7345-471e-b029-473c3dee73b8
INFO  : Session is already open
INFO  : Dag name: SELECT 'interactions_par...interactions_part (Stage-1)
INFO  : Status: Running (Executing on YARN cluster with App id application_1777989965680_4792)

[2K----------------------------------------------------------------------------------------------
[2K[36;1m        VERTICES      MODE        STATUS  TOTAL  COMPLETED  RUNNING  PENDING  FAILED  KILLED  
[22;0m[2K----------------------------------------------------------------------------------------------
[2KMap 1 ........   container       RUNNING      5          4        1        0       0       0  
Reducer 2        container       RUNNING      1          0        1        0       0       0  
[2K----------------------------------------------------------------------------------------------
[2K[31;1mVERTICES: 00/02  [=================>>---------] 66%   ELAPSED TIME: 1.38 s     
[22;0m[2K----------------------------------------------------------------------------------------------
[8A[2K----------------------------------------------------------------------------------------------
[2K[36;1m        VERTICES      MODE        STATUS  TOTAL  COMPLETED  RUNNING  PENDING  FAILED  KILLED  
[22;0m[2K----------------------------------------------------------------------------------------------
[2KMap 1 .......... container     SUCCEEDED      5          5        0        0       0       0  
Reducer 2 ...... container     SUCCEEDED      1          1        0        0       0       0  
[2K----------------------------------------------------------------------------------------------
[2K[31;1mVERTICES: 02/02  [==========================>>] 100%  ELAPSED TIME: 1.82 s     
[22;0m[2K----------------------------------------------------------------------------------------------
INFO  : Completed executing command(queryId=hive_20260510183959_fd342322-7345-471e-b029-473c3dee73b8); Time taken: 1.912 seconds
INFO  : OK
1 row selected (2.353 seconds)
Closing: 0: jdbc:hive2://hadoop-03.uni.innopolis.ru:10001
